,phi0,phi2,Phi0,Phi2,phi_ref
0,9.898459348844298e-11,-2.680398118960429e-14,9.893098552606377e-11,-2.680398118960429e-14,1.025257369581323e-10
1,1.0839481266820229e-10,-3.765558875554822e-14,1.0831950149069119e-10,-3.765558875554822e-14,1.1253104518019567e-10
2,1.184010386419846e-10,-3.5831604193239524e-14,1.1832937543359813e-10,-3.5831604193239524e-14,1.231764180892341e-10
3,1.2917396054107827e-10,-3.5773928517069566e-14,1.2910241268404414e-10,-3.5773928517069566e-14,1.346585529755717e-10
4,1.378730999381232e-10,-3.625920519741065e-14,1.3780058152772838e-10,-3.625920519741065e-14,1.4698907828893949e-10
5,1.435667933514269e-10,-3.6889903567968107e-14,1.4349301354429098e-10,-3.6889903567968107e-14,1.5288424003701366e-10
6,1.490407194606447e-10,-3.697342861819006e-14,1.4896677260340833e-10,-3.697342861819006e-14,1.5851290934950296e-10
7,1.5421183708665448e-10,-3.701739417651289e-14,1.5413780229830145e-10,-3.701739417651289e-14,1.6374070072464929e-10
8,1.5903690347769445e-10,-3.717809301608091e-14,1.589625472916623e-10,-3.717809301608091e-14,1.6846208746424775e-10
9,1.636638498739926e-10,-3.721269694553225e-14,1.6358942448010153e-10,-3.721269694553225e-14,1.7305984641414785e-10
10,1.683042501208967e-10,-3.730899819285618e-14,1.68229632124511e-10,-3.730899819285618e-14,1.7763853747200564e-10
11,1.7337124684214736e-10,-3.741804047608712e-14,1.732964107611952e-10,-3.741804047608712e-14,1.8267755227354094e-10
12,1.7843918645268047e-10,-3.7489496367013013e-14,1.7836420745994644e-10,-3.7489496367013013e-14,1.877342804249791e-10
13,1.8349520996838381e-10,-3.756914631162292e-14,1.8342007167576057e-10,-3.756914631162292e-14,1.9278732808960279e-10
14,1.8855722807830931e-10,-3.762864499972863e-14,1.8848197078830986e-10,-3.762864499972863e-14,1.9784994058727472e-10
15,1.9361008982291087e-10,-3.765202698337582e-14,1.9353478576894412e-10,-3.765202698337582e-14,2.029052380363283e-10
16,1.9895082915514683e-10,-3.777484375850106e-14,1.9887527946762982e-10,-3.777484375850106e-14,2.0822553272282397e-10
17,2.046624632933327e-10,-3.7904887430091704e-14,2.045866535184725e-10,-3.7904887430091704e-14,2.1394630798510918e-10
18,2.1038627266473413e-10,-3.8039582193831847e-14,2.1031019350034648e-10,-3.8039582193831847e-14,2.1968031308174698e-10
19,2.1612244875826291e-10,-3.8065252013949685e-14,2.1604631825423502e-10,-3.8065252013949685e-14,2.2542803013875384e-10
20,2.2188484358337267e-10,-3.7974971115489056e-14,2.2180889364114168e-10,-3.7974971115489056e-14,2.311954154022459e-10
21,2.276204488005604e-10,-3.8099554814626145e-14,2.2754424969093116e-10,-3.8099554814626145e-14,2.369230422267259e-10
22,2.3398979747579645e-10,-3.825812837060827e-14,2.3391328121905526e-10,-3.825812837060827e-14,2.433052560573812e-10
23,2.4058477922234456e-10,-3.8403609628667766e-14,2.405079720030872e-10,-3.8403609628667766e-14,2.499209630518634e-10
24,2.471863897548324e-10,-3.8468289284467866e-14,2.4710945317626345e-10,-3.8468289284467866e-14,2.56543742227686e-10
25,2.5383186546207697e-10,-3.8579367501577155e-14,2.537547067270738e-10,-3.8579367501577155e-14,2.632150332217631e-10
26,2.604566590389228e-10,-3.865095603870844e-14,2.6037935712684535e-10,-3.865095603870844e-14,2.6984772349112485e-10
27,2.670971557705154e-10,-3.8729016436799216e-14,2.670196977376418e-10,-3.8729016436799216e-14,2.7651472899935097e-10
28,2.7455393849407305e-10,-3.888918768809639e-14,2.744761601186969e-10,-3.888918768809639e-14,2.8398043721887214e-10
29,2.819965532069482e-10,-3.896969956437008e-14,2.8191861380781946e-10,-3.896969956437008e-14,2.9145344451919155e-10
30,2.8948141860109436e-10,-3.906204742193878e-14,2.8940329450625046e-10,-3.906204742193878e-14,2.9896971083545754e-10
31,2.970031690864847e-10,-3.911863446392228e-14,2.9692493181755686e-10,-3.911863446392228e-14,3.0652193327288884e-10
32,3.044995939200236e-10,-3.92875447062658e-14,3.044210188306111e-10,-3.92875447062658e-14,3.1402257364347406e-10
33,3.1236074991079635e-10,-3.93133107069535e-14,3.1228212328938247e-10,-3.93133107069535e-14,3.218995078220274e-10
34,3.2075214104646074e-10,-3.945654539873269e-14,3.206732279556633e-10,-3.945654539873269e-14,3.3032336203810037e-10
35,3.2913088000267616e-10,-3.957735851762071e-14,3.290517252856409e-10,-3.957735851762071e-14,3.3876248869448964e-10
36,3.3758019245649306e-10,-3.97059786593513e-14,3.375007804991744e-10,-3.97059786593513e-14,3.472510852256458e-10
37,3.4606108371438774e-10,-3.983929234336194e-14,3.45981405129701e-10,-3.983929234336194e-14,3.5573122265129463e-10
38,3.544713347202091e-10,-3.991808242983274e-14,3.5439149855534945e-10,-3.991808242983274e-14,3.6418034404115877e-10
39,3.6366417105097927e-10,-4.009292018024645e-14,3.6358398521061876e-10,-4.009292018024645e-14,3.733756271185198e-10
40,3.729609745809185e-10,-4.0159744309607545e-14,3.728806550922993e-10,-4.0159744309607545e-14,3.827423348956158e-10
41,3.8233227043626983e-10,-4.0275010015777675e-14,3.822517204162383e-10,-4.0275010015777675e-14,3.9212481884816356e-10
42,3.9169216139886093e-10,-4.03957345783453e-14,3.9161136992970423e-10,-4.03957345783453e-14,4.0156552495216876e-10
43,4.0108397920862904e-10,-4.0528242901921674e-14,4.010029227228252e-10,-4.0528242901921674e-14,4.1094925044165353e-10
44,4.104675284221866e-10,-4.06348572962782e-14,4.103862587075941e-10,-4.06348572962782e-14,4.203830399813554e-10
45,4.209359269664697e-10,-4.074182827396423e-14,4.208544433099218e-10,-4.074182827396423e-14,4.308649331063653e-10
46,4.3130855409824917e-10,-4.088265775297077e-14,4.3122678878274323e-10,-4.088265775297077e-14,4.4131985150411357e-10
47,4.418026758178509e-10,-4.099908837296146e-14,4.4172067764110494e-10,-4.099908837296146e-14,4.518280266455214e-10
48,4.5226485933016603e-10,-4.116566958521124e-14,4.521825279909956e-10,-4.116566958521124e-14,4.6238086003373864e-10
49,4.6276052455764565e-10,-4.1210628224567415e-14,4.626781033011965e-10,-4.1210628224567415e-14,4.728562312492811e-10
50,4.736096864613175e-10,-4.1396920764175944e-14,4.735268926197891e-10,-4.1396920764175944e-14,4.837777608784405e-10
51,4.852070656044722e-10,-4.153003966618034e-14,4.851240055251399e-10,-4.153003966618034e-14,4.954323666528005e-10
52,4.968380419591152e-10,-4.1718417543392956e-14,4.967546051240284e-10,-4.1718417543392956e-14,5.070762278777607e-10
53,5.084379176609094e-10,-4.1840262596876015e-14,5.083542371357157e-10,-4.1840262596876015e-14,5.18778683772918e-10
54,5.201441765533516e-10,-4.1994442140108615e-14,5.200601876690714e-10,-4.1994442140108615e-14,5.30491567275508e-10
55,5.316479921321619e-10,-4.208316625771448e-14,5.315638257996465e-10,-4.208316625771448e-14,5.420680130981116e-10
56,5.441277235811679e-10,-4.2228978406895674e-14,5.44043265624354e-10,-4.2228978406895674e-14,5.545622840958595e-10
57,5.569167745607055e-10,-4.2399833034838085e-14,5.568319748946357e-10,-4.2399833034838085e-14,5.674723753988386e-10
58,5.697851348265249e-10,-4.248504958095027e-14,5.69700164727363e-10,-4.248504958095027e-14,5.803666517989291e-10
59,5.826222944394042e-10,-4.271452534895198e-14,5.825368653887063e-10,-4.271452534895198e-14,5.933292972895997e-10
60,5.955962159235968e-10,-4.287225504291342e-14,5.955104714135109e-10,-4.287225504291342e-14,6.063023275769349e-10
61,6.084458635875875e-10,-4.2978393503034665e-14,6.083599068005815e-10,-4.2978393503034665e-14,6.19237161740761e-10
62,6.226066972144177e-10,-4.314271316903353e-14,6.225204117880796e-10,-4.314271316903353e-14,6.33418233401802e-10
63,6.366651927937462e-10,-4.333175901412802e-14,6.365785292757179e-10,-4.333175901412802e-14,6.475993967411909e-10
64,6.507704364094465e-10,-4.3520339113512656e-14,6.506833957312195e-10,-4.3520339113512656e-14,6.617161575906087e-10
65,6.648592465888844e-10,-4.364179301289008e-14,6.647719630028586e-10,-4.364179301289008e-14,6.758737174267769e-10
66,6.789010341474249e-10,-4.380955371746196e-14,6.7881341503999e-10,-4.380955371746196e-14,6.900049802764141e-10
67,6.93471319507472e-10,-4.397795115983905e-14,6.933833636051524e-10,-4.397795115983905e-14,7.045620127053765e-10
68,7.0888870526493e-10,-4.417788874085294e-14,7.088003494874483e-10,-4.417788874085294e-14,7.200554043600701e-10
69,7.242995858052462e-10,-4.4301815496886324e-14,7.242109821742525e-10,-4.4301815496886324e-14,7.356105223210851e-10
70,7.398264728467591e-10,-4.456060722186966e-14,7.397373516323154e-10,-4.456060722186966e-14,7.511642505985e-10
71,7.553044388005106e-10,-4.466654038283153e-14,7.552151057197449e-10,-4.466654038283153e-14,7.667233014000828e-10
72,7.708093589786734e-10,-4.487634671835714e-14,7.707196062852366e-10,-4.487634671835714e-14,7.822833623561018e-10
73,7.872411502779117e-10,-4.507010656388838e-14,7.871510100647839e-10,-4.507010656388838e-14,7.988720772317789e-10
74,8.042769103951358e-10,-4.5300721765732926e-14,8.041863089516044e-10,-4.5300721765732926e-14,8.15940523631954e-10
75,8.213210418032711e-10,-4.5508128707758686e-14,8.212300255458556e-10,-4.5508128707758686e-14,8.330857268415869e-10
76,8.38430983483661e-10,-4.573863091564603e-14,8.383395062218297e-10,-4.573863091564603e-14,8.503017527818489e-10
77,8.553753256735144e-10,-4.596189495397427e-14,8.552834018836065e-10,-4.596189495397427e-14,8.673917540983543e-10
78,8.724808216621377e-10,-4.611708877707633e-14,8.723885874845835e-10,-4.611708877707633e-14,8.844763689321608e-10
79,8.910772045426588e-10,-4.6380511349831516e-14,8.909844435199591e-10,-4.6380511349831516e-14,9.031773855640212e-10
80,9.096392168668846e-10,-4.6583885786711654e-14,9.095460490953111e-10,-4.6583885786711654e-14,9.218410132844517e-10
81,9.281535935199531e-10,-4.6815272028535846e-14,9.28059962975896e-10,-4.6815272028535846e-14,9.405451809496685e-10
82,9.469069837880508e-10,-4.705172371812404e-14,9.468128803406145e-10,-4.705172371812404e-14,9.59332585998257e-10
83,9.655703725896866e-10,-4.73404346580979e-14,9.654756917203703e-10,-4.73404346580979e-14,9.780583382569916e-10
84,9.84605678789624e-10,-4.760169684696918e-14,9.8451047539593e-10,-4.760169684696918e-14,9.972609855944557e-10
85,1.0049217896369812e-09,-4.7864016756414116e-14,1.0048260616034685e-09,-4.7864016756414116e-14,1.0176066357657974e-09
86,1.0252325381159133e-09,-4.810376733037749e-14,1.0251363305812526e-09,-4.810376733037749e-14,1.0380305805225553e-09
87,1.0455246176383297e-09,-4.838214935965128e-14,1.0454278533396103e-09,-4.838214935965128e-14,1.058448196297314e-09
88,1.0657943297690077e-09,-4.8671224200239974e-14,1.0656969873206073e-09,-4.8671224200239974e-14,1.0789293613306424e-09
89,1.0862870739415931e-09,-4.8926860305830427e-14,1.0861892202209815e-09,-4.8926860305830427e-14,1.0994090112512753e-09
90,1.107750143029719e-09,-4.9204809973909997e-14,1.107651733409771e-09,-4.9204809973909997e-14,1.1209873917494794e-09
91,1.1298121683256835e-09,-4.951795577680085e-14,1.1297131324141298e-09,-4.951795577680085e-14,1.1431826993603276e-09
92,1.1518618961312033e-09,-4.9790008295129595e-14,1.151762316114613e-09,-4.9790008295129595e-14,1.1654708328694741e-09
93,1.174209230112252e-09,-5.0105824429948967e-14,1.174109018463392e-09,-5.0105824429948967e-14,1.1878581852247826e-09
94,1.1963064474001501e-09,-5.040995924701826e-14,1.196205627481656e-09,-5.040995924701826e-14,1.2100573027492928e-09
95,1.2183906859607585e-09,-5.069208137849686e-14,1.2182893017980015e-09,-5.069208137849686e-14,1.2322205465274582e-09
96,1.24218146663272e-09,-5.106358809029863e-14,1.2420793394565395e-09,-5.106358809029863e-14,1.2562618281197259e-09
97,1.2662178109071485e-09,-5.134760310919816e-14,1.2661151157009301e-09,-5.134760310919816e-14,1.280324795803555e-09
98,1.2900859413704904e-09,-5.166359442703534e-14,1.2899826141816362e-09,-5.166359442703534e-14,1.3043359987589299e-09
99,1.3139240598312e-09,-5.2002604730615686e-14,1.3138200546217388e-09,-5.2002604730615686e-14,1.3284477790432837e-09
100,1.3380446788450785e-09,-5.2303283093733435e-14,1.337940072278891e-09,-5.2303283093733435e-14,1.3525437305462761e-09
101,1.3624900299240097e-09,-5.267053784140474e-14,1.3623846888483268e-09,-5.267053784140474e-14,1.3770893842569376e-09
102,1.3882142509989995e-09,-5.2992059311116207e-14,1.3881082668803773e-09,-5.2992059311116207e-14,1.4029648941242451e-09
103,1.4139029084258414e-09,-5.3344621607214105e-14,1.413796219182627e-09,-5.3344621607214105e-14,1.4289338928419576e-09
104,1.4399274980487217e-09,-5.371520165270325e-14,1.4398200676454163e-09,-5.371520165270325e-14,1.4549893317750163e-09
105,1.465704394085365e-09,-5.404051356578057e-14,1.4655963130582334e-09,-5.404051356578057e-14,1.4809085389488066e-09
106,1.4915031575790873e-09,-5.4378144830178723e-14,1.4913944012894268e-09,-5.4378144830178723e-14,1.5068055858380226e-09
107,1.5184084747488112e-09,-5.471439321559531e-14,1.51829904596238e-09,-5.471439321559531e-14,1.5339873506231306e-09
108,1.5462348061648921e-09,-5.511468288360046e-14,1.546124576799125e-09,-5.511468288360046e-14,1.561833834649231e-09
109,1.5737523523636816e-09,-5.546944179763213e-14,1.5736414134800864e-09,-5.546944179763213e-14,1.5895067014186834e-09
110,1.6013498289151993e-09,-5.5847214070786546e-14,1.6012381344870577e-09,-5.5847214070786546e-14,1.6172660909462734e-09
111,1.6288451787024175e-09,-5.615799629429294e-14,1.628732862709829e-09,-5.615799629429294e-14,1.6450327259692473e-09
112,1.6566137645607936e-09,-5.655109944181141e-14,1.65650066236191e-09,-5.655109944181141e-14,1.672749961700753e-09
113,1.6861260280975187e-09,-5.697028753742702e-14,1.6860120875224438e-09,-5.697028753742702e-14,1.7024326753829155e-09
114,1.7158114861225604e-09,-5.730904825544333e-14,1.7156968680260496e-09,-5.730904825544333e-14,1.7322936197140565e-09
115,1.7454429967341218e-09,-5.772068725902322e-14,1.7453275553596037e-09,-5.772068725902322e-14,1.7622671402294132e-09
116,1.7751073213424283e-09,-5.812735125393569e-14,1.7749910666399203e-09,-5.812735125393569e-14,1.791948131471134e-09
117,1.8043206464712227e-09,-5.844469134287393e-14,1.804203757088537e-09,-5.844469134287393e-14,1.82125508865428e-09
118,1.8338624518044057e-09,-5.877989745849263e-14,1.8337448920094887e-09,-5.877989745849263e-14,1.8510710416997093e-09
119,1.8651761155745875e-09,-5.919030988449238e-14,1.8650577349548187e-09,-5.919030988449238e-14,1.8823621703377305e-09
120,1.8961686273212343e-09,-5.95385777183776e-14,1.8960495501657973e-09,-5.95385777183776e-14,1.913496813069468e-09
121,1.9271405801314366e-09,-5.99124153203023e-14,1.927020755300796e-09,-5.99124153203023e-14,1.9446330368367815e-09
122,1.95798571231553e-09,-6.027581828463773e-14,1.9578651606789605e-09,-6.027581828463773e-14,1.975813917291697e-09
123,1.989189458673637e-09,-6.063056927923602e-14,1.9890681975350786e-09,-6.063056927923602e-14,2.006941865543883e-09
124,2.021658683243175e-09,-6.106510036408864e-14,2.021536553042447e-09,-6.106510036408864e-14,2.0397490758645702e-09
125,2.055466391466361e-09,-6.152100626031619e-14,2.0553433494538402e-09,-6.152100626031619e-14,2.073549276401157e-09
126,2.088975934436534e-09,-6.200236730614099e-14,2.0888519297019217e-09,-6.200236730614099e-14,2.1074260583191924e-09
127,2.1229483626946775e-09,-6.243497737854116e-14,2.1228234927399203e-09,-6.243497737854116e-14,2.1413863414145314e-09
128,2.1563686973986606e-09,-6.285140634768699e-14,2.1562429945859653e-09,-6.285140634768699e-14,2.175152767905496e-09
129,2.189874952557957e-09,-6.329820119465399e-14,2.1897483561555676e-09,-6.329820119465399e-14,2.2087840164640577e-09
130,2.2256269407808274e-09,-6.380147937907338e-14,2.225499337822069e-09,-6.380147937907338e-14,2.244520188941277e-09
131,2.261189866155094e-09,-6.424813977315941e-14,2.2610613698755475e-09,-6.424813977315941e-14,2.2804840572396283e-09
132,2.296525401993758e-09,-6.469540235140331e-14,2.296396011189055e-09,-6.469540235140331e-14,2.3160105224261348e-09
133,2.3317588385785038e-09,-6.511234048305411e-14,2.3316286138975377e-09,-6.511234048305411e-14,2.351196132308537e-09
134,2.366529624768417e-09,-6.552093827716145e-14,2.3663985828918626e-09,-6.552093827716145e-14,2.3862816872499136e-09
135,2.4019783397840964e-09,-6.593461353572566e-14,2.401846470557025e-09,-6.593461353572566e-14,2.4218422644944876e-09
136,2.4392023861910853e-09,-6.641759885662158e-14,2.439069550993372e-09,-6.641759885662158e-14,2.4590134958280294e-09
137,2.476052763920386e-09,-6.686478926538301e-14,2.475919034341855e-09,-6.686478926538301e-14,2.496300413106349e-09
138,2.5134863951552866e-09,-6.728746839951196e-14,2.5133518202184874e-09,-6.728746839951196e-14,2.533727762861132e-09
139,2.5505837108246857e-09,-6.774340497945557e-14,2.550448224014727e-09,-6.774340497945557e-14,2.5712746509273346e-09
140,2.587932940059952e-09,-6.821503996856486e-14,2.587796509980015e-09,-6.821503996856486e-14,2.608799319489283e-09
141,2.6265730220915855e-09,-6.871648750640877e-14,2.6264355891165726e-09,-6.871648750640877e-14,2.6473878085698753e-09
142,2.6656534646688844e-09,-6.918353954301687e-14,2.665515097589798e-09,-6.918353954301687e-14,2.686931464300075e-09
143,2.7050583028000143e-09,-6.96407356372312e-14,2.70491902132874e-09,-6.96407356372312e-14,2.7265662070780315e-09
144,2.7448285918869814e-09,-7.011092976913271e-14,2.7446883700274433e-09,-7.011092976913271e-14,2.766299595462751e-09
145,2.783844569524128e-09,-7.059410800885988e-14,2.7837033813081104e-09,-7.059410800885988e-14,2.805727214212765e-09
146,2.82321246326372e-09,-7.105385287471194e-14,2.823070355557971e-09,-7.105385287471194e-14,2.8449378179429165e-09
147,2.864046684790354e-09,-7.154681599098717e-14,2.863903591158372e-09,-7.154681599098717e-14,2.886193532766395e-09
148,2.905314467099955e-09,-7.203011219114077e-14,2.9051704068755727e-09,-7.203011219114077e-14,2.9276345250890757e-09
149,2.9467494917187597e-09,-7.252167776092319e-14,2.9466044483632378e-09,-7.252167776092319e-14,2.968989537297368e-09
150,2.9874117346453046e-09,-7.299818380616614e-14,2.9872657382776923e-09,-7.299818380616614e-14,3.0101310131804122e-09
151,3.0283423322593745e-09,-7.347546811601668e-14,3.0281953813231424e-09,-7.347546811601668e-14,3.0512104373994494e-09
152,3.0700664228653004e-09,-7.393272532294189e-14,3.0699185574146543e-09,-7.393272532294189e-14,3.0927879386023815e-09
153,3.1129386003264884e-09,-7.443058977184887e-14,3.112789739146945e-09,-7.443058977184887e-14,3.1361602501880927e-09
154,3.1560328633708886e-09,-7.494195818471853e-14,3.155882979454519e-09,-7.494195818471853e-14,3.179480306002077e-09
155,3.199492877381609e-09,-7.546972342567689e-14,3.1993419379347577e-09,-7.546972342567689e-14,3.222851151352728e-09
156,3.24240713323039e-09,-7.596246026814831e-14,3.242255208309854e-09,-7.596246026814831e-14,3.2662713111868226e-09
157,3.285915765109087e-09,-7.642874485888879e-14,3.285762907619369e-09,-7.642874485888879e-14,3.3096208161410444e-09
158,3.3299176693858967e-09,-7.695039678496465e-14,3.3297637685923267e-09,-7.695039678496465e-14,3.3541135433560725e-09
159,3.374956142350697e-09,-7.74844245964687e-14,3.374801173501504e-09,-7.74844245964687e-14,3.399381494817806e-09
160,3.4203896579368603e-09,-7.800248792844165e-14,3.4202336529610036e-09,-7.800248792844165e-14,3.4447191041450535e-09
161,3.4652566941623307e-09,-7.85316370910473e-14,3.4650996308881485e-09,-7.85316370910473e-14,3.4901358833687443e-09
162,3.5104720828483277e-09,-7.904015807147058e-14,3.510314002532185e-09,-7.904015807147058e-14,3.5355606568546716e-09
163,3.555782999628795e-09,-7.953871013825836e-14,3.5556239222085183e-09,-7.953871013825836e-14,3.5806890877958514e-09
164,3.602281733291099e-09,-8.005488107613029e-14,3.602121623528947e-09,-8.005488107613029e-14,3.627741656706416e-09
165,3.6494152604971397e-09,-8.057789082881303e-14,3.649254104715482e-09,-8.057789082881303e-14,3.6751211632373924e-09
166,3.6969912348848745e-09,-8.111266535582084e-14,3.6968290095541628e-09,-8.111266535582084e-14,3.7225769800517194e-09
167,3.7439506060755e-09,-8.163978262282454e-14,3.743787326510254e-09,-8.163978262282454e-14,3.770134413438374e-09
168,3.7915252216930715e-09,-8.219168218434304e-14,3.791360838328703e-09,-8.219168218434304e-14,3.8174768764371136e-09
169,3.838694453313382e-09,-8.270348843890016e-14,3.838529046336504e-09,-8.270348843890016e-14,3.865077817722834e-09
170,3.887784017793152e-09,-8.327739625642135e-14,3.887617463000639e-09,-8.327739625642135e-14,3.914310022174187e-09
171,3.937143899606624e-09,-8.381239654431701e-14,3.9369762748135355e-09,-8.381239654431701e-14,3.963417081426029e-09
172,3.985709470739267e-09,-8.43841739184213e-14,3.98554070239143e-09,-8.43841739184213e-14,4.012527228803489e-09
173,4.034267104387251e-09,-8.490929700847183e-14,4.034097285793234e-09,-8.490929700847183e-14,4.061281502320341e-09
174,4.083139204544599e-09,-8.546165787565722e-14,4.082968281228847e-09,-8.546165787565722e-14,4.109886119141292e-09
175,4.132392265700842e-09,-8.600475054178031e-14,4.1322202561997585e-09,-8.600475054178031e-14,4.159692544848869e-09
176,4.1834571661717866e-09,-8.656116150961042e-14,4.183284043848767e-09,-8.656116150961042e-14,4.210583207096041e-09
177,4.233814645738258e-09,-8.71278254023478e-14,4.233640390087453e-09,-8.71278254023478e-14,4.2615508510085585e-09
178,4.28407463446505e-09,-8.768112036411915e-14,4.283899272224321e-09,-8.768112036411915e-14,4.3120473696972485e-09
179,4.334709979025669e-09,-8.823484115397877e-14,4.334533509343361e-09,-8.823484115397877e-14,4.362467745229038e-09
180,4.384476743155948e-09,-8.875684103248543e-14,4.384299229473883e-09,-8.875684103248543e-14,4.412784210208898e-09
181,4.436577853581307e-09,-8.934338853600381e-14,4.436399166804235e-09,-8.934338853600381e-14,4.465112506094849e-09
182,4.489474773331319e-09,-8.987330306777179e-14,4.4892950267251835e-09,-8.987330306777179e-14,4.5178200718511265e-09
183,4.541596141073779e-09,-9.045918381738669e-14,4.541415222706144e-09,-9.045918381738669e-14,4.570567054772363e-09
184,4.594131849981695e-09,-9.102959226734283e-14,4.59394979079716e-09,-9.102959226734283e-14,4.623327427380147e-09
185,4.647074548578576e-09,-9.164298717786215e-14,4.64689126260422e-09,-9.164298717786215e-14,4.6759603587555394e-09
186,4.699448452365611e-09,-9.223662310923463e-14,4.699263979119392e-09,-9.223662310923463e-14,4.728889853159546e-09
187,4.754493122912738e-09,-9.280987339529739e-14,4.754307503165948e-09,-9.280987339529739e-14,4.783718397622339e-09
188,4.8083021732613035e-09,-9.337686146052414e-14,4.808115419538383e-09,-9.337686146052414e-14,4.838172914033477e-09
189,4.862331741161496e-09,-9.399004596878397e-14,4.862143761069559e-09,-9.399004596878397e-14,4.892433652634055e-09
190,4.916850738663496e-09,-9.454526044377488e-14,4.916661648142609e-09,-9.454526044377488e-14,4.946714687782019e-09
191,4.970420984337923e-09,-9.512851602241839e-14,4.970230727305878e-09,-9.512851602241839e-14,5.000890663984625e-09
192,5.0255075849628474e-09,-9.574417287124517e-14,5.025316096617105e-09,-9.574417287124517e-14,5.056194421355476e-09
193,5.082175405674567e-09,-9.632137828710179e-14,5.081982762917993e-09,-9.632137828710179e-14,5.112609359050891e-09
194,5.137918001992855e-09,-9.695045835465428e-14,5.1377241010761454e-09,-9.695045835465428e-14,5.169021671124822e-09
195,5.194102227418354e-09,-9.754592883200621e-14,5.19390713556069e-09,-9.754592883200621e-14,5.2254298343488695e-09
196,5.250764728681319e-09,-9.817491359442136e-14,5.250568378854131e-09,-9.817491359442136e-14,5.281757948188942e-09
197,5.3063423380807406e-09,-9.876246887146302e-14,5.306144813142998e-09,-9.876246887146302e-14,5.33795131902748e-09
198,5.364645988308151e-09,-9.937726432908717e-14,5.364447233779493e-09,-9.937726432908717e-14,5.395985033096698e-09
199,5.4217616646244935e-09,-1.0001495752330947e-13,5.421561634709447e-09,-1.0001495752330947e-13,5.453794658383098e-09
200,5.479311850223529e-09,-1.0063180584506175e-13,5.479110586611839e-09,-1.0063180584506175e-13,5.511577937316794e-09
201,5.5374081800533e-09,-1.01221100393988e-13,5.537205737852512e-09,-1.01221100393988e-13,5.56939757093253e-09
202,5.594470049373227e-09,-1.0184161362012461e-13,5.5942663661459866e-09,-1.0184161362012461e-13,5.6271361351392835e-09
203,5.652308877606579e-09,-1.0241655415142268e-13,5.652104044498276e-09,-1.0241655415142268e-13,5.6851809380626306e-09
204,5.712289981751358e-09,-1.0306145114655107e-13,5.712083858849065e-09,-1.0306145114655107e-13,5.744865023480787e-09
205,5.770898407858105e-09,-1.0369457056196126e-13,5.770691018716981e-09,-1.0369457056196126e-13,5.804225810735798e-09
206,5.830592023916949e-09,-1.0429164173676499e-13,5.8303834406334755e-09,-1.0429164173676499e-13,5.863625126330442e-09
207,5.889654877016709e-09,-1.0491558797141548e-13,5.8894450458407666e-09,-1.0491558797141548e-13,5.9233860738450356e-09
208,5.949419937269855e-09,-1.0558894852481373e-13,5.9492087593728054e-09,-1.0558894852481373e-13,5.983241673521989e-09
209,6.010617788709983e-09,-1.062338000902041e-13,6.010405321109802e-09,-1.062338000902041e-13,6.04399704160052e-09
210,6.0710935973670364e-09,-1.0685940088463933e-13,6.070879878565267e-09,-1.0685940088463933e-13,6.105123382713904e-09
211,6.131697996791276e-09,-1.075128340482421e-13,6.131482971123179e-09,-1.075128340482421e-13,6.165879027714164e-09
212,6.192833439490382e-09,-1.081552634651022e-13,6.192617128963452e-09,-1.081552634651022e-13,6.226612798994768e-09
213,6.252778902455008e-09,-1.0878302515607036e-13,6.252561336404696e-09,-1.0878302515607036e-13,6.28727066969487e-09
214,6.313167783536386e-09,-1.0941654706148249e-13,6.312948950442263e-09,-1.0941654706148249e-13,6.34782063145039e-09
215,6.375734078927238e-09,-1.1007351590245979e-13,6.3755139318954335e-09,-1.1007351590245979e-13,6.410000210551254e-09
216,6.437035005610547e-09,-1.1073037048029717e-13,6.436813544869587e-09,-1.1073037048029717e-13,6.472086625581789e-09
217,6.499444722452386e-09,-1.1135968691622541e-13,6.499222003078554e-09,-1.1135968691622541e-13,6.534125577317418e-09
218,6.5607148153244755e-09,-1.1198664130933161e-13,6.5604908420418564e-09,-1.1198664130933161e-13,6.596187972368052e-09
219,6.62251142325312e-09,-1.1263549895969567e-13,6.6222861522552e-09,-1.1263549895969567e-13,6.6581715698756075e-09
220,6.6851399009947284e-09,-1.1326216990681354e-13,6.684913376654915e-09,-1.1326216990681354e-13,6.7203800396101685e-09
221,6.748281337249936e-09,-1.1392609163402364e-13,6.7480534850666685e-09,-1.1392609163402364e-13,6.784361247280693e-09
222,6.811959881167946e-09,-1.1458208914249872e-13,6.8117307169896605e-09,-1.1458208914249872e-13,6.848232249167185e-09
223,6.876204811634621e-09,-1.1525753931266688e-13,6.875974296555995e-09,-1.1525753931266688e-13,6.91200074150281e-09
224,6.939091751279867e-09,-1.159187241889188e-13,6.938859913831489e-09,-1.159187241889188e-13,6.975645283960207e-09
225,7.003041264358679e-09,-1.165557683356012e-13,7.002808152822008e-09,-1.165557683356012e-13,7.039042453847583e-09
226,7.066437213166753e-09,-1.172147574931232e-13,7.0662027836517665e-09,-1.172147574931232e-13,7.1032059167299275e-09
227,7.131330109514158e-09,-1.1791842592634978e-13,7.131094272662306e-09,-1.1791842592634978e-13,7.1683172227210925e-09
228,7.196496243931006e-09,-1.1856861605031576e-13,7.196259106698906e-09,-1.1856861605031576e-13,7.2330411572758385e-09
229,7.260292058452156e-09,-1.1922574320708586e-13,7.2600536069657416e-09,-1.1922574320708586e-13,7.297683168058587e-09
230,7.324682229912484e-09,-1.1989297936409122e-13,7.324442443953755e-09,-1.1989297936409122e-13,7.36228403677592e-09
231,7.389695660367573e-09,-1.205327125856459e-13,7.389454594942402e-09,-1.205327125856459e-13,7.426779174668116e-09
232,7.454724539528595e-09,-1.2120648546352762e-13,7.454482126557667e-09,-1.2120648546352762e-13,7.492671816492116e-09
233,7.520751963536335e-09,-1.2187921230611736e-13,7.520508205111723e-09,-1.2187921230611736e-13,7.558952207006527e-09
234,7.587089048743671e-09,-1.2254698779467362e-13,7.586843954768082e-09,-1.2254698779467362e-13,7.624816714602218e-09
235,7.651714929840021e-09,-1.2319474811980831e-13,7.651468540343781e-09,-1.2319474811980831e-13,7.690319067493712e-09
236,7.717629562635004e-09,-1.2382775922140775e-13,7.71738190711656e-09,-1.2382775922140775e-13,7.755722858042967e-09
237,7.782308504062993e-09,-1.2446951295183617e-13,7.78205956503709e-09,-1.2446951295183617e-13,7.821212118764753e-09
238,7.849083954214668e-09,-1.251407237353154e-13,7.848833672767197e-09,-1.251407237353154e-13,7.888216973607136e-09
239,7.916574989959286e-09,-1.257743506992398e-13,7.916323441257886e-09,-1.257743506992398e-13,7.9552417560901e-09
240,7.982636550488108e-09,-1.2642294844413884e-13,7.98238370459122e-09,-1.2642294844413884e-13,8.022222470357962e-09
241,8.04882760046475e-09,-1.2706883076595186e-13,8.048573462803218e-09,-1.2706883076595186e-13,8.088650746766345e-09
242,8.115712140923198e-09,-1.277333918529351e-13,8.115456674139492e-09,-1.277333918529351e-13,8.154970326219102e-09
243,8.181815977948507e-09,-1.283711776397671e-13,8.181559235593228e-09,-1.283711776397671e-13,8.221960685692081e-09
244,8.24948747135006e-09,-1.2899981342764002e-13,8.249229471723205e-09,-1.2899981342764002e-13,8.289869190919871e-09
245,8.31718464029008e-09,-1.2967056263289985e-13,8.316925299164814e-09,-1.2967056263289985e-13,8.357795626069099e-09
246,8.385631835257296e-09,-1.3032686912895686e-13,8.385371181519038e-09,-1.3032686912895686e-13,8.425749482383075e-09
247,8.453567386911061e-09,-1.309847350067085e-13,8.453305417441048e-09,-1.309847350067085e-13,8.493812286244965e-09
248,8.520793148977631e-09,-1.3163566095979243e-13,8.520529877655712e-09,-1.3163566095979243e-13,8.561794939330284e-09
249,8.590270741540755e-09,-1.3234957555439947e-13,8.590006042389646e-09,-1.3234957555439947e-13,8.63056458891134e-09
250,8.659058003706062e-09,-1.3302561640612377e-13,8.65879195247325e-09,-1.3302561640612377e-13,8.69936096751507e-09
251,8.727592817748128e-09,-1.3369212091700966e-13,8.727325433506293e-09,-1.3369212091700966e-13,8.767978118984919e-09
252,8.79525830995234e-09,-1.3436798711941989e-13,8.794989573978101e-09,-1.3436798711941989e-13,8.836552601816233e-09
253,8.864370397508135e-09,-1.3506382877619606e-13,8.864100269850582e-09,-1.3506382877619606e-13,8.905042776241012e-09
254,8.93282665594239e-09,-1.3569942149773187e-13,8.932555257099394e-09,-1.3569942149773187e-13,8.9736431815937e-09
255,9.001214675896109e-09,-1.363784000415492e-13,9.000941919096026e-09,-1.363784000415492e-13,9.04300175388804e-09
256,9.071126876088478e-09,-1.3706354237388726e-13,9.07085274900373e-09,-1.3706354237388726e-13,9.112336154747366e-09
257,9.140274529411754e-09,-1.377161092382141e-13,9.139999097193278e-09,-1.377161092382141e-13,9.181650025961535e-09
258,9.208567838353545e-09,-1.3839598790271284e-13,9.20829104637774e-09,-1.3839598790271284e-13,9.250935822691193e-09
259,9.278389486450967e-09,-1.390621379416732e-13,9.278111362175085e-09,-1.390621379416732e-13,9.320146638077225e-09
260,9.347911247053893e-09,-1.397148848481339e-13,9.347631817284197e-09,-1.397148848481339e-13,9.389823575953686e-09
261,9.417487755080684e-09,-1.4040234504244744e-13,9.4172069503906e-09,-1.4040234504244744e-13,9.460324626680703e-09
262,9.488572790956324e-09,-1.4111240739624344e-13,9.488290566141532e-09,-1.4111240739624344e-13,9.53067769177178e-09
263,9.558625296727653e-09,-1.4178447319437873e-13,9.558341727781265e-09,-1.4178447319437873e-13,9.60074495062056e-09
264,9.627525426115754e-09,-1.424895633010344e-13,9.627240446989152e-09,-1.424895633010344e-13,9.670478891334632e-09
265,9.697787171331737e-09,-1.4316628140486274e-13,9.697500838768926e-09,-1.4316628140486274e-13,9.739999037854089e-09
266,9.76808131433943e-09,-1.4384431948505692e-13,9.767793625700461e-09,-1.4384431948505692e-13,9.810397607954709e-09
267,9.837764877409672e-09,-1.445221222405562e-13,9.837475833165191e-09,-1.445221222405562e-13,9.881078706776756e-09
268,9.908749346383237e-09,-1.452148557483117e-13,9.90845891667174e-09,-1.452148557483117e-13,9.951408418385486e-09
269,9.978593092767754e-09,-1.4590293119922618e-13,9.978301286905356e-09,-1.4590293119922618e-13,1.0021389271153389e-08
270,1.0048338121514487e-08,-1.4654638272070272e-13,1.0048045028749046e-08,-1.4654638272070272e-13,1.009127361850442e-08
271,1.0117225372242937e-08,-1.4723274679249165e-13,1.0116930906749352e-08,-1.4723274679249165e-13,1.0161127029834656e-08
272,1.0188852557039427e-08,-1.479118936503757e-13,1.0188556733252127e-08,-1.479118936503757e-13,1.023209134337654e-08
273,1.0259618559190735e-08,-1.485832420637399e-13,1.0259321392706607e-08,-1.485832420637399e-13,1.0303041578023655e-08
274,1.032950218551834e-08,-1.492592499391168e-13,1.0329203667018461e-08,-1.492592499391168e-13,1.0373983402847904e-08
275,1.0400976571164364e-08,-1.4993794873518873e-13,1.0400676695266894e-08,-1.4993794873518873e-13,1.0444807136583785e-08
276,1.0470405756512476e-08,-1.5057681711834692e-13,1.0470104602878239e-08,-1.5057681711834692e-13,1.0514330800686775e-08
277,1.0539342786885641e-08,-1.512093561836989e-13,1.0539040368173274e-08,-1.512093561836989e-13,1.0584277789029558e-08
278,1.061074728026462e-08,-1.5187175259814107e-13,1.0610443536759424e-08,-1.5187175259814107e-13,1.0654980352128263e-08
279,1.0681245468457058e-08,-1.525168308927617e-13,1.0680940434795272e-08,-1.525168308927617e-13,1.0725601118793988e-08
280,1.075077720177407e-08,-1.5316870441436364e-13,1.0750470864365243e-08,-1.5316870441436364e-13,1.0796208783097323e-08
281,1.0822038141618474e-08,-1.538153579601774e-13,1.0821730510902554e-08,-1.538153579601774e-13,1.086678302765921e-08
282,1.0892405682132572e-08,-1.5444782875309097e-13,1.0892096786475066e-08,-1.5444782875309097e-13,1.0937278497508385e-08
283,1.0961770927060653e-08,-1.5509829618615978e-13,1.096146073046828e-08,-1.5509829618615978e-13,1.1007672510384424e-08
284,1.1033146121488095e-08,-1.557414055722009e-13,1.1032834638676951e-08,-1.557414055722009e-13,1.1078269799393073e-08
285,1.1103485606035495e-08,-1.5637546869645315e-13,1.1103172855098103e-08,-1.5637546869645315e-13,1.114866578952557e-08
286,1.1172683528373893e-08,-1.5699160416813298e-13,1.1172369545165556e-08,-1.5699160416813298e-13,1.1218852613015462e-08
287,1.1243495821797152e-08,-1.5763966051383288e-13,1.1243180542476125e-08,-1.5763966051383288e-13,1.1288873627547959e-08
288,1.1313359666175803e-08,-1.5826801920249592e-13,1.1313043130137398e-08,-1.5826801920249592e-13,1.1358829493654315e-08
289,1.1384040572582638e-08,-1.588842469921227e-13,1.1383722804088653e-08,-1.588842469921227e-13,1.1429663819568419e-08
290,1.1453769368881421e-08,-1.5952055347304223e-13,1.1453450327774475e-08,-1.5952055347304223e-13,1.1500457922966922e-08
291,1.1525012084826605e-08,-1.601534407719637e-13,1.1524691777945062e-08,-1.601534407719637e-13,1.1570931004368625e-08
292,1.1595007409335072e-08,-1.607643710030849e-13,1.1594685880593065e-08,-1.607643710030849e-13,1.1641025318280466e-08
293,1.1663872820376147e-08,-1.6138945278501071e-13,1.1663550041470577e-08,-1.6138945278501071e-13,1.1710890770974603e-08
294,1.1734614983605977e-08,-1.620166326268269e-13,1.1734290950340723e-08,-1.620166326268269e-13,1.1780788987950467e-08
295,1.1804734722914794e-08,-1.6262459171349258e-13,1.1804409473731367e-08,-1.6262459171349258e-13,1.1850985124634507e-08
296,1.1873776872366507e-08,-1.6323503681536252e-13,1.1873450402292876e-08,-1.6323503681536252e-13,1.1921107349856023e-08
297,1.1944608578665142e-08,-1.6386668821476818e-13,1.1944280845288712e-08,-1.6386668821476818e-13,1.1991168196448742e-08
298,1.2014484748789728e-08,-1.6445913850181086e-13,1.2014155830512725e-08,-1.6445913850181086e-13,1.2061163400240124e-08
299,1.208303841787061e-08,-1.6506882724404182e-13,1.2082708280216122e-08,-1.6506882724404182e-13,1.2130799577853525e-08
300,1.2153652718954448e-08,-1.6568464185519547e-13,1.2153321349670738e-08,-1.6568464185519547e-13,1.2200630386421462e-08
301,1.2223637825265682e-08,-1.6627607579131567e-13,1.22233052731141e-08,-1.6627607579131567e-13,1.2270738287159299e-08
302,1.229256911915164e-08,-1.6688997388332894e-13,1.2292235339203873e-08,-1.6688997388332894e-13,1.2340778990789802e-08
303,1.2363330611584025e-08,-1.675105608143234e-13,1.2362995590462396e-08,-1.675105608143234e-13,1.2410768020012614e-08
304,1.2433129610623053e-08,-1.6808553717911457e-13,1.2432793439548694e-08,-1.6808553717911457e-13,1.2480693608182485e-08
305,1.2501872712030681e-08,-1.6869571780968818e-13,1.2501535320595061e-08,-1.6869571780968818e-13,1.2550548741611009e-08
306,1.2572827804159606e-08,-1.692949490274743e-13,1.257248921426155e-08,-1.692949490274743e-13,1.2620719920555335e-08
307,1.2642810018825602e-08,-1.6988646487601918e-13,1.264247024589585e-08,-1.6988646487601918e-13,1.2690829235788367e-08
308,1.271111501867314e-08,-1.7044491148620975e-13,1.2710774128850167e-08,-1.7044491148620975e-13,1.2760271252183824e-08
309,1.2781197878924823e-08,-1.7105566572311123e-13,1.2780855767593377e-08,-1.7105566572311123e-13,1.2829567267949689e-08
310,1.2850301063913545e-08,-1.7162658679058284e-13,1.2849957810739965e-08,-1.7162658679058284e-13,1.289879485228273e-08
311,1.2919471367590592e-08,-1.721824980616301e-13,1.2919127002594469e-08,-1.721824980616301e-13,1.296807952831078e-08
312,1.298782786155393e-08,-1.7275618551950185e-13,1.2987482349182891e-08,-1.7275618551950185e-13,1.3037445544715347e-08
313,1.3057842255427824e-08,-1.733470841505836e-13,1.3057495561259522e-08,-1.733470841505836e-13,1.3106527822330797e-08
314,1.3126611089880187e-08,-1.7389390076747632e-13,1.3126263302078653e-08,-1.7389390076747632e-13,1.3175313879411117e-08
315,1.319412610581081e-08,-1.744658810324887e-13,1.3193777174048744e-08,-1.744658810324887e-13,1.3243864347384245e-08
316,1.3263336815615558e-08,-1.7503029810387745e-13,1.326298675501935e-08,-1.7503029810387745e-13,1.3312207644330308e-08
317,1.3331405147587319e-08,-1.7556994728731338e-13,1.3331054007692744e-08,-1.7556994728731338e-13,1.338035463161933e-08
318,1.3398618807104233e-08,-1.7612369317880788e-13,1.3398266559717875e-08,-1.7612369317880788e-13,1.3448705930363938e-08
319,1.3467746748333854e-08,-1.7668414011015706e-13,1.3467393380053633e-08,-1.7668414011015706e-13,1.35170142756009e-08
320,1.3535888390158058e-08,-1.7721535556778624e-13,1.3535533959446923e-08,-1.7721535556778624e-13,1.358528896863756e-08
321,1.3602965255385989e-08,-1.777680588889032e-13,1.360260971926821e-08,-1.777680588889032e-13,1.3653533773937203e-08
322,1.367196867522818e-08,-1.7831606633881352e-13,1.3671612043095503e-08,-1.7831606633881352e-13,1.3721704540899483e-08
323,1.3740138187580714e-08,-1.7885624482896715e-13,1.3739780475091056e-08,-1.7885624482896715e-13,1.3789995014844927e-08
324,1.380720399892067e-08,-1.793847531932908e-13,1.3806845229414282e-08,-1.793847531932908e-13,1.3858215773632895e-08
325,1.387618996076278e-08,-1.7993296284540136e-13,1.3875830094837088e-08,-1.7993296284540136e-13,1.3926365073480205e-08
326,1.3942726060326777e-08,-1.804300345369161e-13,1.3942365200257702e-08,-1.804300345369161e-13,1.3992992278778697e-08
327,1.4008074192726766e-08,-1.809102139114088e-13,1.4007712372298942e-08,-1.809102139114088e-13,1.4059468637232323e-08
328,1.4076922937118492e-08,-1.8148825898569714e-13,1.407655996060052e-08,-1.8148825898569714e-13,1.4127342443624944e-08
329,1.414553453168083e-08,-1.8206036025414223e-13,1.4145170410960322e-08,-1.8206036025414223e-13,1.4195877707539001e-08
330,1.4213718866147933e-08,-1.8261480616424614e-13,1.4213353636535605e-08,-1.8261480616424614e-13,1.4264014029897106e-08
331,1.428051057851596e-08,-1.8319077462721136e-13,1.4280144196966706e-08,-1.8319077462721136e-13,1.4331738092911826e-08
332,1.4348980278660851e-08,-1.8376121454259437e-13,1.4348612756231767e-08,-1.8376121454259437e-13,1.4399229040448646e-08
333,1.4416271718360397e-08,-1.8431347331090018e-13,1.4415903091413776e-08,-1.8431347331090018e-13,1.4466597628445273e-08
334,1.4482632149720754e-08,-1.8487302275410932e-13,1.4482262403675246e-08,-1.8487302275410932e-13,1.4534079388237326e-08
335,1.4549584857510762e-08,-1.853848901690841e-13,1.4549214087730424e-08,-1.853848901690841e-13,1.460020338751305e-08
336,1.4614264976669172e-08,-1.8584904697004142e-13,1.4613893278575231e-08,-1.8584904697004142e-13,1.4665093878084124e-08
337,1.4678033741931177e-08,-1.8633226705302206e-13,1.467766107739707e-08,-1.8633226705302206e-13,1.4730144855814291e-08
338,1.4743983450316817e-08,-1.8681236818486486e-13,1.4743609825580447e-08,-1.8681236818486486e-13,1.479536213936311e-08
339,1.4809069923690977e-08,-1.8727302370297557e-13,1.480869537764357e-08,-1.8727302370297557e-13,1.4860643370819575e-08
340,1.487314369635358e-08,-1.8774485551340467e-13,1.4872768206642554e-08,-1.8774485551340467e-13,1.4925915191753198e-08
341,1.4939203302403684e-08,-1.8822841620646399e-13,1.493882684557127e-08,-1.8822841620646399e-13,1.499113170401626e-08
342,1.5004228954324284e-08,-1.8868215030080293e-13,1.500385159002368e-08,-1.8868215030080293e-13,1.505628144008488e-08
343,1.5068131297611678e-08,-1.8914252251872083e-13,1.506775301256664e-08,-1.8914252251872083e-13,1.512135810313156e-08
344,1.5134000367943024e-08,-1.8961575918306204e-13,1.513362113642466e-08,-1.8961575918306204e-13,1.5186358782261704e-08
345,1.5198697732126706e-08,-1.9007692723595242e-13,1.5198317578272235e-08,-1.9007692723595242e-13,1.5251251251636236e-08
346,1.5262593061797484e-08,-1.9051904867962192e-13,1.5262212023700124e-08,-1.9051904867962192e-13,1.5316463303984503e-08
347,1.5328727855782014e-08,-1.9101198089073608e-13,1.5328345831820233e-08,-1.9101198089073608e-13,1.538188090138014e-08
348,1.539408213165575e-08,-1.9147247741008856e-13,1.539369918670093e-08,-1.9147247741008856e-13,1.544751845449942e-08
349,1.545955613551322e-08,-1.919292740278815e-13,1.5459172276965164e-08,-1.919292740278815e-13,1.5513232072498515e-08
350,1.5524037856615453e-08,-1.9239151781981879e-13,1.5523653073579812e-08,-1.9239151781981879e-13,1.55789242431031e-08
351,1.5590348902655216e-08,-1.9286563100790694e-13,1.55899631713932e-08,-1.9286563100790694e-13,1.564439222439949e-08
352,1.565548514721787e-08,-1.9331248229682095e-13,1.5655098522253276e-08,-1.9331248229682095e-13,1.570969100168592e-08
353,1.5719517044667984e-08,-1.9377222737369555e-13,1.5719129500213237e-08,-1.9377222737369555e-13,1.5774920695839758e-08
354,1.578554242647108e-08,-1.9423177627399846e-13,1.578515396291853e-08,-1.9423177627399846e-13,1.5840079265457456e-08
355,1.5850293498701587e-08,-1.9466675063076683e-13,1.5849904165200325e-08,-1.9466675063076683e-13,1.5904953711953593e-08
356,1.5913587261120505e-08,-1.951057458695101e-13,1.5913197049628767e-08,-1.951057458695101e-13,1.596943551409599e-08
357,1.5978946500140655e-08,-1.9556000322437484e-13,1.5978555380134206e-08,-1.9556000322437484e-13,1.6033915597451645e-08
358,1.6043234264416934e-08,-1.9598752779533328e-13,1.6042842289361343e-08,-1.9598752779533328e-13,1.6098320195702088e-08
359,1.6106372865599875e-08,-1.9643652779421819e-13,1.6105979992544286e-08,-1.9643652779421819e-13,1.6162654770451884e-08
360,1.617152281598596e-08,-1.9686744152313832e-13,1.6171129081102916e-08,-1.9686744152313832e-13,1.6226934214763267e-08
361,1.6235622376389823e-08,-1.972956375397273e-13,1.6235227785114742e-08,-1.972956375397273e-13,1.6291162598873634e-08
362,1.629869315081548e-08,-1.9773388282001263e-13,1.629829768304984e-08,-1.9773388282001263e-13,1.6355433273029373e-08
363,1.636354417156583e-08,-1.9816907048817314e-13,1.6363147833424853e-08,-1.9816907048817314e-13,1.641939844648619e-08
364,1.642731362902831e-08,-1.9859306274451857e-13,1.6426916442902823e-08,-1.9859306274451857e-13,1.648328277652795e-08
365,1.6489918128440113e-08,-1.9900576854103436e-13,1.648952011690303e-08,-1.9900576854103436e-13,1.6547085767008848e-08
366,1.65537028138316e-08,-1.9944045729022879e-13,1.655330393291702e-08,-1.9944045729022879e-13,1.6609973071364325e-08
367,1.6616002310581192e-08,-1.998418985555816e-13,1.6615602626784082e-08,-1.998418985555816e-13,1.667238039208798e-08
368,1.6678122960664156e-08,-2.0022330170694272e-13,1.6677722514060742e-08,-2.0022330170694272e-13,1.6734633077943465e-08
369,1.67388189596308e-08,-2.0060678775997832e-13,1.6738417746055282e-08,-2.0060678775997832e-13,1.6796490520663203e-08
370,1.6801059874199092e-08,-2.009837329051344e-13,1.680065790673328e-08,-2.009837329051344e-13,1.6857810252442483e-08
371,1.6862152693725802e-08,-2.013439078155724e-13,1.686175000591017e-08,-2.013439078155724e-13,1.691902634608369e-08
372,1.692208328319671e-08,-2.017164278816044e-13,1.6921679850340946e-08,-2.017164278816044e-13,1.6980142115777882e-08
373,1.6984017573721833e-08,-2.0207759169606263e-13,1.6983613418538442e-08,-2.0207759169606263e-13,1.7041172864302608e-08
374,1.7044606226009333e-08,-2.0242480968497087e-13,1.7044201376389964e-08,-2.0242480968497087e-13,1.7101877546219027e-08
375,1.7104016981092697e-08,-2.0278611693887481e-13,1.710361140885882e-08,-2.0278611693887481e-13,1.7162491058840983e-08
376,1.7165458063534756e-08,-2.0314709514933533e-13,1.7165051769344457e-08,-2.0314709514933533e-13,1.7223036370190075e-08
377,1.7225467906516075e-08,-2.034818345214862e-13,1.722506094284703e-08,-2.034818345214862e-13,1.728323252897379e-08
378,1.7284041336394835e-08,-2.038235701202937e-13,1.7283633689254595e-08,-2.038235701202937e-13,1.7343172667400656e-08
379,1.7344878851139523e-08,-2.0416350594422062e-13,1.7344470524127633e-08,-2.0416350594422062e-13,1.7403290064553238e-08
380,1.7404723267532736e-08,-2.044902212191608e-13,1.74043142870903e-08,-2.044902212191608e-13,1.7463442057730766e-08
381,1.7463676518146014e-08,-2.048186752195179e-13,1.7463266880795576e-08,-2.048186752195179e-13,1.7523737883592677e-08
382,1.7524800115600594e-08,-2.0516359505460278e-13,1.7524389788410485e-08,-2.0516359505460278e-13,1.7584020137293873e-08
383,1.7584885261600893e-08,-2.054866789416025e-13,1.758447428824301e-08,-2.054866789416025e-13,1.7644272166189558e-08
384,1.7643854357513895e-08,-2.0581732960506237e-13,1.7643442722854684e-08,-2.0581732960506237e-13,1.770449105251391e-08
385,1.7704480311150746e-08,-2.0614782585653332e-13,1.770406801549903e-08,-2.0614782585653332e-13,1.7764239424837997e-08
386,1.776373383302677e-08,-2.0645777395388397e-13,1.7763320917478862e-08,-2.0645777395388397e-13,1.782362246999478e-08
387,1.7821819840885064e-08,-2.0675599383213686e-13,1.78214063288974e-08,-2.0675599383213686e-13,1.7882931965780488e-08
388,1.788195116442654e-08,-2.0710283822555364e-13,1.788153695875009e-08,-2.0710283822555364e-13,1.7942166717026988e-08
389,1.7939206406976166e-08,-2.0736726195542444e-13,1.7938791672452256e-08,-2.0736726195542444e-13,1.79995221100529e-08
390,1.7995497211182012e-08,-2.0759490720068077e-13,1.799508202136761e-08,-2.0759490720068077e-13,1.805592682669822e-08
391,1.8050378965464446e-08,-2.07830992900217e-13,1.8049963303478645e-08,-2.07830992900217e-13,1.8111966686125492e-08
392,1.8107887003790624e-08,-2.0810148495523657e-13,1.8107470800820715e-08,-2.0810148495523657e-13,1.81685478117233e-08
393,1.8164544539328083e-08,-2.0834982877150932e-13,1.816412783967054e-08,-2.0834982877150932e-13,1.822536683197856e-08
394,1.822010693625912e-08,-2.0861738570855477e-13,1.8219689701487703e-08,-2.0861738570855477e-13,1.8282178934012443e-08
395,1.8277787901854198e-08,-2.0887508003945644e-13,1.827737015169412e-08,-2.0887508003945644e-13,1.833899962991003e-08
396,1.83338381258554e-08,-2.0910839471580933e-13,1.8333419909065968e-08,-2.0910839471580933e-13,1.8395356427418345e-08
397,1.8388232876553273e-08,-2.0934135177144234e-13,1.838781419384973e-08,-2.0934135177144234e-13,1.8451153180018814e-08
398,1.8445009391253323e-08,-2.0957680552225613e-13,1.844459023764228e-08,-2.0957680552225613e-13,1.850722374454244e-08
399,1.85010292875917e-08,-2.0979209863410338e-13,1.8500609703394433e-08,-2.0979209863410338e-13,1.8563579745956626e-08
400,1.8556123393049086e-08,-2.1002872056629582e-13,1.8555703335607952e-08,-2.1002872056629582e-13,1.8619961630776987e-08
401,1.861677501262058e-08,-2.103695271317459e-13,1.8616354273566317e-08,-2.103695271317459e-13,1.867988174159998e-08
402,1.867475177447861e-08,-2.1063843397462818e-13,1.867433049761066e-08,-2.1063843397462818e-13,1.8738150194184725e-08
403,1.8731512636184776e-08,-2.1092382911160174e-13,1.8731090788526555e-08,-2.1092382911160174e-13,1.8796293097707086e-08
404,1.8790576354892624e-08,-2.1121043420544816e-13,1.8790153934024214e-08,-2.1121043420544816e-13,1.8854613161234718e-08
405,1.8845337867185356e-08,-2.1138917394852442e-13,1.8844915088837458e-08,-2.1138917394852442e-13,1.8909493520863425e-08
406,1.8898272110404526e-08,-2.1153552511492355e-13,1.8897849039354295e-08,-2.1153552511492355e-13,1.896362375991711e-08
407,1.8953167985676893e-08,-2.1172449335683798e-13,1.895274453669018e-08,-2.1172449335683798e-13,1.9017566264893205e-08
408,1.900595858032967e-08,-2.1187842916763014e-13,1.9005534823471335e-08,-2.1187842916763014e-13,1.9070403564065717e-08
409,1.906008352615368e-08,-2.1206166763132482e-13,1.9059659402818417e-08,-2.1206166763132482e-13,1.9124695131087014e-08
410,1.911438319182629e-08,-2.1229865737701101e-13,1.9113958594511536e-08,-2.1229865737701101e-13,1.918027525473999e-08
411,1.9170861749444275e-08,-2.1253010086412264e-13,1.9170436689242547e-08,-2.1253010086412264e-13,1.9235913553738286e-08
412,1.922634730167909e-08,-2.1274474194829364e-13,1.9225921812195194e-08,-2.1274474194829364e-13,1.9291653551467464e-08
413,1.9282223201529555e-08,-2.1301255186270436e-13,1.928179717642583e-08,-2.1301255186270436e-13,1.934888036541677e-08
414,1.934523480836523e-08,-2.1342705622070531e-13,1.9344807954252787e-08,-2.1342705622070531e-13,1.9411229554745443e-08
415,1.9395608606804485e-08,-2.1350149428628193e-13,1.9395181603815914e-08,-2.1350149428628193e-13,1.946179094926203e-08
416,1.9444871535426872e-08,-2.1358837246652249e-13,1.944444435868194e-08,-2.1358837246652249e-13,1.951234921283926e-08
417,1.9496331714174838e-08,-2.1368052395299799e-13,1.949590435312693e-08,-2.1368052395299799e-13,1.956292349778109e-08
418,1.9549509863245173e-08,-2.1383450174579942e-13,1.9549082194241683e-08,-2.1383450174579942e-13,1.9616193741873377e-08
419,1.960112116099937e-08,-2.1400176662637603e-13,1.9600693157466118e-08,-2.1400176662637603e-13,1.9669136155099805e-08
420,1.9654608252826438e-08,-2.1416857271614322e-13,1.9654179915681006e-08,-2.1416857271614322e-13,1.9721792222821317e-08
421,1.9707114343045818e-08,-2.1430950749974184e-13,1.9706685724030817e-08,-2.1430950749974184e-13,1.9774516196132148e-08
422,1.975896288073939e-08,-2.1447960677584088e-13,1.9758533921525837e-08,-2.1447960677584088e-13,1.9827659952148202e-08
423,1.9813045053460204e-08,-2.1464816397092526e-13,1.981261575713226e-08,-2.1464816397092526e-13,1.9880884460444566e-08
424,1.9866088116538756e-08,-2.1481480320856808e-13,1.986565848693234e-08,-2.1481480320856808e-13,1.993412190162586e-08
425,1.9917426277210288e-08,-2.149539075428943e-13,1.9916996369395202e-08,-2.149539075428943e-13,1.9986762544492653e-08
426,1.9972002616071814e-08,-2.1517271684278678e-13,1.997157227063813e-08,-2.1517271684278678e-13,2.0040485081728487e-08
427,2.0025979255015518e-08,-2.1537013956807722e-13,2.002554851473638e-08,-2.1537013956807722e-13,2.0094669938044043e-08
428,2.0079151897694804e-08,-2.155412238469482e-13,2.007872081524711e-08,-2.155412238469482e-13,2.01481077266132e-08
429,2.0130439429212664e-08,-2.1570726645722206e-13,2.013000801467975e-08,-2.1570726645722206e-13,2.0200794690767757e-08
430,2.018305519140999e-08,-2.1585088323122342e-13,2.018262348964353e-08,-2.1585088323122342e-13,2.025260887480902e-08
431,2.0233430617468746e-08,-2.1594818281206065e-13,2.0232998721103122e-08,-2.1594818281206065e-13,2.0303233520336596e-08
432,2.0282731700229797e-08,-2.160675750190734e-13,2.028229956507976e-08,-2.160675750190734e-13,2.0353853706861863e-08
433,2.0334174191127652e-08,-2.161825565528007e-13,2.0333741826014548e-08,-2.161825565528007e-13,2.040438899797294e-08
434,2.0383566581839465e-08,-2.162523976993997e-13,2.0383134077044066e-08,-2.162523976993997e-13,2.045392177966563e-08
435,2.043141010684549e-08,-2.1632612687568574e-13,2.043097745459174e-08,-2.1632612687568574e-13,2.050304112571669e-08
436,2.048093767824288e-08,-2.1640321627630472e-13,2.048050487181033e-08,-2.1640321627630472e-13,2.0551642910066022e-08
437,2.0528428050235695e-08,-2.1644156512745738e-13,2.052799516710544e-08,-2.1644156512745738e-13,2.059928913205827e-08
438,2.0574173482696957e-08,-2.1648250790504564e-13,2.0573740517681146e-08,-2.1648250790504564e-13,2.0646334751181073e-08
439,2.0622062195575667e-08,-2.1651770469502307e-13,2.0621629160166276e-08,-2.1651770469502307e-13,2.0693337679730845e-08
440,2.0668892601446732e-08,-2.1653595869530214e-13,2.066845952952934e-08,-2.1653595869530214e-13,2.0740358932565945e-08
441,2.071458935163097e-08,-2.1656636478837797e-13,2.0714156218901394e-08,-2.1656636478837797e-13,2.078735849151196e-08
442,2.07598504233095e-08,-2.1655352867262014e-13,2.0759417316252157e-08,-2.1655352867262014e-13,2.083166608952029e-08
443,2.08060036019315e-08,-2.1658316250508332e-13,2.080557043560649e-08,-2.1658316250508332e-13,2.0878072071295196e-08
444,2.0851719016562095e-08,-2.166106411935174e-13,2.0851285795279708e-08,-2.166106411935174e-13,2.092521684452244e-08
445,2.0899846899609122e-08,-2.1668270036619957e-13,2.089941353420839e-08,-2.1668270036619957e-13,2.097257555038408e-08
446,2.094678481877451e-08,-2.167138344747267e-13,2.0946351391105562e-08,-2.167138344747267e-13,2.101986613334864e-08
447,2.0993645758119997e-08,-2.1673443221006176e-13,2.0993212289255577e-08,-2.1673443221006176e-13,2.106697953143811e-08
448,2.1038592540611023e-08,-2.1676384644618498e-13,2.103815901291813e-08,-2.1676384644618498e-13,2.1113229856889117e-08
449,2.108569483945218e-08,-2.1679567434637648e-13,2.1085261248103488e-08,-2.1679567434637648e-13,2.115942770496768e-08
450,2.1129759754784588e-08,-2.1676060692875066e-13,2.112932623357073e-08,-2.1676060692875066e-13,2.1203638196971556e-08
451,2.1172506143290765e-08,-2.1673531740037813e-13,2.1172072672655964e-08,-2.1673531740037813e-13,2.1247643368255592e-08
452,2.1215370882801505e-08,-2.1666233475087358e-13,2.1214937558132003e-08,-2.1666233475087358e-13,2.12895638415045e-08
453,2.125554268269521e-08,-2.165356922418469e-13,2.1255109611310725e-08,-2.165356922418469e-13,2.1329863209596697e-08
454,2.129521721214003e-08,-2.1644532955530615e-13,2.129478432148092e-08,-2.1644532955530615e-13,2.137086155889928e-08
455,2.1337133798729173e-08,-2.1636266758419058e-13,2.1336701073394004e-08,-2.1636266758419058e-13,2.141188602732345e-08
456,2.1377984292322594e-08,-2.1626278603653824e-13,2.137755176675052e-08,-2.1626278603653824e-13,2.1452914549080025e-08
457,2.1417751568543116e-08,-2.1617286217107642e-13,2.1417319222818775e-08,-2.1617286217107642e-13,2.1494008139674105e-08
458,2.1458923616441412e-08,-2.1606698210792027e-13,2.1458491482477197e-08,-2.1606698210792027e-13,2.1534293307473132e-08
459,2.1495424498839816e-08,-2.158672211881926e-13,2.149499276439744e-08,-2.158672211881926e-13,2.1571026484845613e-08
460,2.153077136701973e-08,-2.1568293864866259e-13,2.1530340001142433e-08,-2.1568293864866259e-13,2.1607757010573217e-08
461,2.1569191992976583e-08,-2.1551693868803793e-13,2.1568760959099207e-08,-2.1551693868803793e-13,2.1645350878839596e-08
462,2.160958383302182e-08,-2.1541563613327047e-13,2.1609153001749554e-08,-2.1541563613327047e-13,2.168604347540992e-08
463,2.164899160136113e-08,-2.1529977045026318e-13,2.164856100182023e-08,-2.1529977045026318e-13,2.1726865357916518e-08
464,2.1690628830416324e-08,-2.1522410604990303e-13,2.1690198382204223e-08,-2.1522410604990303e-13,2.1767675644289618e-08
465,2.1732456532595115e-08,-2.1516393588107048e-13,2.1732026204723354e-08,-2.1516393588107048e-13,2.180977909007074e-08
466,2.1775384441024137e-08,-2.1512212851335109e-13,2.177495419676711e-08,-2.1512212851335109e-13,2.185297837804265e-08
467,2.1817275873030153e-08,-2.1509522472729857e-13,2.18168456825807e-08,-2.1509522472729857e-13,2.189625669573097e-08
468,2.186072114597585e-08,-2.1505008108543851e-13,2.186029104581368e-08,-2.1505008108543851e-13,2.1938891327726312e-08
469,2.1903005654356403e-08,-2.149837712410644e-13,2.190257568681392e-08,-2.149837712410644e-13,2.198153364739841e-08
470,2.194397305298836e-08,-2.1492674834028173e-13,2.194354319949168e-08,-2.1492674834028173e-13,2.2023980521200018e-08
471,2.1986909384319003e-08,-2.148741939171394e-13,2.1986479635931167e-08,-2.148741939171394e-13,2.206613755692197e-08
472,2.2028789484387508e-08,-2.1479963664249555e-13,2.2028359885114224e-08,-2.1479963664249555e-13,2.2108296024789597e-08
473,2.206907154203349e-08,-2.1472672933263156e-13,2.2068642088574823e-08,-2.1472672933263156e-13,2.214993632360606e-08
474,2.2111578375682506e-08,-2.1465685860932388e-13,2.2111149061965287e-08,-2.1465685860932388e-13,2.219153370478708e-08
475,2.214694246740823e-08,-2.1443057581580403e-13,2.21465136062566e-08,-2.1443057581580403e-13,2.222704013739929e-08
476,2.21786064599833e-08,-2.1416686526167982e-13,2.2178178126252778e-08,-2.1416686526167982e-13,2.226000815572776e-08
477,2.221974734677543e-08,-2.1408453579425833e-13,2.221931917770384e-08,-2.1408453579425833e-13,2.2300355546316076e-08
478,2.226000328140868e-08,-2.1398463265451566e-13,2.2259575312143373e-08,-2.1398463265451566e-13,2.23409340997225e-08
479,2.229933116772009e-08,-2.1389821459619851e-13,2.22989033712909e-08,-2.1389821459619851e-13,2.2381792650549184e-08
480,2.2339785223565798e-08,-2.1377909631272093e-13,2.2339357665373173e-08,-2.1377909631272093e-13,2.2421462873487425e-08
481,2.2378054722663564e-08,-2.1361867639990577e-13,2.2377627485310764e-08,-2.1361867639990577e-13,2.2459906590585855e-08
482,2.241406285098556e-08,-2.1346724744032105e-13,2.2413635916490682e-08,-2.1346724744032105e-13,2.2497238188457984e-08
483,2.245213980696406e-08,-2.1330590172200077e-13,2.2451713195160616e-08,-2.1330590172200077e-13,2.2534328593945138e-08
484,2.2486063706446036e-08,-2.1308557619956438e-13,2.2485637535293635e-08,-2.1308557619956438e-13,2.2568316084311683e-08
485,2.2518780254578436e-08,-2.128492950876371e-13,2.251835455598826e-08,-2.128492950876371e-13,2.260231121973636e-08
486,2.255667252292393e-08,-2.126963897472148e-13,2.2556247130144435e-08,-2.126963897472148e-13,2.2639354430507413e-08
487,2.2591885472769333e-08,-2.1252579415872292e-13,2.2591460421181017e-08,-2.1252579415872292e-13,2.2676006675653872e-08
488,2.26287366143293e-08,-2.123568899200883e-13,2.2628311900549457e-08,-2.123568899200883e-13,2.2712073367989585e-08
489,2.2664709359876937e-08,-2.1217611011863977e-13,2.26642850076567e-08,-2.1217611011863977e-13,2.274838135512886e-08
490,2.270080157424396e-08,-2.1201576457840498e-13,2.2700377542714804e-08,-2.1201576457840498e-13,2.2784663012439817e-08
491,2.27362628564487e-08,-2.1182496853460307e-13,2.2735839206511633e-08,-2.1182496853460307e-13,2.282030516071037e-08
492,2.2771518446368826e-08,-2.1162860608082206e-13,2.2771095189156665e-08,-2.1162860608082206e-13,2.2855740972552364e-08
493,2.280594686248412e-08,-2.114472635502101e-13,2.280552396795702e-08,-2.114472635502101e-13,2.2891537084093433e-08
494,2.2842645764441075e-08,-2.1129303886403102e-13,2.2842223178363346e-08,-2.1129303886403102e-13,2.292727828317427e-08
495,2.2877309112419298e-08,-2.1110861686749753e-13,2.2876886895185563e-08,-2.1110861686749753e-13,2.2962113165287326e-08
496,2.290980457993293e-08,-2.1086637200263726e-13,2.2909382847188927e-08,-2.1086637200263726e-13,2.2994732921827603e-08
497,2.294147538417253e-08,-2.1062781778829097e-13,2.2941054128536953e-08,-2.1062781778829097e-13,2.302649635008127e-08
498,2.2973126095678132e-08,-2.1038044285727013e-13,2.2972705334792418e-08,-2.1038044285727013e-13,2.305823772148375e-08
499,2.30036769893922e-08,-2.1012584894026497e-13,2.300325673769432e-08,-2.1012584894026497e-13,2.3088894287126982e-08
500,2.3033033805439046e-08,-2.0986524457297675e-13,2.30326140749499e-08,-2.0986524457297675e-13,2.3119631208424444e-08
501,2.306659973433511e-08,-2.0966488604379271e-13,2.3066180404563024e-08,-2.0966488604379271e-13,2.3152463819407417e-08
502,2.3098706370799164e-08,-2.094346591358883e-13,2.309828750148089e-08,-2.094346591358883e-13,2.3184995240735364e-08
503,2.3128929454573935e-08,-2.0917327791619337e-13,2.3128511108018103e-08,-2.0917327791619337e-13,2.3215623671653988e-08
504,2.3158852358261282e-08,-2.0888813637072392e-13,2.315843458198854e-08,-2.0888813637072392e-13,2.3245917660576983e-08
505,2.3190064445386247e-08,-2.0863826086389374e-13,2.318964716886452e-08,-2.0863826086389374e-13,2.3277372803230362e-08
506,2.3219430082550705e-08,-2.0836624986140553e-13,2.3219013350050982e-08,-2.0836624986140553e-13,2.33081901102759e-08
507,2.3248581500334243e-08,-2.0805592630715554e-13,2.324816538848163e-08,-2.0805592630715554e-13,2.3336402520246194e-08
508,2.32770057097244e-08,-2.0774040382530556e-13,2.3276590228916748e-08,-2.0774040382530556e-13,2.3365065503479258e-08
509,2.3306028905054045e-08,-2.0745814156933375e-13,2.3305613988770907e-08,-2.0745814156933375e-13,2.3394316096297918e-08
510,2.333452794068295e-08,-2.071534933684875e-13,2.3334113633696214e-08,-2.071534933684875e-13,2.3423027943192104e-08
511,2.3362903556392386e-08,-2.0684830741691102e-13,2.3362489859777552e-08,-2.0684830741691102e-13,2.3451659891992623e-08
512,2.3390333886624028e-08,-2.0654297768622622e-13,2.3389920800668657e-08,-2.0654297768622622e-13,2.348060122228703e-08
513,2.3420510575842145e-08,-2.0626996431795418e-13,2.342009803591351e-08,-2.0626996431795418e-13,2.350993283100439e-08
514,2.3449722855877257e-08,-2.0598301890167414e-13,2.3449310889839455e-08,-2.0598301890167414e-13,2.3539486414089234e-08
515,2.3479120931170897e-08,-2.0569232981746317e-13,2.347870954651126e-08,-2.0569232981746317e-13,2.3569232603311243e-08
516,2.3507991213887107e-08,-2.054205475306972e-13,2.3507580372792044e-08,-2.054205475306972e-13,2.3598368269207934e-08
517,2.3536637852081354e-08,-2.0512318230613979e-13,2.353622760571674e-08,-2.0512318230613979e-13,2.362720807152301e-08
518,2.3562661774106397e-08,-2.0477322265794194e-13,2.3562252227661082e-08,-2.0477322265794194e-13,2.36533700107395e-08
519,2.358721483335145e-08,-2.0441391948146538e-13,2.3586806005512486e-08,-2.0441391948146538e-13,2.3679273085366747e-08
520,2.3614408740261182e-08,-2.0408299029687628e-13,2.3614000574280588e-08,-2.0408299029687628e-13,2.3705509874065762e-08
521,2.3641425129693026e-08,-2.0375926685297435e-13,2.364101761115932e-08,-2.0375926685297435e-13,2.3733036492487868e-08
522,2.3669470831800363e-08,-2.034740255384972e-13,2.3669063883749286e-08,-2.034740255384972e-13,2.3761673072044235e-08
523,2.3698240232828094e-08,-2.0317595514192655e-13,2.369783388091781e-08,-2.0317595514192655e-13,2.3791060575169177e-08
524,2.372737863625855e-08,-2.028732209420613e-13,2.3726972889816663e-08,-2.028732209420613e-13,2.382073869174098e-08
525,2.3756794856332895e-08,-2.0259355198437484e-13,2.3756389669228925e-08,-2.0259355198437484e-13,2.3851603112054336e-08
526,2.378399956294968e-08,-2.02240386976857e-13,2.3783595082175725e-08,-2.02240386976857e-13,2.3877677607248065e-08
527,2.380753016611807e-08,-2.0183856508434067e-13,2.3807126488987902e-08,-2.0183856508434067e-13,2.390118255402142e-08
528,2.3830307156651025e-08,-2.0145083893781022e-13,2.382990425497315e-08,-2.0145083893781022e-13,2.392389434741869e-08
529,2.3856455292375863e-08,-2.0112256669714078e-13,2.3856053047242468e-08,-2.0112256669714078e-13,2.395030368235175e-08
530,2.3883615201641603e-08,-2.008142953245168e-13,2.3883213573050953e-08,-2.008142953245168e-13,2.3977891461374088e-08
531,2.3908056859909522e-08,-2.004572674240971e-13,2.3907655945374674e-08,-2.004572674240971e-13,2.400406608448374e-08
532,2.3934664961709963e-08,-2.001076137634697e-13,2.3934264746482436e-08,-2.001076137634697e-13,2.402995947779813e-08
533,2.3960047624112476e-08,-1.9975355836929256e-13,2.395964811699574e-08,-1.9975355836929256e-13,2.4055720333909497e-08
534,2.3986215367908737e-08,-1.9940872239235134e-13,2.3985816550463953e-08,-1.9940872239235134e-13,2.408234862198971e-08
535,2.401291777228494e-08,-1.9908691685819376e-13,2.4012519598451224e-08,-1.9908691685819376e-13,2.410952729432094e-08
536,2.404020508024559e-08,-1.98754037301737e-13,2.4039807572170988e-08,-1.98754037301737e-13,2.413730643585822e-08
537,2.4067868553233e-08,-1.9842252487373416e-13,2.4067471708183254e-08,-1.9842252487373416e-13,2.4165403414119554e-08
538,2.4094110691592213e-08,-1.9808475903935452e-13,2.4093714522074136e-08,-1.9808475903935452e-13,2.4193211222323743e-08
539,2.4122320593292398e-08,-1.9776379441924773e-13,2.412192506570356e-08,-1.9776379441924773e-13,2.4220445889175653e-08
540,2.4149264797907708e-08,-1.9742822800342337e-13,2.41488699414517e-08,-1.9742822800342337e-13,2.424763455589654e-08
541,2.4172555883659963e-08,-1.9704032974500932e-13,2.4172161803000474e-08,-1.9704032974500932e-13,2.4271058973709793e-08
542,2.4193678477214996e-08,-1.9659669355086096e-13,2.4193285283827895e-08,-1.9659669355086096e-13,2.429229910456726e-08
543,2.421864931134717e-08,-1.9623175036391803e-13,2.421825684784644e-08,-1.9623175036391803e-13,2.4317550542409918e-08
544,2.4241805509164287e-08,-1.9585878341358827e-13,2.424141379159746e-08,-1.9585878341358827e-13,2.4342305055855634e-08
545,2.426769405906034e-08,-1.955103382675044e-13,2.4267303038383803e-08,-1.955103382675044e-13,2.436731430068111e-08
546,2.4291031058605745e-08,-1.9511573123251436e-13,2.429064082714328e-08,-1.9511573123251436e-13,2.439098998165099e-08
547,2.4315835172327034e-08,-1.947705349230519e-13,2.431544563125719e-08,-1.947705349230519e-13,2.4415977958241376e-08
548,2.4340387418112538e-08,-1.9440537436996606e-13,2.4339998607363798e-08,-1.9440537436996606e-13,2.444068343557159e-08
549,2.4362877770795854e-08,-1.9400581564644382e-13,2.4362489759164562e-08,-1.9400581564644382e-13,2.4463259591137817e-08
550,2.438306307362366e-08,-1.9359335084964338e-13,2.4382675886921962e-08,-1.9359335084964338e-13,2.4484874247458287e-08
551,2.4405809051315396e-08,-1.932067663989009e-13,2.4405422637782598e-08,-1.932067663989009e-13,2.4506532646677116e-08
552,2.4428127234139183e-08,-1.928233901812056e-13,2.442774158735882e-08,-1.928233901812056e-13,2.4529232368711515e-08
553,2.4450789628750787e-08,-1.9243773758146123e-13,2.4450404753275625e-08,-1.9243773758146123e-13,2.4552348014085316e-08
554,2.4473974552189487e-08,-1.920726106171117e-13,2.4473590406968252e-08,-1.920726106171117e-13,2.4576000641819877e-08
555,2.449884787655314e-08,-1.9172446678591115e-13,2.449846442761957e-08,-1.9172446678591115e-13,2.4601339187983294e-08
556,2.4519999123045863e-08,-1.9131288738980067e-13,2.4519616497271084e-08,-1.9131288738980067e-13,2.4622755344671632e-08
557,2.4540609268028368e-08,-1.9090527529952318e-13,2.454022745747777e-08,-1.9090527529952318e-13,2.464503119086518e-08
558,2.456395852227944e-08,-1.9052145206403836e-13,2.4563577479375314e-08,-1.9052145206403836e-13,2.466740119229399e-08
559,2.458593426662809e-08,-1.9011890567347405e-13,2.4585554028816742e-08,-1.9011890567347405e-13,2.4689665056772288e-08
560,2.460800706080897e-08,-1.8973918497525614e-13,2.4607627582439017e-08,-1.8973918497525614e-13,2.4712064780141767e-08
561,2.4630145704316246e-08,-1.8934683388027974e-13,2.4629767010648486e-08,-1.8934683388027974e-13,2.4734437768510722e-08
562,2.465196662367445e-08,-1.8895682916532403e-13,2.465158871001612e-08,-1.8895682916532403e-13,2.4756464428855672e-08
563,2.46715604068975e-08,-1.885456488173135e-13,2.4671183315599866e-08,-1.885456488173135e-13,2.4777633661586245e-08
564,2.4689334267312227e-08,-1.8807400737219466e-13,2.4688958119297484e-08,-1.8807400737219466e-13,2.4794164467012813e-08
565,2.470551481919257e-08,-1.8758532033449116e-13,2.47051396485519e-08,-1.8758532033449116e-13,2.4810418133198882e-08
566,2.472738276740524e-08,-1.8722494278206397e-13,2.4727008317519673e-08,-1.8722494278206397e-13,2.483259932355046e-08
567,2.4751954966290485e-08,-1.8690622996609798e-13,2.4751581153830555e-08,-1.8690622996609798e-13,2.4857616010493203e-08
568,2.477038591527491e-08,-1.8646835682323447e-13,2.4770012978561266e-08,-1.8646835682323447e-13,2.4876424464859665e-08
569,2.478678552402624e-08,-1.8600829291118457e-13,2.478641350744042e-08,-1.8600829291118457e-13,2.489462284361198e-08
570,2.4806049326701084e-08,-1.8556898273255151e-13,2.4805678188735617e-08,-1.8556898273255151e-13,2.491277868983821e-08
571,2.482837736663276e-08,-1.8520630687985415e-13,2.4828006954019e-08,-1.8520630687985415e-13,2.493519233073445e-08
572,2.485358762080278e-08,-1.8489896977799586e-13,2.4853217822863227e-08,-1.8489896977799586e-13,2.4960558053577824e-08
573,2.486883595048807e-08,-1.84439055987712e-13,2.4868467072376095e-08,-1.84439055987712e-13,2.4975667632290995e-08
574,2.4880650229702382e-08,-1.8391524294375845e-13,2.4880282399216494e-08,-1.8391524294375845e-13,2.4987221157295026e-08
575,2.489170243143656e-08,-1.8338830356533662e-13,2.4891335654829427e-08,-1.8338830356533662e-13,2.4998059756057674e-08
576,2.4901881838249727e-08,-1.8287876776105857e-13,2.4901516080714204e-08,-1.8287876776105857e-13,2.5009452961763885e-08
577,2.4916798914298377e-08,-1.8242885576173214e-13,2.4916434056586852e-08,-1.8242885576173214e-13,2.5022936723960497e-08
578,2.4929350202306435e-08,-1.819591205624013e-13,2.492898628406531e-08,-1.819591205624013e-13,2.5035474246534813e-08
579,2.494143893647605e-08,-1.815094341670394e-13,2.4941075917607715e-08,-1.815094341670394e-13,2.5047556058246205e-08
580,2.4953368566582228e-08,-1.8104293742152246e-13,2.4953006480707384e-08,-1.8104293742152246e-13,2.5059509428290996e-08
581,2.496512771038825e-08,-1.8057772603887645e-13,2.496476655493617e-08,-1.8057772603887645e-13,2.5071374029761257e-08
582,2.4974223536211994e-08,-1.80090278860572e-13,2.4973863355654274e-08,-1.80090278860572e-13,2.5082107563669407e-08
583,2.498621169945194e-08,-1.7962590388799023e-13,2.4985852447644163e-08,-1.7962590388799023e-13,2.509295680659103e-08
584,2.4996586620057157e-08,-1.7914009943461151e-13,2.499622833985829e-08,-1.7914009943461151e-13,2.5103572050439456e-08
585,2.500679885701572e-08,-1.7867533159723267e-13,2.5006441506352525e-08,-1.7867533159723267e-13,2.511402431311811e-08
586,2.501708892285447e-08,-1.7819874861846734e-13,2.5016732525357232e-08,-1.7819874861846734e-13,2.512448380904244e-08
587,2.5027360487111183e-08,-1.7772206433858936e-13,2.5027005042982506e-08,-1.7772206433858936e-13,2.513491313704882e-08
588,2.50361477499307e-08,-1.7723948676470274e-13,2.5035793270957168e-08,-1.7723948676470274e-13,2.5145328847344705e-08
589,2.5047731426156262e-08,-1.7677878560592264e-13,2.504737786858505e-08,-1.7677878560592264e-13,2.515572339575863e-08
590,2.5057380855670883e-08,-1.7630661932170764e-13,2.505702824243224e-08,-1.7630661932170764e-13,2.5165551322248676e-08
591,2.5066925183307305e-08,-1.7582775776739484e-13,2.506657352779177e-08,-1.7582775776739484e-13,2.517527526324652e-08
592,2.507647097287838e-08,-1.753680801461692e-13,2.507612023671809e-08,-1.753680801461692e-13,2.518497447820492e-08
593,2.508580748784999e-08,-1.748930973460103e-13,2.50854577016553e-08,-1.748930973460103e-13,2.5194506656047856e-08
594,2.5095211187197754e-08,-1.744196105903545e-13,2.5094862347976573e-08,-1.744196105903545e-13,2.5204150160183886e-08
595,2.5102606675952326e-08,-1.7393270683655506e-13,2.5102258810538653e-08,-1.7393270683655506e-13,2.521322623387223e-08
596,2.5111215574774096e-08,-1.7344421883485723e-13,2.5110868686336427e-08,-1.7344421883485723e-13,2.5220619851007255e-08
597,2.511838138262735e-08,-1.7293975737045467e-13,2.5118035503112608e-08,-1.7293975737045467e-13,2.52279152972333e-08
598,2.5125441707165083e-08,-1.7245565625666142e-13,2.512509679585257e-08,-1.7245565625666142e-13,2.5235127211400426e-08
599,2.5132485747320317e-08,-1.7195881710048436e-13,2.5132141829686114e-08,-1.7195881710048436e-13,2.5242368066322273e-08
600,2.5139673777701925e-08,-1.7146189312266392e-13,2.513933085391568e-08,-1.7146189312266392e-13,2.524979550457112e-08
601,2.5145108099534232e-08,-1.7095901148786293e-13,2.5144766181511255e-08,-1.7095901148786293e-13,2.525695392415687e-08
602,2.5153333232749057e-08,-1.7047682107123233e-13,2.5152992279106916e-08,-1.7047682107123233e-13,2.5264002588784335e-08
603,2.5160185265927447e-08,-1.6997946780918406e-13,2.515984530699183e-08,-1.6997946780918406e-13,2.52710294016131e-08
604,2.516690704646182e-08,-1.6950143065706786e-13,2.516656804360051e-08,-1.6950143065706786e-13,2.527793826588582e-08
605,2.5173595331927864e-08,-1.6900981949494157e-13,2.5173257312288874e-08,-1.6900981949494157e-13,2.5284820916134527e-08
606,2.518033003661088e-08,-1.685199621516825e-13,2.5179992996686575e-08,-1.685199621516825e-13,2.529175249190352e-08
607,2.518525788463393e-08,-1.6802202595028248e-13,2.518492184058203e-08,-1.6802202595028248e-13,2.5298376338564975e-08
608,2.519295609219733e-08,-1.6754531611056625e-13,2.519262100156511e-08,-1.6754531611056625e-13,2.53048624970715e-08
609,2.519925775897969e-08,-1.6705479702629287e-13,2.5198923649385636e-08,-1.6705479702629287e-13,2.5311349378677044e-08
610,2.5204515680255807e-08,-1.6656322789617803e-13,2.5204182553800014e-08,-1.6656322789617803e-13,2.5316934463711843e-08
611,2.5209418563728387e-08,-1.6605130083227746e-13,2.5209086461126724e-08,-1.6605130083227746e-13,2.5322256343823368e-08
612,2.5214448195712154e-08,-1.655401656435687e-13,2.5214117115380867e-08,-1.655401656435687e-13,2.532771413890431e-08
613,2.5218264400797405e-08,-1.650242450654089e-13,2.5217934352307274e-08,-1.650242450654089e-13,2.5333494169754466e-08
614,2.5225427949462785e-08,-1.6453156793070257e-13,2.5225098886326922e-08,-1.6453156793070257e-13,2.5339584612684762e-08
615,2.523133304873293e-08,-1.6402954943713813e-13,2.5231004989634055e-08,-1.6402954943713813e-13,2.5345737817084347e-08
616,2.5237251443917345e-08,-1.6352577109502643e-13,2.5236924392375154e-08,-1.6352577109502643e-13,2.5351883604963964e-08
617,2.5243260102274116e-08,-1.630426246811307e-13,2.5242934017024755e-08,-1.630426246811307e-13,2.5358032611478608e-08
618,2.5248686781427803e-08,-1.6254355575746096e-13,2.5248361694316286e-08,-1.6254355575746096e-13,2.536356289982882e-08
619,2.5253953395560648e-08,-1.6204750248486139e-13,2.525362930055568e-08,-1.6204750248486139e-13,2.5368951621497516e-08
620,2.5257653654312255e-08,-1.6154620998158427e-13,2.525733056189229e-08,-1.6154620998158427e-13,2.5374283942544115e-08
621,2.5264236604795642e-08,-1.6106403641692175e-13,2.5263914476722808e-08,-1.6106403641692175e-13,2.53795969838552e-08
622,2.526936657043717e-08,-1.6056797625769365e-13,2.5269045434484654e-08,-1.6056797625769365e-13,2.5384912525586654e-08
623,2.5274355146792017e-08,-1.60091255289803e-13,2.5274034964281438e-08,-1.60091255289803e-13,2.5390084809639945e-08
624,2.527894823764949e-08,-1.595994615128357e-13,2.5278629038726464e-08,-1.595994615128357e-13,2.5394830996022246e-08
625,2.5283440444714472e-08,-1.5910848658105472e-13,2.528312222774131e-08,-1.5910848658105472e-13,2.539946500381248e-08
626,2.5283463606233856e-08,-1.5857109269186813e-13,2.528314646404847e-08,-1.5857109269186813e-13,2.5401058363196603e-08
627,2.528624849278021e-08,-1.580533615208935e-13,2.5285932386057167e-08,-1.580533615208935e-13,2.5402439644114236e-08
628,2.52873776152283e-08,-1.5752286144138421e-13,2.5287062569505418e-08,-1.5752286144138421e-13,2.5403617343813162e-08
629,2.529042057732443e-08,-1.5704157112964689e-13,2.529010649418217e-08,-1.5704157112964689e-13,2.5406829643359573e-08
630,2.5293253060276573e-08,-1.5654727016831454e-13,2.5292939965736238e-08,-1.5654727016831454e-13,2.540991880127963e-08
631,2.529377292465266e-08,-1.5601880390340638e-13,2.5293460887044853e-08,-1.5601880390340638e-13,2.5410596761927105e-08
632,2.529281427485996e-08,-1.554852797531527e-13,2.529250330430045e-08,-1.554852797531527e-13,2.5411368204247956e-08
633,2.5294836302164277e-08,-1.5497341625081699e-13,2.5294526355331774e-08,-1.5497341625081699e-13,2.54120233738306e-08
634,2.529525599048762e-08,-1.54453448616527e-13,2.5294947083590385e-08,-1.54453448616527e-13,2.5412522303211885e-08
635,2.5295078731196676e-08,-1.539267429291962e-13,2.5294770877710818e-08,-1.539267429291962e-13,2.541249535415891e-08
636,2.529477264535308e-08,-1.534184333645464e-13,2.529446580848635e-08,-1.534184333645464e-13,2.541230031974688e-08
637,2.5294456760753765e-08,-1.5289873846766562e-13,2.529415096327683e-08,-1.5289873846766562e-13,2.5412090075946567e-08
638,2.5294094660669034e-08,-1.523807069566016e-13,2.5293789899255123e-08,-1.523807069566016e-13,2.5411870305573344e-08
639,2.5292320624948094e-08,-1.5185801262681928e-13,2.529201690892284e-08,-1.5185801262681928e-13,2.5411794948857226e-08
640,2.529347395274432e-08,-1.5135597856101337e-13,2.5293171240787196e-08,-1.5135597856101337e-13,2.5411637125967543e-08
641,2.529268506073383e-08,-1.5083964375064216e-13,2.5292383381446328e-08,-1.5083964375064216e-13,2.541100520696531e-08
642,2.5292987206548815e-08,-1.5035512463478738e-13,2.5292686496299546e-08,-1.5035512463478738e-13,2.5411592847506536e-08
643,2.529526557441418e-08,-1.4988423150589755e-13,2.529496580595117e-08,-1.4988423150589755e-13,2.5414347634043588e-08
644,2.529817901312237e-08,-1.4941513909133998e-13,2.529788018284419e-08,-1.4941513909133998e-13,2.5417762340259537e-08
645,2.530016849301274e-08,-1.489433990112437e-13,2.5299870606214717e-08,-1.489433990112437e-13,2.542188140117476e-08
646,2.530552299279704e-08,-1.4849135167233905e-13,2.5305226010093694e-08,-1.4849135167233905e-13,2.542623609621438e-08
647,2.5309373293984584e-08,-1.480263079043343e-13,2.5309077241368775e-08,-1.480263079043343e-13,2.5430379148985547e-08
648,2.530846904873367e-08,-1.475139356013012e-13,2.5308174020862468e-08,-1.475139356013012e-13,2.5429592833450058e-08
649,2.5304756619410034e-08,-1.4695467370161335e-13,2.5304462710062632e-08,-1.4695467370161335e-13,2.5425549834773605e-08
650,2.5305008937374583e-08,-1.4646355433837535e-13,2.5304716010265906e-08,-1.4646355433837535e-13,2.542508292747357e-08
651,2.530204934354248e-08,-1.459645736020055e-13,2.5301757414395278e-08,-1.459645736020055e-13,2.5422915122819957e-08
652,2.5300076346443033e-08,-1.454784128115559e-13,2.529978538961741e-08,-1.454784128115559e-13,2.5418691381056884e-08
653,2.5295327298045775e-08,-1.4498175974095304e-13,2.5295037334526293e-08,-1.4498175974095304e-13,2.5413494810684364e-08
654,2.529000989824924e-08,-1.4447885631265994e-13,2.5289720940536617e-08,-1.4447885631265994e-13,2.5408082998182884e-08
655,2.52845480432137e-08,-1.4399268232316674e-13,2.5284260057849055e-08,-1.4399268232316674e-13,2.5402552562338042e-08
656,2.5278961202951127e-08,-1.4349594182494362e-13,2.5278674211067478e-08,-1.4349594182494362e-13,2.539696160197224e-08
657,2.527313256606009e-08,-1.4300084531916175e-13,2.527284656436945e-08,-1.4300084531916175e-13,2.539120545273128e-08
658,2.526544550379026e-08,-1.4250020160546514e-13,2.5265160503387048e-08,-1.4250020160546514e-13,2.5385173475417065e-08
659,2.5260817707425706e-08,-1.4201826213683213e-13,2.5260533670901433e-08,-1.4201826213683213e-13,2.5379143406570608e-08
660,2.525310233775469e-08,-1.4150301901195999e-13,2.5252819331716667e-08,-1.4150301901195999e-13,2.5371475719831973e-08
661,2.5243771027575373e-08,-1.4098405985124989e-13,2.524348905945567e-08,-1.4098405985124989e-13,2.5362131510902667e-08
662,2.523429469417634e-08,-1.4045668762765513e-13,2.5234013780801086e-08,-1.4045668762765513e-13,2.5352612836271944e-08
663,2.5224259685194612e-08,-1.3992862361484654e-13,2.522397982794738e-08,-1.3992862361484654e-13,2.5342507442132616e-08
664,2.5212098978093233e-08,-1.3939272839149919e-13,2.5211820192636448e-08,-1.3939272839149919e-13,2.5332015076799147e-08
665,2.5203127532669045e-08,-1.3887536798959225e-13,2.5202849781933064e-08,-1.3887536798959225e-13,2.5321740136467725e-08
666,2.5192908143401834e-08,-1.3834584092040115e-13,2.5192631451719995e-08,-1.3834584092040115e-13,2.5311737706584357e-08
667,2.5182968004499185e-08,-1.3783583974393647e-13,2.51826923328197e-08,-1.3783583974393647e-13,2.5302041573548495e-08
668,2.517326076373771e-08,-1.3731496977272844e-13,2.5172986133798163e-08,-1.3731496977272844e-13,2.5292472012277462e-08
669,2.5163280251887103e-08,-1.3679707643886344e-13,2.5163006657734226e-08,-1.3679707643886344e-13,2.5282578054461254e-08
670,2.5151676344667154e-08,-1.3627368671745384e-13,2.515140379729372e-08,-1.3627368671745384e-13,2.5272647105648458e-08
671,2.514316210130894e-08,-1.3576948919006246e-13,2.514289056233056e-08,-1.3576948919006246e-13,2.526274000656387e-08
672,2.513319982707891e-08,-1.352587766856563e-13,2.513292930952554e-08,-1.352587766856563e-13,2.525287351870426e-08
673,2.5123258920025934e-08,-1.3474550268970525e-13,2.5122989429020556e-08,-1.3474550268970525e-13,2.524303735189914e-08
674,2.5113338410162903e-08,-1.3424849660085947e-13,2.51130699131697e-08,-1.3424849660085947e-13,2.523318865570223e-08
675,2.5103204162841107e-08,-1.3374147456364497e-13,2.5102936679891978e-08,-1.3374147456364497e-13,2.5223113068024855e-08
676,2.5092910887783024e-08,-1.3323695781829598e-13,2.5092644413867386e-08,-1.3323695781829598e-13,2.5212907417190156e-08
677,2.5081071354854988e-08,-1.3272735678481497e-13,2.508080590014142e-08,-1.3272735678481497e-13,2.5202715098720584e-08
678,2.5072295050033206e-08,-1.3223575523993603e-13,2.5072030578522726e-08,-1.3223575523993603e-13,2.5192536970105895e-08
679,2.5061716325573593e-08,-1.3172954463209457e-13,2.5061452866484328e-08,-1.3172954463209457e-13,2.518206708072444e-08
680,2.504964521102605e-08,-1.312228989371546e-13,2.5049382765228177e-08,-1.312228989371546e-13,2.5170143876241766e-08
681,2.503753944251707e-08,-1.3070669700780683e-13,2.5037278029123054e-08,-1.3070669700780683e-13,2.5158160857967306e-08
682,2.5025587632326003e-08,-1.3019301690598588e-13,2.502532724629219e-08,-1.3019301690598588e-13,2.514632877238485e-08
683,2.5012204823300323e-08,-1.2967595054381503e-13,2.5011945471399234e-08,-1.2967595054381503e-13,2.5134650787661497e-08
684,2.5002086864245823e-08,-1.2917816803479534e-13,2.5001828507909754e-08,-1.2917816803479534e-13,2.5123155219395714e-08
685,2.4990532996336422e-08,-1.2866871621270093e-13,2.4990275658903997e-08,-1.2866871621270093e-13,2.511171635298004e-08
686,2.497850904130895e-08,-1.2817484807539825e-13,2.49782526916128e-08,-1.2817484807539825e-13,2.509978798275348e-08
687,2.4966426086705244e-08,-1.2767171712992475e-13,2.4966170743270986e-08,-1.2767171712992475e-13,2.508776701974881e-08
688,2.4954531932535825e-08,-1.271713543314127e-13,2.4954277589827163e-08,-1.271713543314127e-13,2.5075923905831984e-08
689,2.494106906578665e-08,-1.2666699059994203e-13,2.494081573180545e-08,-1.2666699059994203e-13,2.5064098554902054e-08
690,2.4930673481534424e-08,-1.261800096664472e-13,2.4930421121515093e-08,-1.261800096664472e-13,2.5052311245902133e-08
691,2.4918838178736096e-08,-1.2568843870220923e-13,2.4918586801858692e-08,-1.2568843870220923e-13,2.504057454200099e-08
692,2.4907158396514125e-08,-1.2519825985596838e-13,2.4906907999994415e-08,-1.2519825985596838e-13,2.5028949313655737e-08
693,2.4895475507606783e-08,-1.2472397888733054e-13,2.4895226059649008e-08,-1.2472397888733054e-13,2.5017274613675926e-08
694,2.4883722690230404e-08,-1.2424086174486324e-13,2.4883474208506915e-08,-1.2424086174486324e-13,2.5005517430228386e-08
695,2.4871855675919473e-08,-1.2376017339484541e-13,2.4871608155572682e-08,-1.2376017339484541e-13,2.499367267010403e-08
696,2.4858418386422907e-08,-1.2327546050372373e-13,2.48581718355019e-08,-1.2327546050372373e-13,2.498185382031808e-08
697,2.4847832649847024e-08,-1.22807481272094e-13,2.484758703488448e-08,-1.22807481272094e-13,2.4969861176155387e-08
698,2.48355318868996e-08,-1.223283156314867e-13,2.4835287230268338e-08,-1.223283156314867e-13,2.4957639372980537e-08
699,2.4823246814571782e-08,-1.2186503695737783e-13,2.4823003084497867e-08,-1.2186503695737783e-13,2.4945433744413223e-08
700,2.4810625230322902e-08,-1.2138901004909147e-13,2.4810382452302803e-08,-1.2138901004909147e-13,2.493285621109746e-08
701,2.4796524919794766e-08,-1.2089771294619938e-13,2.479628312436887e-08,-1.2089771294619938e-13,2.4918754401607795e-08
702,2.4780800541227303e-08,-1.2040294530125774e-13,2.47805597353367e-08,-1.2040294530125774e-13,2.4904612732478143e-08
703,2.4767843029472065e-08,-1.1992422648541478e-13,2.4767603181019093e-08,-1.1992422648541478e-13,2.4890201815893867e-08
704,2.4753301385889563e-08,-1.1943603758186428e-13,2.4753062513814398e-08,-1.1943603758186428e-13,2.4875693652616627e-08
705,2.4738646021726098e-08,-1.1896189211422528e-13,2.4738408097941868e-08,-1.1896189211422528e-13,2.4861077900019058e-08
706,2.472396790430715e-08,-1.1847931576492522e-13,2.4723730945675622e-08,-1.1847931576492522e-13,2.4846407683165004e-08
707,2.4709274496990293e-08,-1.1799931239908281e-13,2.4709038498365495e-08,-1.1799931239908281e-13,2.4831717875029252e-08
708,2.4692974287695673e-08,-1.1751555524184162e-13,2.469273925658519e-08,-1.1751555524184162e-13,2.4817000525884035e-08
709,2.467955032015394e-08,-1.1704771831744976e-13,2.4679316224717305e-08,-1.1704771831744976e-13,2.48021583946979e-08
710,2.4664500347804783e-08,-1.1657422552494073e-13,2.4664267199353735e-08,-1.1657422552494073e-13,2.4787170980474862e-08
711,2.4649471738172712e-08,-1.160983694364873e-13,2.464923954143384e-08,-1.160983694364873e-13,2.477221057803421e-08
712,2.4634502436169388e-08,-1.156379337236041e-13,2.463427116030194e-08,-1.156379337236041e-13,2.4757279296808892e-08
713,2.4619571353930633e-08,-1.1516989568150802e-13,2.461934101413927e-08,-1.1516989568150802e-13,2.4742383304307724e-08
714,2.4604151769154404e-08,-1.146999889032677e-13,2.4603922369176598e-08,-1.146999889032677e-13,2.4726993636950686e-08
715,2.4586958660560805e-08,-1.1422515736056832e-13,2.4586730210246085e-08,-1.1422515736056832e-13,2.471134964692432e-08
716,2.4572705936875435e-08,-1.1376681283661983e-13,2.457247840324976e-08,-1.1376681283661983e-13,2.4695635492983225e-08
717,2.4556910411005417e-08,-1.1329863354070581e-13,2.4556683813738336e-08,-1.1329863354070581e-13,2.4679847032032878e-08
718,2.454107953638411e-08,-1.1284499898548017e-13,2.454085384638614e-08,-1.1284499898548017e-13,2.4664055511896258e-08
719,2.4525351212372136e-08,-1.1238372530783377e-13,2.452512644492152e-08,-1.1238372530783377e-13,2.464835828095505e-08
720,2.4509366325081166e-08,-1.119238244604392e-13,2.4509142477432245e-08,-1.119238244604392e-13,2.4632392363367454e-08
721,2.4491754898685684e-08,-1.1146068514544588e-13,2.4491531977315394e-08,-1.1146068514544588e-13,2.4616366867978217e-08
722,2.4477163261342927e-08,-1.1101331037203109e-13,2.4476941234722183e-08,-1.1101331037203109e-13,2.46003692911334e-08
723,2.4460851264136576e-08,-1.1055358018856959e-13,2.44606301569762e-08,-1.1055358018856959e-13,2.458414863467285e-08
724,2.444356037974886e-08,-1.1009633594455488e-13,2.4443340187076972e-08,-1.1009633594455488e-13,2.456707561922487e-08
725,2.4426620569775806e-08,-1.0963254702192413e-13,2.4426401304681763e-08,-1.0963254702192413e-13,2.4550345764468946e-08
726,2.4409798476346005e-08,-1.0917104975824317e-13,2.4409580134246487e-08,-1.0917104975824317e-13,2.4533735604414916e-08
727,2.439175704149107e-08,-1.0870688079898471e-13,2.4391539627729473e-08,-1.0870688079898471e-13,2.4517447815663582e-08
728,2.4376885974142543e-08,-1.0825903526897323e-13,2.4376669456072004e-08,-1.0825903526897323e-13,2.450123145021028e-08
729,2.436059529032693e-08,-1.078063008036173e-13,2.4360379677725324e-08,-1.078063008036173e-13,2.448504230473408e-08
730,2.434436817586763e-08,-1.0735157324760957e-13,2.4344153472721132e-08,-1.0735157324760957e-13,2.4468913291311116e-08
731,2.432811571341401e-08,-1.0691080917989104e-13,2.432790189179565e-08,-1.0691080917989104e-13,2.4452712367507692e-08
732,2.431175627908814e-08,-1.0646282491057789e-13,2.4311543353438317e-08,-1.0646282491057789e-13,2.443638897449894e-08
733,2.4295167848876277e-08,-1.0601355727950006e-13,2.4294955821761718e-08,-1.0601355727950006e-13,2.4419861282045102e-08
734,2.427666678775302e-08,-1.0555677798086632e-13,2.427645567419706e-08,-1.0555677798086632e-13,2.4402927281653642e-08
735,2.4261148691492207e-08,-1.0511603013208897e-13,2.4260938459431943e-08,-1.0511603013208897e-13,2.438600640552984e-08
736,2.4243956477952596e-08,-1.0466439326563483e-13,2.4243747149166063e-08,-1.0466439326563483e-13,2.436881444661127e-08
737,2.42262792885813e-08,-1.0422443172461469e-13,2.4226070839717852e-08,-1.0422443172461469e-13,2.4351113000963123e-08
738,2.4208442762450897e-08,-1.0377767831414756e-13,2.4208235207094268e-08,-1.0377767831414756e-13,2.4333226361344715e-08
739,2.419062610829976e-08,-1.0333294318718198e-13,2.4190419442413386e-08,-1.0333294318718198e-13,2.4315346589304916e-08
740,2.4171202631903586e-08,-1.028855111247349e-13,2.4170996860881338e-08,-1.028855111247349e-13,2.4297456387302942e-08
741,2.415475162921032e-08,-1.0245231668283765e-13,2.4154546724576952e-08,-1.0245231668283765e-13,2.4279599990022287e-08
742,2.4136877918674286e-08,-1.0201136672245658e-13,2.4136673895940843e-08,-1.0201136672245658e-13,2.4261779169446547e-08
743,2.4118849170522933e-08,-1.0158268625907951e-13,2.4118646005150416e-08,-1.0158268625907951e-13,2.4243799229743298e-08
744,2.410001152340396e-08,-1.0113916996609246e-13,2.4099809245064028e-08,-1.0113916996609246e-13,2.422496532685349e-08
745,2.4081189152344503e-08,-1.0069890630854253e-13,2.4080987754531885e-08,-1.0069890630854253e-13,2.420613682266496e-08
746,2.406083104703941e-08,-1.0025533699503358e-13,2.406063053636542e-08,-1.0025533699503358e-13,2.4187312211750773e-08
747,2.4043429054303547e-08,-9.982676957094732e-14,2.4043229400764404e-08,-9.982676957094732e-14,2.4168497848491883e-08
748,2.4024377318789302e-08,-9.93930784557191e-14,2.402417853263239e-08,-9.93930784557191e-14,2.4149489075502985e-08
749,2.400562539840246e-08,-9.896075587186622e-14,2.4005427476890716e-08,-9.896075587186622e-14,2.4130762244492467e-08
750,2.3987064161041023e-08,-9.854198619235256e-14,2.3986867077068638e-08,-9.854198619235256e-14,2.411218953912206e-08
751,2.3968490146914613e-08,-9.811741477939952e-14,2.3968293912085055e-08,-9.811741477939952e-14,2.4093595555805253e-08
752,2.3949867443041744e-08,-9.769409272693808e-14,2.394967205485629e-08,-9.769409272693808e-14,2.407498753408484e-08
753,2.3929751899047533e-08,-9.726914672376614e-14,2.3929557360754086e-08,-9.726914672376614e-14,2.4056410596429338e-08
754,2.3911746917261787e-08,-9.685153630534277e-14,2.3911553214189177e-08,-9.685153630534277e-14,2.403702402003924e-08
755,2.3891536585226714e-08,-9.641853215309202e-14,2.3891343748162407e-08,-9.641853215309202e-14,2.401689930769031e-08
756,2.3871460477234565e-08,-9.599796468113961e-14,2.3871268481305202e-08,-9.599796468113961e-14,2.3996912107204637e-08
757,2.3851615309662828e-08,-9.557237903755365e-14,2.3851424164904754e-08,-9.557237903755365e-14,2.397712087624629e-08
758,2.383188498299398e-08,-9.514921864707277e-14,2.383169468455669e-08,-9.514921864707277e-14,2.395742859640042e-08
759,2.3810680856871593e-08,-9.472363166635301e-14,2.381049140960826e-08,-9.472363166635301e-14,2.3937757028371575e-08
760,2.3792234230088616e-08,-9.431130334330788e-14,2.3792045607481928e-08,-9.431130334330788e-14,2.3917916290565748e-08
761,2.3772403411135418e-08,-9.389237348064376e-14,2.3772215626388456e-08,-9.389237348064376e-14,2.3898132182583433e-08
762,2.3752620829577953e-08,-9.348485721595234e-14,2.375243385986352e-08,-9.348485721595234e-14,2.3878391793119164e-08
763,2.373308612544541e-08,-9.307331312562965e-14,2.373289997881916e-08,-9.307331312562965e-14,2.3858837343965948e-08
764,2.3713535344190886e-08,-9.266380724572362e-14,2.3713350016576393e-08,-9.266380724572362e-14,2.3839258813904048e-08
765,2.3692276889721902e-08,-9.225071956421271e-14,2.3692092388282773e-08,-9.225071956421271e-14,2.3819482550579904e-08
766,2.3672999251372108e-08,-9.184419002197233e-14,2.3672815562992062e-08,-9.184419002197233e-14,2.3798755775797928e-08
767,2.3652261016347166e-08,-9.143096640112321e-14,2.3652078154414365e-08,-9.143096640112321e-14,2.3778024777039965e-08
768,2.363152624443837e-08,-9.10290132043114e-14,2.3631344186411962e-08,-9.10290132043114e-14,2.3757294725983538e-08
769,2.361082078977716e-08,-9.062140678042891e-14,2.36106395469636e-08,-9.062140678042891e-14,2.373657359168124e-08
770,2.3590150506028378e-08,-9.02162318356412e-14,2.3589970073564707e-08,-9.02162318356412e-14,2.371590067826754e-08
771,2.3567835596413726e-08,-8.980817499080144e-14,2.3567655980063745e-08,-8.980817499080144e-14,2.369509138492493e-08
772,2.354849525891976e-08,-8.941335537297011e-14,2.3548316432209015e-08,-8.941335537297011e-14,2.3674372045276962e-08
773,2.3527789503471027e-08,-8.901557623503525e-14,2.3527611472318557e-08,-8.901557623503525e-14,2.365370208438705e-08
774,2.3507128774756285e-08,-8.861610416780263e-14,2.350695154254795e-08,-8.861610416780263e-14,2.3633081351626246e-08
775,2.3486551183061948e-08,-8.822767190926294e-14,2.348637472771813e-08,-8.822767190926294e-14,2.3612517106268197e-08
776,2.3466021801052647e-08,-8.783457020974657e-14,2.3465846131912226e-08,-8.783457020974657e-14,2.3591993698244395e-08
777,2.34446580433938e-08,-8.743826137533363e-14,2.3444483166871052e-08,-8.743826137533363e-14,2.3570665560009195e-08
778,2.3421427876343972e-08,-8.703469253309893e-14,2.3421253806958905e-08,-8.703469253309893e-14,2.3548959546000755e-08
779,2.3401173290020423e-08,-8.664374452880167e-14,2.3401000002531367e-08,-8.664374452880167e-14,2.3527364145309842e-08
780,2.3379622111172704e-08,-8.624656797115705e-14,2.337944961803676e-08,-8.624656797115705e-14,2.3505881299740552e-08
781,2.3358184833396315e-08,-8.586016831896829e-14,2.3358013113059675e-08,-8.586016831896829e-14,2.348451092417415e-08
782,2.333683591683193e-08,-8.546919845956025e-14,2.333666497843501e-08,-8.546919845956025e-14,2.346318105842997e-08
783,2.331548117900774e-08,-8.508034689652446e-14,2.3315311018313948e-08,-8.508034689652446e-14,2.3441833101176887e-08
784,2.3292614453650754e-08,-8.468895933112373e-14,2.329244507573209e-08,-8.468895933112373e-14,2.3420459485389092e-08
785,2.3272651983133656e-08,-8.43098346965978e-14,2.3272483363464263e-08,-8.43098346965978e-14,2.3399136483152527e-08
786,2.3251343682234423e-08,-8.392483115245858e-14,2.3251175832572117e-08,-8.392483115245858e-14,2.33778640591202e-08
787,2.323009032935287e-08,-8.355057489218106e-14,2.3229923228203086e-08,-8.355057489218106e-14,2.3356644728509716e-08
788,2.3208796018337543e-08,-8.317072283095583e-14,2.320862967689188e-08,-8.317072283095583e-14,2.333535898108222e-08
789,2.3187503617180475e-08,-8.279309863922761e-14,2.3187338030983198e-08,-8.279309863922761e-14,2.331406499409289e-08
790,2.316394961699704e-08,-8.240668499625739e-14,2.316378480362705e-08,-8.240668499625739e-14,2.3291968335693117e-08
791,2.3143240713383382e-08,-8.203209260804313e-14,2.3143076649198167e-08,-8.203209260804313e-14,2.3269879775930104e-08
792,2.3121162890495337e-08,-8.16545640402592e-14,2.3120999581367256e-08,-8.16545640402592e-14,2.3247809836735177e-08
793,2.3099361815444537e-08,-8.127821676187129e-14,2.3099199259011013e-08,-8.127821676187129e-14,2.322597838443756e-08
794,2.307741945474032e-08,-8.091213257028902e-14,2.307725763047518e-08,-8.091213257028902e-14,2.3203973350579173e-08
795,2.305542250682639e-08,-8.054141324072368e-14,2.305526142399991e-08,-8.054141324072368e-14,2.3181902978345382e-08
796,2.3033393567306654e-08,-8.017220050479237e-14,2.3033233222905644e-08,-8.017220050479237e-14,2.315982837666589e-08
797,2.3009946130123976e-08,-7.980186778617361e-14,2.3009786526388404e-08,-7.980186778617361e-14,2.3137816938237752e-08
798,2.2989344828311056e-08,-7.944254085272289e-14,2.2989185943229352e-08,-7.944254085272289e-14,2.3115855110782026e-08
799,2.296732808069952e-08,-7.907714286266082e-14,2.2967169926413795e-08,-7.907714286266082e-14,2.3093860879155854e-08
800,2.2945187918456484e-08,-7.87219343957096e-14,2.2945030474587694e-08,-7.87219343957096e-14,2.307173954232844e-08
801,2.292311687060566e-08,-7.836168327913611e-14,2.2922960147239102e-08,-7.836168327913611e-14,2.304966424810084e-08
802,2.290109948168385e-08,-7.800374907613277e-14,2.29009434741857e-08,-7.800374907613277e-14,2.302763452574052e-08
803,2.2877026147450005e-08,-7.763809516687834e-14,2.2876870871259673e-08,-7.763809516687834e-14,2.300499424276806e-08
804,2.285574145824018e-08,-7.728315423067087e-14,2.285558689193172e-08,-7.728315423067087e-14,2.298234825724145e-08
805,2.2832984735108907e-08,-7.692305911004616e-14,2.2832830888990687e-08,-7.692305911004616e-14,2.2959596313116885e-08
806,2.2810183972007814e-08,-7.657214143151803e-14,2.281003082772495e-08,-7.657214143151803e-14,2.293679438259873e-08
807,2.2787439255012853e-08,-7.621696543549648e-14,2.278728682108198e-08,-7.621696543549648e-14,2.2914037956493064e-08
808,2.2764750425790673e-08,-7.586406317267725e-14,2.2764598697664328e-08,-7.586406317267725e-14,2.289133035138282e-08
809,2.274065730035048e-08,-7.550896391784314e-14,2.2740506282422645e-08,-7.550896391784314e-14,2.286866718237205e-08
810,2.271935784743223e-08,-7.516477564315399e-14,2.2719207517880943e-08,-7.516477564315399e-14,2.284598851821867e-08
811,2.2696598869189426e-08,-7.481813148434427e-14,2.2696449232926458e-08,-7.481813148434427e-14,2.2823203831714092e-08
812,2.2673807609440477e-08,-7.446987966886578e-14,2.2673658669681138e-08,-7.446987966886578e-14,2.280038633077348e-08
813,2.2651021378756783e-08,-7.413137406456455e-14,2.2650873116008654e-08,-7.413137406456455e-14,2.2777546316557178e-08
814,2.2628250160805694e-08,-7.37887671576068e-14,2.262810258327138e-08,-7.37887671576068e-14,2.2754747823670997e-08
815,2.2605495353645664e-08,-7.344764189464942e-14,2.2605348458361875e-08,-7.344764189464942e-14,2.2732000380845774e-08
816,2.258099824221324e-08,-7.310302901896037e-14,2.25808520361552e-08,-7.310302901896037e-14,2.2708928265062065e-08
817,2.2558277949107688e-08,-7.276103712125574e-14,2.2558132427033445e-08,-7.276103712125574e-14,2.2684941404327156e-08
818,2.253440677067108e-08,-7.241396722081858e-14,2.2534261942736638e-08,-7.241396722081858e-14,2.2661161919617727e-08
819,2.2510743147599438e-08,-7.207651708261657e-14,2.251059899456527e-08,-7.207651708261657e-14,2.2637594741683873e-08
820,2.2487306365652457e-08,-7.173510676822055e-14,2.248716289543892e-08,-7.173510676822055e-14,2.2614231081780532e-08
821,2.2464024774118415e-08,-7.139595119517568e-14,2.2463881982216024e-08,-7.139595119517568e-14,2.2590955929878698e-08
822,2.2439318367124218e-08,-7.105510309080235e-14,2.2439176256918036e-08,-7.105510309080235e-14,2.2567677082300752e-08
823,2.2417369382357617e-08,-7.072434314330319e-14,2.241722793367133e-08,-7.072434314330319e-14,2.2544417684579493e-08
824,2.239418299501178e-08,-7.038900059866386e-14,2.2394042217010584e-08,-7.038900059866386e-14,2.2521254456258938e-08
825,2.237106234466056e-08,-7.006281121985881e-14,2.237092221903812e-08,-7.006281121985881e-14,2.249815146118397e-08
826,2.2348024586552505e-08,-6.973257903518537e-14,2.2347885121394435e-08,-6.973257903518537e-14,2.2475109010094786e-08
827,2.2325170337950586e-08,-6.94048569998061e-14,2.2325031528236586e-08,-6.94048569998061e-14,2.2452234633993365e-08
828,2.230106969370233e-08,-6.907754055230199e-14,2.2300931538621224e-08,-6.907754055230199e-14,2.2429504610284638e-08
829,2.2279661578312254e-08,-6.876010589876386e-14,2.2279524058100457e-08,-6.876010589876386e-14,2.240675091841217e-08
830,2.225691276705658e-08,-6.844052422721704e-14,2.2256775886008126e-08,-6.844052422721704e-14,2.2383980224020065e-08
831,2.2233788100408964e-08,-6.81169349937952e-14,2.2233651866538975e-08,-6.81169349937952e-14,2.236083166209258e-08
832,2.2210375758706656e-08,-6.779926988563802e-14,2.2210240160166885e-08,-6.779926988563802e-14,2.2337382348990206e-08
833,2.2186952857345742e-08,-6.74783802886865e-14,2.2186817900585166e-08,-6.74783802886865e-14,2.231391643945015e-08
834,2.2163417678604534e-08,-6.7158595085534e-14,2.2163283361414363e-08,-6.7158595085534e-14,2.2290366246211117e-08
835,2.2138534033301253e-08,-6.683747036070677e-14,2.2138400358360533e-08,-6.683747036070677e-14,2.226685293704482e-08
836,2.2116382941773513e-08,-6.652609872819727e-14,2.2116249889576058e-08,-6.652609872819727e-14,2.2243390803965605e-08
837,2.2092965008324564e-08,-6.621001214545864e-14,2.2092832588300272e-08,-6.621001214545864e-14,2.221998308909614e-08
838,2.2069606234954438e-08,-6.590249059682541e-14,2.2069474429973243e-08,-6.590249059682541e-14,2.219663522913291e-08
839,2.2046248650689844e-08,-6.559109318547012e-14,2.2046117468503474e-08,-6.559109318547012e-14,2.21732647598278e-08
840,2.2023067521310914e-08,-6.52825490056937e-14,2.20229369562129e-08,-6.52825490056937e-14,2.2150045202451222e-08
841,2.1998561913090317e-08,-6.497276376026036e-14,2.1998431967562795e-08,-6.497276376026036e-14,2.2126886190075345e-08
842,2.1976727601852267e-08,-6.467228129859962e-14,2.197659825728967e-08,-6.467228129859962e-14,2.2103726308032368e-08
843,2.1953586087527507e-08,-6.43669173300439e-14,2.1953457353692846e-08,-6.43669173300439e-14,2.2080566435730932e-08
844,2.1930464033653884e-08,-6.40701885094005e-14,2.1930335893276866e-08,-6.40701885094005e-14,2.2057439922117757e-08
845,2.1907303798439795e-08,-6.3769323723448e-14,2.190717625979235e-08,-6.3769323723448e-14,2.2034259932867786e-08
846,2.1884192067408352e-08,-6.34703508228715e-14,2.1884065126706706e-08,-6.34703508228715e-14,2.2011122186599793e-08
847,2.185886258515773e-08,-6.316385231110653e-14,2.1858736257453106e-08,-6.316385231110653e-14,2.1987192677445306e-08
848,2.1836285473290134e-08,-6.286632617767625e-14,2.183615974063778e-08,-6.286632617767625e-14,2.1963374397582905e-08
849,2.1812565880773104e-08,-6.256688638635371e-14,2.181244074700033e-08,-6.256688638635371e-14,2.193971746874265e-08
850,2.178898164544106e-08,-6.226673683196744e-14,2.1788857111967394e-08,-6.226673683196744e-14,2.191620443954023e-08
851,2.1765487707675037e-08,-6.19748365628435e-14,2.176536375800191e-08,-6.19748365628435e-14,2.189271102324768e-08
852,2.1742072865723924e-08,-6.167964389212295e-14,2.174194950643614e-08,-6.167964389212295e-14,2.1869286030913017e-08
853,2.171869692222993e-08,-6.13860393495161e-14,2.171857415015123e-08,-6.13860393495161e-14,2.1845924977118846e-08
854,2.169404198596021e-08,-6.109109172130024e-14,2.1693919803776768e-08,-6.109109172130024e-14,2.1822624097343394e-08
855,2.1672058055660953e-08,-6.080495795250443e-14,2.1671936445745047e-08,-6.080495795250443e-14,2.1799369078851413e-08
856,2.1648824524327993e-08,-6.051493589037481e-14,2.1648703494456213e-08,-6.051493589037481e-14,2.1776150591714262e-08
857,2.1625639259193407e-08,-6.023235100093029e-14,2.1625518794491404e-08,-6.023235100093029e-14,2.175297661925967e-08
858,2.1602534362433327e-08,-5.99465796384609e-14,2.160241446927405e-08,-5.99465796384609e-14,2.1729860263285688e-08
859,2.1579494915045126e-08,-5.966244189752597e-14,2.157937559016133e-08,-5.966244189752597e-14,2.1706801680432753e-08
860,2.1555152184442935e-08,-5.937720672328927e-14,2.155503343002949e-08,-5.937720672328927e-14,2.1683801442368258e-08
861,2.1533473055765976e-08,-5.910027887407082e-14,2.1533354855208227e-08,-5.910027887407082e-14,2.166085984708975e-08
862,2.1510511255217508e-08,-5.881944529478842e-14,2.151039361632692e-08,-5.881944529478842e-14,2.163791120692282e-08
863,2.14874304618556e-08,-5.854509445974531e-14,2.148731337166668e-08,-5.854509445974531e-14,2.1614823689835268e-08
864,2.146401793999144e-08,-5.826496796364011e-14,2.1463901410055513e-08,-5.826496796364011e-14,2.1591343426364498e-08
865,2.144057099177762e-08,-5.798635815952306e-14,2.14404550190613e-08,-5.798635815952306e-14,2.156781573694239e-08
866,2.1415728099071714e-08,-5.770656386010838e-14,2.1415612685943993e-08,-5.770656386010838e-14,2.1544239097504227e-08
867,2.139341308243443e-08,-5.743518228830333e-14,2.1393298212069853e-08,-5.743518228830333e-14,2.152061510532725e-08
868,2.1369758115850772e-08,-5.7161451016399e-14,2.136964379294874e-08,-5.7161451016399e-14,2.1496949119636016e-08
869,2.1346144066209364e-08,-5.688704646858015e-14,2.1346030292116426e-08,-5.688704646858015e-14,2.1473330646064695e-08
870,2.1322604692466194e-08,-5.6620381055099186e-14,2.1322491451704084e-08,-5.6620381055099186e-14,2.1449763472623838e-08
871,2.1299122288313495e-08,-5.635041808663916e-14,2.129900958747732e-08,-5.635041808663916e-14,2.142625147895437e-08
872,2.1275688354313433e-08,-5.608206592825124e-14,2.1275576190181577e-08,-5.608206592825124e-14,2.1402805546985836e-08
873,2.12509606997163e-08,-5.581226993870994e-14,2.1250849075176422e-08,-5.581226993870994e-14,2.137936341267801e-08
874,2.122877583769021e-08,-5.555080194830004e-14,2.1228664736086312e-08,-5.555080194830004e-14,2.1355900211047597e-08
875,2.12053397005978e-08,-5.528528701419924e-14,2.1205229130023773e-08,-5.528528701419924e-14,2.1332439796113366e-08
876,2.118192120182902e-08,-5.502676562919402e-14,2.118181114829776e-08,-5.502676562919402e-14,2.130900535757497e-08
877,2.1158562611943532e-08,-5.476537860041732e-14,2.115845308118633e-08,-5.476537860041732e-14,2.1285621356034468e-08
878,2.113526364989409e-08,-5.450543469685629e-14,2.1135154639024697e-08,-5.450543469685629e-14,2.126229176504605e-08
879,2.1110622609434863e-08,-5.424422321729878e-14,2.111051412098843e-08,-5.424422321729878e-14,2.1238947714518423e-08
880,2.1088565088248526e-08,-5.399097478807714e-14,2.108845710629895e-08,-5.399097478807714e-14,2.121564805072153e-08
881,2.1065159815579925e-08,-5.3732993191766765e-14,2.1065052349593543e-08,-5.3732993191766765e-14,2.1192231601151945e-08
882,2.104157871435136e-08,-5.3480487824725795e-14,2.104147175337571e-08,-5.3480487824725795e-14,2.116861569323582e-08
883,2.101801221759959e-08,-5.322499984074241e-14,2.101790576759991e-08,-5.322499984074241e-14,2.1144991680436633e-08
884,2.0994435475148196e-08,-5.297125131866562e-14,2.099432953264556e-08,-5.297125131866562e-14,2.1121346632297084e-08
885,2.0969504392514382e-08,-5.271593829372065e-14,2.0969398960637795e-08,-5.271593829372065e-14,2.109767340562218e-08
886,2.0947121993918735e-08,-5.2468474466805304e-14,2.0947017056969803e-08,-5.2468474466805304e-14,2.1074048754565056e-08
887,2.0923557086439928e-08,-5.221911820617981e-14,2.0923452648203517e-08,-5.221911820617981e-14,2.1050476771898808e-08
888,2.090004175142368e-08,-5.196963398711938e-14,2.089993781215571e-08,-5.196963398711938e-14,2.1026960234664864e-08
889,2.087660845837784e-08,-5.1726276156453703e-14,2.087650500582553e-08,-5.1726276156453703e-14,2.100350234364807e-08
890,2.0853160415612888e-08,-5.148045706985063e-14,2.0853057454698747e-08,-5.148045706985063e-14,2.0980023290269298e-08
891,2.0829451427941436e-08,-5.1234106561275114e-14,2.0829348959728314e-08,-5.1234106561275114e-14,2.0956283815872746e-08
892,2.080446934024085e-08,-5.0986401465814776e-14,2.0804367367437916e-08,-5.0986401465814776e-14,2.093254307725409e-08
893,2.0781985358750424e-08,-5.074637206591988e-14,2.0781883866006293e-08,-5.074637206591988e-14,2.0908805849970527e-08
894,2.075828423559296e-08,-5.050251485659417e-14,2.0758183230563247e-08,-5.050251485659417e-14,2.088507300737814e-08
895,2.0734685290344917e-08,-5.026573734655688e-14,2.0734584758870224e-08,-5.026573734655688e-14,2.0861462867683613e-08
896,2.0711822261978102e-08,-5.0029962293716906e-14,2.0711722202053513e-08,-5.0029962293716906e-14,2.0838578882104896e-08
897,2.0689014832046802e-08,-4.979598898160915e-14,2.0688915240068838e-08,-4.979598898160915e-14,2.081574538435892e-08
898,2.0664977643091888e-08,-4.9560472816537077e-14,2.0664878522146255e-08,-4.9560472816537077e-14,2.0792974629517412e-08
899,2.0643471585384393e-08,-4.933227154687744e-14,2.0643372920841298e-08,-4.933227154687744e-14,2.0770266269742025e-08
900,2.0620565707323045e-08,-4.909916936980481e-14,2.0620467508984307e-08,-4.909916936980481e-14,2.074736800122243e-08
901,2.0595850935033036e-08,-4.886175869171426e-14,2.0595753211515653e-08,-4.886175869171426e-14,2.07226708688834e-08
902,2.0571203561092605e-08,-4.8621741933827653e-14,2.0571106317608738e-08,-4.8621741933827653e-14,2.0698021737361223e-08
903,2.054668275486458e-08,-4.838333245947967e-14,2.054658598819966e-08,-4.838333245947967e-14,2.0673494459309225e-08
904,2.0521001920055528e-08,-4.814413654852423e-14,2.0520905631782432e-08,-4.814413654852423e-14,2.0649083899077724e-08
905,2.0497903540190003e-08,-4.7912116633753994e-14,2.0497807715956737e-08,-4.7912116633753994e-14,2.0624785398576636e-08
906,2.0474768775706932e-08,-4.7684590098558337e-14,2.0474673406526734e-08,-4.7684590098558337e-14,2.0601666903864508e-08
907,2.0451666499105978e-08,-4.7456351261716484e-14,2.0451571586403456e-08,-4.7456351261716484e-14,2.0578581800463434e-08
908,2.0428622221429787e-08,-4.723408829824059e-14,2.042852775325319e-08,-4.723408829824059e-14,2.0555527038385982e-08
909,2.0405659817954334e-08,-4.700973935716742e-14,2.040556579847562e-08,-4.700973935716742e-14,2.0532548619240474e-08
910,2.0382738324031796e-08,-4.6786389306469535e-14,2.038264475125318e-08,-4.6786389306469535e-14,2.05096269808872e-08
911,2.035845809691206e-08,-4.6560756158389905e-14,2.0358364975399744e-08,-4.6560756158389905e-14,2.0486561858559364e-08
912,2.0336584696056112e-08,-4.6341581401554404e-14,2.033649201289331e-08,-4.6341581401554404e-14,2.046347649308411e-08
913,2.031345061867935e-08,-4.611921166597297e-14,2.0313358380256016e-08,-4.611921166597297e-14,2.0440313160265526e-08
914,2.0290306274828674e-08,-4.5902645066285586e-14,2.029021446953854e-08,-4.5902645066285586e-14,2.0417133263517945e-08
915,2.0267199678613306e-08,-4.56836286231976e-14,2.026710831135606e-08,-4.56836286231976e-14,2.039398952213899e-08
916,2.0244141677413462e-08,-4.5465925750439923e-14,2.0244050745561962e-08,-4.5465925750439923e-14,2.0370891821081912e-08
917,2.0219878353937077e-08,-4.524714599671367e-14,2.0219787859645083e-08,-4.524714599671367e-14,2.034784525742315e-08
918,2.0198058047312205e-08,-4.5034972918784245e-14,2.0197967977366366e-08,-4.5034972918784245e-14,2.0324843843429786e-08
919,2.0175066942045812e-08,-4.481984129785168e-14,2.0174977302363217e-08,-4.481984129785168e-14,2.0301848692922198e-08
920,2.0152129991001224e-08,-4.4610063795728684e-14,2.015204077087363e-08,-4.4610063795728684e-14,2.027890564480042e-08
921,2.0129206061630263e-08,-4.439782147382787e-14,2.0129117265987316e-08,-4.439782147382787e-14,2.0255951427198202e-08
922,2.0105921458177442e-08,-4.418448569416401e-14,2.0105833089206054e-08,-4.418448569416401e-14,2.0232595222094113e-08
923,2.0081381458232746e-08,-4.39704135983076e-14,2.008129351740555e-08,-4.39704135983076e-14,2.0209222956563092e-08
924,2.005917882910534e-08,-4.376236169364184e-14,2.0059091304381955e-08,-4.376236169364184e-14,2.0185805412386385e-08
925,2.0035769413250528e-08,-4.355273825403103e-14,2.003568230777402e-08,-4.355273825403103e-14,2.0162345885335714e-08
926,2.0012369914264162e-08,-4.3343007898656374e-14,2.0012283228248365e-08,-4.3343007898656374e-14,2.013892874748694e-08
927,1.9989040658168652e-08,-4.313859774763822e-14,1.9988954380973155e-08,-4.313859774763822e-14,2.0115559493229904e-08
928,1.9965764788183006e-08,-4.293209961104567e-14,1.9965678923983784e-08,-4.293209961104567e-14,2.009224165224565e-08
929,1.994251540888925e-08,-4.272673689267048e-14,1.9942429955415464e-08,-4.272673689267048e-14,2.006897882801305e-08
930,1.9918116830484955e-08,-4.2520369529402554e-14,1.9918031789745896e-08,-4.2520369529402554e-14,2.0045771080013832e-08
931,1.989612515408302e-08,-4.2320287759975616e-14,1.9896040513507502e-08,-4.2320287759975616e-14,2.0022618729611983e-08
932,1.9873034185060095e-08,-4.2117276745843285e-14,1.9872949950506604e-08,-4.2117276745843285e-14,1.9999521760193723e-08
933,1.9850428952278716e-08,-4.19215439803447e-14,1.9850345109190756e-08,-4.19215439803447e-14,1.997689758002787e-08
934,1.9827918706469554e-08,-4.172381343882575e-14,1.982783525884268e-08,-4.172381343882575e-14,1.9954346460261867e-08
935,1.9805431567053747e-08,-4.1527299718540116e-14,1.980534851245431e-08,-4.1527299718540116e-14,1.993181005816222e-08
936,1.9781704283486244e-08,-4.132976818096263e-14,1.9781621623949883e-08,-4.132976818096263e-14,1.9909247229137635e-08
937,1.9760337716582572e-08,-4.113811960299913e-14,1.9760255440343367e-08,-4.113811960299913e-14,1.9886727199511425e-08
938,1.9737873655323507e-08,-4.09437692828271e-14,1.9737791767784942e-08,-4.09437692828271e-14,1.9864254691702858e-08
939,1.9715459677058818e-08,-4.075454876526556e-14,1.9715378167961286e-08,-4.075454876526556e-14,1.984183094979997e-08
940,1.9693113893312646e-08,-4.056302405811689e-14,1.969303276726453e-08,-4.056302405811689e-14,1.9819458729032355e-08
941,1.967082297307348e-08,-4.037284126573892e-14,1.9670742227390946e-08,-4.037284126573892e-14,1.9797135295491184e-08
942,1.9647375243535612e-08,-4.018178848653768e-14,1.9647294879958638e-08,-4.018178848653768e-14,1.977485991751126e-08
943,1.962628667414673e-08,-3.999643957356147e-14,1.9626206681267583e-08,-3.999643957356147e-14,1.975263584467767e-08
944,1.960404156144846e-08,-3.980794820727451e-14,1.9603961945552046e-08,-3.980794820727451e-14,1.973038851927629e-08
945,1.9581339628790925e-08,-3.962216175716324e-14,1.958126038446741e-08,-3.962216175716324e-14,1.9707690000319435e-08
946,1.9558734797832272e-08,-3.943446134968394e-14,1.9558655928909573e-08,-3.943446134968394e-14,1.968507133856922e-08
947,1.95362568093225e-08,-3.9247687736227074e-14,1.953617831394703e-08,-3.9247687736227074e-14,1.966257518036603e-08
948,1.951267685431791e-08,-3.906049182542489e-14,1.951259873333426e-08,-3.906049182542489e-14,1.9640170063793996e-08
949,1.94914527058068e-08,-3.887861560442743e-14,1.949137494857559e-08,-3.887861560442743e-14,1.9617824376330717e-08
950,1.946916688872281e-08,-3.8695641712312264e-14,1.9469089497439387e-08,-3.8695641712312264e-14,1.9595535827793348e-08
951,1.9446934339976457e-08,-3.851206738268581e-14,1.944685731584169e-08,-3.851206738268581e-14,1.957330156846542e-08
952,1.942477265234123e-08,-3.833364873928479e-14,1.9424695985043753e-08,-3.833364873928479e-14,1.9551113306228007e-08
953,1.9402614873755624e-08,-3.815320406938279e-14,1.9402538567347486e-08,-3.815320406938279e-14,1.952892237215146e-08
954,1.9380482395843547e-08,-3.797373611141471e-14,1.9380406448371325e-08,-3.797373611141471e-14,1.9506780263839007e-08
955,1.9357242501622808e-08,-3.779342372693486e-14,1.9357166914775353e-08,-3.779342372693486e-14,1.948468650917374e-08
956,1.933631170178437e-08,-3.761854103223105e-14,1.9336236464702307e-08,-3.761854103223105e-14,1.9462640945881707e-08
957,1.9314278623606407e-08,-3.744079023716989e-14,1.9314203742025934e-08,-3.744079023716989e-14,1.9440588209159162e-08
958,1.9292264752906967e-08,-3.7267799060362753e-14,1.9292190217308846e-08,-3.7267799060362753e-14,1.9418545707777906e-08
959,1.9270291901735043e-08,-3.7092654199200264e-14,1.9270217716426644e-08,-3.7092654199200264e-14,1.939652395984396e-08
960,1.9248335099448797e-08,-3.691881431768321e-14,1.9248261261820162e-08,-3.691881431768321e-14,1.9374509817647937e-08
961,1.9225230609150744e-08,-3.674397772953092e-14,1.9225157121195286e-08,-3.674397772953092e-14,1.93525307269845e-08
962,1.920440715095481e-08,-3.657438951501951e-14,1.9204334002175778e-08,-3.657438951501951e-14,1.9330597999099737e-08
963,1.9182498318370177e-08,-3.6402216682097436e-14,1.9182425513936813e-08,-3.6402216682097436e-14,1.9308685487783275e-08
964,1.916054839313649e-08,-3.6234166943114074e-14,1.9160475924802602e-08,-3.6234166943114074e-14,1.9286742681331194e-08
965,1.9138688890610516e-08,-3.606433475363606e-14,1.913861676194101e-08,-3.606433475363606e-14,1.9264874820821927e-08
966,1.911691789403966e-08,-3.5894228548418065e-14,1.9116846105582563e-08,-3.5894228548418065e-14,1.924309292856652e-08
967,1.909407102832093e-08,-3.57257711636878e-14,1.90939995767786e-08,-3.57257711636878e-14,1.9221387233670044e-08
968,1.907350974894074e-08,-3.556313575604661e-14,1.9073438622669228e-08,-3.556313575604661e-14,1.9199735396468404e-08
969,1.9051918025950295e-08,-3.5395349963109996e-14,1.905184723525037e-08,-3.5395349963109996e-14,1.917814255806224e-08
970,1.9028990865682645e-08,-3.5229087781932137e-14,1.902892040750708e-08,-3.5229087781932137e-14,1.9156317593365957e-08
971,1.900703272670248e-08,-3.506174479412956e-14,1.9006962603212893e-08,-3.506174479412956e-14,1.9134351252044468e-08
972,1.898620175885153e-08,-3.490077337221251e-14,1.8986131957304786e-08,-3.490077337221251e-14,1.9112375510257088e-08
973,1.896313213003721e-08,-3.473327968976619e-14,1.8963062663477833e-08,-3.473327968976619e-14,1.9090387702803656e-08
974,1.8942287805295648e-08,-3.457271033641561e-14,1.8942218659874974e-08,-3.457271033641561e-14,1.90684225915211e-08
975,1.8919294176141054e-08,-3.441040339884122e-14,1.8919225355334257e-08,-3.441040339884122e-14,1.9046486350727673e-08
976,1.889849507031983e-08,-3.4248903989058797e-14,1.889842657251185e-08,-3.4248903989058797e-14,1.9024575412264164e-08
977,1.887554952785992e-08,-3.408837603765643e-14,1.8875481351107845e-08,-3.408837603765643e-14,1.9002709876153647e-08
978,1.8853721057886524e-08,-3.392718902708251e-14,1.885365320350847e-08,-3.392718902708251e-14,1.8980890518215182e-08
979,1.883304724798124e-08,-3.377099047844356e-14,1.883297970600028e-08,-3.377099047844356e-14,1.895911783091187e-08
980,1.881024769304056e-08,-3.361314472256792e-14,1.8810180466751115e-08,-3.361314472256792e-14,1.8937392448682304e-08
981,1.8789660456323908e-08,-3.3455982566361596e-14,1.8789593544358774e-08,-3.3455982566361596e-14,1.8915712984705477e-08
982,1.8766975912476665e-08,-3.3299884900940574e-14,1.8766909312706865e-08,-3.3299884900940574e-14,1.8894080037591487e-08
983,1.8745378607804944e-08,-3.3143040766680434e-14,1.874531232172341e-08,-3.3143040766680434e-14,1.887249383744052e-08
984,1.872508087717808e-08,-3.299271043349859e-14,1.8725014891757212e-08,-3.299271043349859e-14,1.8851097442593792e-08
985,1.870272698794074e-08,-3.283658295433678e-14,1.870266131477483e-08,-3.283658295433678e-14,1.8829792133539512e-08
986,1.8682533807403415e-08,-3.268688701511755e-14,1.8682468433629384e-08,-3.268688701511755e-14,1.880849112407026e-08
987,1.8660194534387914e-08,-3.25356567683835e-14,1.8660129463074376e-08,-3.25356567683835e-14,1.878717014417885e-08
988,1.863999256053937e-08,-3.238507871357657e-14,1.863992779038194e-08,-3.238507871357657e-14,1.8765864591881742e-08
989,1.8617669231707383e-08,-3.2235462292031126e-14,1.86176047607828e-08,-3.2235462292031126e-14,1.87445974756432e-08
990,1.8596437294687785e-08,-3.208517890040724e-14,1.8596373124329984e-08,-3.208517890040724e-14,1.872337236067895e-08
991,1.8576336608461924e-08,-3.194066132763225e-14,1.857627272713927e-08,-3.194066132763225e-14,1.870219154663243e-08
992,1.8554151256847846e-08,-3.1790386933065647e-14,1.855408767607398e-08,-3.1790386933065647e-14,1.868106327291395e-08
993,1.8534151633411785e-08,-3.1646245254951404e-14,1.8534088340921276e-08,-3.1646245254951404e-14,1.8659991830013637e-08
994,1.8512093599598672e-08,-3.150065112463728e-14,1.8512030598296422e-08,-3.150065112463728e-14,1.8638966530850406e-08
995,1.8492186434159126e-08,-3.1355983668596406e-14,1.849212372219179e-08,-3.1355983668596406e-14,1.861798724165672e-08
996,1.847020119621501e-08,-3.1211858834529054e-14,1.847013877249734e-08,-3.1211858834529054e-14,1.8597053506856692e-08
997,1.844930042515984e-08,-3.106729914338509e-14,1.8449238290561555e-08,-3.106729914338509e-14,1.8576164673954417e-08
998,1.8429307153781552e-08,-3.092634502608926e-14,1.84292453010915e-08,-3.092634502608926e-14,1.8555133942555406e-08
999,1.8406868009251656e-08,-3.0782122845375436e-14,1.8406806445005966e-08,-3.0782122845375436e-14,1.853383059586879e-08
1000,1.838677303976402e-08,-3.063868823529948e-14,1.838671176238755e-08,-3.063868823529948e-14,1.8512777797535307e-08
1001,1.8364840553439603e-08,-3.049631673318382e-14,1.8364779560806136e-08,-3.049631673318382e-14,1.849197387677332e-08
1002,1.8344136602601783e-08,-3.035356910586274e-14,1.834407589546357e-08,-3.035356910586274e-14,1.84713694711514e-08
1003,1.83246428892893e-08,-3.0216397821934253e-14,1.8324582456493656e-08,-3.0216397821934253e-14,1.8450839404831793e-08
1004,1.8303121812911347e-08,-3.007368636472617e-14,1.8303061665538617e-08,-3.007368636472617e-14,1.8430369763606037e-08
1005,1.8283741793334232e-08,-2.993702095135056e-14,1.828368191929233e-08,-2.993702095135056e-14,1.8409944972745662e-08
1006,1.82623469777827e-08,-2.9798989846703496e-14,1.8262287379803006e-08,-2.9798989846703496e-14,1.8389563022796834e-08
1007,1.824306182794609e-08,-2.9661664950880825e-14,1.8243002504616186e-08,-2.9661664950880825e-14,1.8369222117274132e-08
1008,1.8221729082205797e-08,-2.952506049246075e-14,1.822167003208481e-08,-2.952506049246075e-14,1.8348917703208455e-08
1009,1.8201472865190095e-08,-2.9388082163828026e-14,1.8201414089025768e-08,-2.9388082163828026e-14,1.8328668056363384e-08
1010,1.8182337408845474e-08,-2.9256357547482304e-14,1.8182278896130378e-08,-2.9256357547482304e-14,1.8308482224930002e-08
1011,1.816116387504705e-08,-2.911941322663855e-14,1.8161105636220595e-08,-2.911941322663855e-14,1.828833313838885e-08
1012,1.814210425360472e-08,-2.898813735860758e-14,1.814204627733e-08,-2.898813735860758e-14,1.8268227338640836e-08
1013,1.8121031338488313e-08,-2.8855508732329104e-14,1.812097362747085e-08,-2.8855508732329104e-14,1.8248154137699355e-08
1014,1.810199062192151e-08,-2.8723111182325443e-14,1.8101933175699145e-08,-2.8723111182325443e-14,1.8228064056675305e-08
1015,1.808090287041168e-08,-2.859163920078644e-14,1.808084568713328e-08,-2.859163920078644e-14,1.820797922531252e-08
1016,1.806161344036683e-08,-2.8462755384097645e-14,1.806155651485606e-08,-2.8462755384097645e-14,1.8188584162309133e-08
1017,1.804326289893134e-08,-2.8338006663482002e-14,1.8043206222918013e-08,-2.8338006663482002e-14,1.8169060778022362e-08
1018,1.802249619545354e-08,-2.8211352646051926e-14,1.802243977274825e-08,-2.8211352646051926e-14,1.814917654182424e-08
1019,1.8003690356473813e-08,-2.8085348060175384e-14,1.8003634185777694e-08,-2.8085348060175384e-14,1.8129198406713256e-08
1020,1.7982811349578457e-08,-2.7960332813996953e-14,1.798275542891283e-08,-2.7960332813996953e-14,1.810926174078951e-08
1021,1.7962936915352163e-08,-2.78348404034464e-14,1.7962881245671357e-08,-2.78348404034464e-14,1.8089364229089452e-08
1022,1.794392091367695e-08,-2.771341401896595e-14,1.794386548684891e-08,-2.771341401896595e-14,1.8069297073680587e-08
1023,1.792301721995296e-08,-2.7587557477906136e-14,1.7922962044838002e-08,-2.7587557477906136e-14,1.804938840265355e-08
1024,1.790425197326927e-08,-2.7467154415691743e-14,1.7904197038960438e-08,-2.7467154415691743e-14,1.8029590137871564e-08
1025,1.7883509911573134e-08,-2.7345653016684555e-14,1.78834552202671e-08,-2.7345653016684555e-14,1.8009825543035358e-08
1026,1.786478932912862e-08,-2.7224643754132954e-14,1.7864734879841114e-08,-2.7224643754132954e-14,1.7990052817849864e-08
1027,1.784390064416635e-08,-2.7103713297567064e-14,1.7843846436739758e-08,-2.7103713297567064e-14,1.7970167101848918e-08
1028,1.7824104006829248e-08,-2.6982581489088648e-14,1.782405004166627e-08,-2.6982581489088648e-14,1.795038633730111e-08
1029,1.7805453773241728e-08,-2.68662265826527e-14,1.7805400040788562e-08,-2.68662265826527e-14,1.7930719615161387e-08
1030,1.77848513747295e-08,-2.674516172658473e-14,1.7784797884406044e-08,-2.674516172658473e-14,1.7911118040186825e-08
1031,1.7766546707771017e-08,-2.6629945840154124e-14,1.7766493447879335e-08,-2.6629945840154124e-14,1.7891805850780628e-08
1032,1.7746110730751547e-08,-2.6512744540505108e-14,1.7746057705262466e-08,-2.6512744540505108e-14,1.7872368859294256e-08
1033,1.7727725834259078e-08,-2.6396158539298343e-14,1.7727673041942e-08,-2.6396158539298343e-14,1.7853010285527436e-08
1034,1.7707453918745774e-08,-2.6280350348372515e-14,1.7707401358045078e-08,-2.6280350348372515e-14,1.783376628123994e-08
1035,1.768825654806031e-08,-2.6163906241958665e-14,1.7688204220247825e-08,-2.6163906241958665e-14,1.781460586966801e-08
1036,1.7670177058413935e-08,-2.6051504490326076e-14,1.7670124955404955e-08,-2.6051504490326076e-14,1.7795527365226264e-08
1037,1.7650188263737257e-08,-2.5937871936814494e-14,1.7650136387993384e-08,-2.5937871936814494e-14,1.7776514315405326e-08
1038,1.763218346057164e-08,-2.5824783229544426e-14,1.7632131811005182e-08,-2.5824783229544426e-14,1.775750372033785e-08
1039,1.761220135363335e-08,-2.5712293617283976e-14,1.7612149929046115e-08,-2.5712293617283976e-14,1.7738474976695158e-08
1040,1.7593164302386616e-08,-2.559911066538539e-14,1.7593113104165287e-08,-2.559911066538539e-14,1.7719446653153943e-08
1041,1.757517053645151e-08,-2.5490418348521156e-14,1.7575119555614814e-08,-2.5490418348521156e-14,1.7700462537638266e-08
1042,1.7555249152952403e-08,-2.5377124126183908e-14,1.755519839870415e-08,-2.5377124126183908e-14,1.7681524716972408e-08
1043,1.7537410780161e-08,-2.526891549001857e-14,1.753736024233002e-08,-2.526891549001857e-14,1.7662693408319808e-08
1044,1.7517713627214586e-08,-2.5159697457493853e-14,1.751766330781967e-08,-2.5159697457493853e-14,1.7643941688022632e-08
1045,1.7499973839977334e-08,-2.505093202212495e-14,1.749992373811329e-08,-2.505093202212495e-14,1.7625201258511883e-08
1046,1.7480251450304945e-08,-2.4942692639813756e-14,1.7480201564919667e-08,-2.4942692639813756e-14,1.7606441217738806e-08
1047,1.7461485775118688e-08,-2.483384218759892e-14,1.7461436107434314e-08,-2.483384218759892e-14,1.758768724226207e-08
1048,1.7443846753558627e-08,-2.4729530610040323e-14,1.7443797294497406e-08,-2.4729530610040323e-14,1.7569067106142196e-08
1049,1.742443219666285e-08,-2.4621110729933793e-14,1.7424382954441387e-08,-2.4621110729933793e-14,1.7550625330832857e-08
1050,1.7406932150080487e-08,-2.4517222785718185e-14,1.7406883115634917e-08,-2.4517222785718185e-14,1.7532152560148327e-08
1051,1.738757447531892e-08,-2.4412417433256227e-14,1.7387525650484055e-08,-2.4412417433256227e-14,1.751373764066662e-08
1052,1.7370168173823707e-08,-2.4308030799804477e-14,1.7370119557762108e-08,-2.4308030799804477e-14,1.7495355404556633e-08
1053,1.7350854296891243e-08,-2.4204177656034313e-14,1.7350805888535932e-08,-2.4204177656034313e-14,1.7477002091655072e-08
1054,1.733254207014398e-08,-2.409996218147314e-14,1.7332493870219618e-08,-2.409996218147314e-14,1.745869484980915e-08
1055,1.731528707598343e-08,-2.399909517894587e-14,1.731523907779307e-08,-2.399909517894587e-14,1.7440466249180026e-08
1056,1.7296131884310126e-08,-2.3897170902514616e-14,1.729608408996832e-08,-2.3897170902514616e-14,1.7422260231943567e-08
1057,1.7278915994465823e-08,-2.3795599049173345e-14,1.7278868403267724e-08,-2.3795599049173345e-14,1.740407503164852e-08
1058,1.7259836806390127e-08,-2.36947229755312e-14,1.7259789416944176e-08,-2.36947229755312e-14,1.7385926664785465e-08
1059,1.724170933730692e-08,-2.3593349633190685e-14,1.7241662150607654e-08,-2.3593349633190685e-14,1.7367808152004224e-08
1060,1.7224582565381704e-08,-2.3495960545123704e-14,1.7224535573460613e-08,-2.3495960545123704e-14,1.7349715827990745e-08
1061,1.7205586174934087e-08,-2.3394564369376843e-14,1.720553938580535e-08,-2.3394564369376843e-14,1.733166214560281e-08
1062,1.7188519156038254e-08,-2.329739243930191e-14,1.7188472561253374e-08,-2.329739243930191e-14,1.7313633227928024e-08
1063,1.7169590767697948e-08,-2.31992450360491e-14,1.7169544369207875e-08,-2.31992450360491e-14,1.7295628199555148e-08
1064,1.7152570964476362e-08,-2.3101452091054902e-14,1.715252476157218e-08,-2.3101452091054902e-14,1.727764698654838e-08
1065,1.713370102850574e-08,-2.300442177535094e-14,1.7133655019662188e-08,-2.300442177535094e-14,1.725971636770253e-08
1066,1.7115830854872705e-08,-2.2906926527589528e-14,1.711578504101965e-08,-2.2906926527589528e-14,1.7241852275800855e-08
1067,1.7098884544393755e-08,-2.2813056933184802e-14,1.709883891827989e-08,-2.2813056933184802e-14,1.7223957350866265e-08
1068,1.7080371125982222e-08,-2.2716192489705114e-14,1.7080325693597243e-08,-2.2716192489705114e-14,1.7206350050108783e-08
1069,1.7063703174622054e-08,-2.262339446713262e-14,1.706365792783312e-08,-2.262339446713262e-14,1.7188703907639343e-08
1070,1.7045150263431465e-08,-2.2529693728262988e-14,1.704510520404401e-08,-2.2529693728262988e-14,1.717103377188017e-08
1071,1.7028421400737703e-08,-2.2436183374486455e-14,1.7028376528370953e-08,-2.2436183374486455e-14,1.7153312169995984e-08
1072,1.7009850979207092e-08,-2.2343407516509087e-14,1.700980629239206e-08,-2.2343407516509087e-14,1.7135663647147218e-08
1073,1.6992223994585725e-08,-2.225000003305041e-14,1.699217949458566e-08,-2.225000003305041e-14,1.7118040435045824e-08
1074,1.6975557374245196e-08,-2.215960224278188e-14,1.697551305504071e-08,-2.215960224278188e-14,1.7100432324720443e-08
1075,1.695703866050783e-08,-2.2068178293533935e-14,1.6956994524151246e-08,-2.2068178293533935e-14,1.7082839968147078e-08
1076,1.6940412842397825e-08,-2.1976970422326803e-14,1.694036888845698e-08,-2.1976970422326803e-14,1.706528324951414e-08
1077,1.6921986731051045e-08,-2.1886491468470974e-14,1.6921942958068106e-08,-2.1886491468470974e-14,1.7047765754797974e-08
1078,1.6904502288311326e-08,-2.1795495367791323e-14,1.690445869732059e-08,-2.1795495367791323e-14,1.7030294890051973e-08
1079,1.688804565179882e-08,-2.1708313693900228e-14,1.6888002235171435e-08,-2.1708313693900228e-14,1.7012899418436012e-08
1080,1.6869756545052572e-08,-2.161734816901781e-14,1.6869713310356233e-08,-2.161734816901781e-14,1.6995520492756445e-08
1081,1.6853324354112357e-08,-2.1530312358201427e-14,1.685328129348764e-08,-2.1530312358201427e-14,1.697815170597237e-08
1082,1.6835078598524624e-08,-2.1442349390967714e-14,1.6835035713825842e-08,-2.1442349390967714e-14,1.6960793666874157e-08
1083,1.681868194681231e-08,-2.1354724415996793e-14,1.6818639237363478e-08,-2.1354724415996793e-14,1.6943466650935322e-08
1084,1.680048034262589e-08,-2.1267621963829042e-14,1.6800437807381964e-08,-2.1267621963829042e-14,1.69261734468626e-08
1085,1.678320198496663e-08,-2.1180143163759636e-14,1.6783159624680303e-08,-2.1180143163759636e-14,1.690890271101528e-08
1086,1.6766879452088597e-08,-2.109605968917651e-14,1.676683725996922e-08,-2.109605968917651e-14,1.6891656141342535e-08
1087,1.6748756613245976e-08,-2.100842588035816e-14,1.6748714596394215e-08,-2.100842588035816e-14,1.6874437441650062e-08
1088,1.673248309125683e-08,-2.0924548364600238e-14,1.67324412421601e-08,-2.0924548364600238e-14,1.6857245948414634e-08
1089,1.6714614678765747e-08,-2.0840299029900453e-14,1.6714572998167686e-08,-2.0840299029900453e-14,1.6840270249575317e-08
1090,1.669869631248541e-08,-2.075657574825962e-14,1.6698654799333916e-08,-2.075657574825962e-14,1.6823438454400164e-08
1091,1.6680990095983953e-08,-2.0673421038471845e-14,1.6680948749141875e-08,-2.0673421038471845e-14,1.6806636329665477e-08
1092,1.66642020630006e-08,-2.0589783387400053e-14,1.6664160883433825e-08,-2.0589783387400053e-14,1.6789862938486574e-08
1093,1.6648352042282102e-08,-2.0508736039386364e-14,1.6648311024810023e-08,-2.0508736039386364e-14,1.6773101418258755e-08
1094,1.6630690854252625e-08,-2.04268537522365e-14,1.663065000054512e-08,-2.04268537522365e-14,1.6756338528652678e-08
1095,1.6614869076848892e-08,-2.0345152141309176e-14,1.661482838654461e-08,-2.0345152141309176e-14,1.6739619338573698e-08
1096,1.6597301474768237e-08,-2.0264000554296724e-14,1.659726094676713e-08,-2.0264000554296724e-14,1.6722933545991236e-08
1097,1.6580631911838197e-08,-2.0182407868541096e-14,1.658059154702246e-08,-2.0182407868541096e-14,1.67062811723545e-08
1098,1.6564919265430592e-08,-2.0104178872386185e-14,1.656487905707285e-08,-2.0104178872386185e-14,1.6689668255272095e-08
1099,1.6547445648597307e-08,-2.002252522953699e-14,1.6547405603546847e-08,-2.002252522953699e-14,1.6673082955352705e-08
1100,1.653180862014526e-08,-1.994437774692563e-14,1.6531768731389767e-08,-1.994437774692563e-14,1.6656547350193096e-08
1101,1.651444581515324e-08,-1.9865471505581938e-14,1.6514406084210227e-08,-1.9865471505581938e-14,1.6640050433987202e-08
1102,1.6498866544252194e-08,-1.978679842081922e-14,1.6498826970655353e-08,-1.978679842081922e-14,1.6623573643126703e-08
1103,1.648152902599353e-08,-1.9708651069943127e-14,1.648148960869139e-08,-1.9708651069943127e-14,1.6607119360861714e-08
1104,1.6465113821004288e-08,-1.9630147606448956e-14,1.6465074560709076e-08,-1.9630147606448956e-14,1.6590712468248807e-08
1105,1.6449631514350603e-08,-1.9554838067651164e-14,1.6449592404674468e-08,-1.9554838067651164e-14,1.657433522929725e-08
1106,1.643240764281957e-08,-1.9476232632463803e-14,1.6432368690354304e-08,-1.9476232632463803e-14,1.655798565076368e-08
1107,1.6416943038588362e-08,-1.9401002770043213e-14,1.641690423658282e-08,-1.9401002770043213e-14,1.6541632393791128e-08
1108,1.6399739563236164e-08,-1.9324897098362238e-14,1.6399700913441966e-08,-1.9324897098362238e-14,1.6525289610142995e-08
1109,1.638432045795746e-08,-1.9249023057550835e-14,1.6384281959911347e-08,-1.9249023057550835e-14,1.6508988266976446e-08
1110,1.636720633167409e-08,-1.917379508442772e-14,1.636716798408392e-08,-1.917379508442772e-14,1.649274593973743e-08
1111,1.6351082835133787e-08,-1.9098356965547022e-14,1.6351044638419856e-08,-1.9098356965547022e-14,1.6476620975595632e-08
1112,1.633293562590831e-08,-1.9016777667898858e-14,1.6332897592352975e-08,-1.9016777667898858e-14,1.6457963115704187e-08
1113,1.6313689347037058e-08,-1.8934613644155205e-14,1.631365147780977e-08,-1.8934613644155205e-14,1.6440007426208387e-08
1114,1.6297033990360518e-08,-1.8852870944321907e-14,1.629699628461863e-08,-1.8852870944321907e-14,1.6422952124763618e-08
1115,1.627956106662358e-08,-1.8772092579096783e-14,1.6279523522438422e-08,-1.8772092579096783e-14,1.640685718472373e-08
1116,1.626353007325447e-08,-1.8691241808688878e-14,1.6263492690770853e-08,-1.8691241808688878e-14,1.6390989969690115e-08
1117,1.624865377251939e-08,-1.8613660731328064e-14,1.6248616545197927e-08,-1.8613660731328064e-14,1.6375348406268743e-08
1118,1.6232018309331484e-08,-1.853298022503653e-14,1.6231981243371035e-08,-1.853298022503653e-14,1.635964573211964e-08
1119,1.6217235603001757e-08,-1.845559705081171e-14,1.6217198691807654e-08,-1.845559705081171e-14,1.6344027410637307e-08
1120,1.6200852938170893e-08,-1.8377736205358543e-14,1.6200816182698483e-08,-1.8377736205358543e-14,1.6328504341140105e-08
1121,1.6186199576908e-08,-1.8300027034118086e-14,1.618616297685393e-08,-1.8300027034118086e-14,1.6312989038202607e-08
1122,1.616989861641339e-08,-1.8222945267168398e-14,1.6169862170522857e-08,-1.8222945267168398e-14,1.6297563273044314e-08
1123,1.615432871737405e-08,-1.814535203852441e-14,1.615429242666997e-08,-1.814535203852441e-14,1.6282014257698774e-08
1124,1.614105149903711e-08,-1.8074624923768176e-14,1.6141015349787262e-08,-1.8074624923768176e-14,1.6267730665865163e-08
1125,1.6127088141952678e-08,-1.8004371014445972e-14,1.6127052133210648e-08,-1.8004371014445972e-14,1.6254335901910434e-08
1126,1.6114268764153964e-08,-1.793694943367114e-14,1.6114232890255095e-08,-1.793694943367114e-14,1.624032256694202e-08
1127,1.6099242567936394e-08,-1.7868756068139947e-14,1.6099206830424256e-08,-1.7868756068139947e-14,1.6225777686279637e-08
1128,1.6085394357748678e-08,-1.7800450097357523e-14,1.6085358756848482e-08,-1.7800450097357523e-14,1.6210831969386193e-08
1129,1.6069490688936147e-08,-1.7732342174429757e-14,1.60694552242518e-08,-1.7732342174429757e-14,1.6195713184672323e-08
1130,1.605437704824985e-08,-1.7663774118781983e-14,1.6054341720701612e-08,-1.7663774118781983e-14,1.6180558914017814e-08
1131,1.6040115348378745e-08,-1.7597438115507036e-14,1.6040080153502516e-08,-1.7597438115507036e-14,1.6165409966428932e-08
1132,1.6024307869896064e-08,-1.753068535360752e-14,1.6024272808525356e-08,-1.753068535360752e-14,1.6150437573628714e-08
1133,1.601018140313593e-08,-1.7463966551581448e-14,1.6010146475202824e-08,-1.7463966551581448e-14,1.6135440977436816e-08
1134,1.599434121349191e-08,-1.7397616330361748e-14,1.5994306418259247e-08,-1.7397616330361748e-14,1.612043891613367e-08
1135,1.59792642475235e-08,-1.7330758506854402e-14,1.5979229586006487e-08,-1.7330758506854402e-14,1.6105375003410116e-08
1136,1.5965114600094786e-08,-1.7266761884106398e-14,1.596508006657102e-08,-1.7266761884106398e-14,1.6090378699997863e-08
1137,1.5949435246674433e-08,-1.7200180245510302e-14,1.5949400846313943e-08,-1.7200180245510302e-14,1.60755648085047e-08
1138,1.5935714175541354e-08,-1.713709581717309e-14,1.593567990134972e-08,-1.713709581717309e-14,1.606099656070938e-08
1139,1.5920398451316827e-08,-1.7073538966136067e-14,1.5920364304238895e-08,-1.7073538966136067e-14,1.6046513117077187e-08
1140,1.59067017268136e-08,-1.701006718232732e-14,1.5906667706679235e-08,-1.701006718232732e-14,1.6031962934654775e-08
1141,1.589136011308362e-08,-1.694704634109433e-14,1.5891326218990937e-08,-1.694704634109433e-14,1.601746241189682e-08
1142,1.5876847874912965e-08,-1.688362782656449e-14,1.5876814107657313e-08,-1.688362782656449e-14,1.6002957737176656e-08
1143,1.5863085415869287e-08,-1.6822518508961512e-14,1.586305177083227e-08,-1.6822518508961512e-14,1.5988363390592816e-08
1144,1.584775729339489e-08,-1.67588382185105e-14,1.5847723775718453e-08,-1.67588382185105e-14,1.597388890334063e-08
1145,1.5834189944709225e-08,-1.6698126317375706e-14,1.583415654845659e-08,-1.6698126317375706e-14,1.5959484819667705e-08
1146,1.5818923393893375e-08,-1.663667905571205e-14,1.5818890120535262e-08,-1.663667905571205e-14,1.594505415887704e-08
1147,1.5805462695052247e-08,-1.6575659925580303e-14,1.5805429543732395e-08,-1.6575659925580303e-14,1.5930730515134018e-08
1148,1.5790261579653334e-08,-1.651491088770324e-14,1.579022854983156e-08,-1.651491088770324e-14,1.5916365063102888e-08
1149,1.5775862417565863e-08,-1.6453626761395715e-14,1.577582951031234e-08,-1.6453626761395715e-14,1.5901985947594632e-08
1150,1.5762366742565403e-08,-1.6394496781518335e-14,1.576233395357184e-08,-1.6394496781518335e-14,1.5887651320024275e-08
1151,1.5747650483356712e-08,-1.633574242952574e-14,1.5747617811871852e-08,-1.633574242952574e-14,1.5873751336898458e-08
1152,1.573481956233248e-08,-1.6277759141520312e-14,1.5734787006814198e-08,-1.6277759141520312e-14,1.5860031673869434e-08
1153,1.572024091026845e-08,-1.6220275162885272e-14,1.5720208469718125e-08,-1.6220275162885272e-14,1.584619960653768e-08
1154,1.5706352480797535e-08,-1.616229366386789e-14,1.5706320156210208e-08,-1.616229366386789e-14,1.583225223475268e-08
1155,1.5693216581015775e-08,-1.6106810714133857e-14,1.5693184367394346e-08,-1.6106810714133857e-14,1.581823980752284e-08
1156,1.5678383115826795e-08,-1.6048579074568505e-14,1.5678351018668645e-08,-1.6048579074568505e-14,1.580422256994622e-08
1157,1.5665258839420604e-08,-1.5993185091335522e-14,1.5665226853050422e-08,-1.5993185091335522e-14,1.5790254952884384e-08
1158,1.5650559433584728e-08,-1.5937252838184035e-14,1.565052755907905e-08,-1.5937252838184035e-14,1.5776351192935637e-08
1159,1.563737381773777e-08,-1.5881153913794298e-14,1.563734205542994e-08,-1.5881153913794298e-14,1.5762336309714663e-08
1160,1.5622575040542965e-08,-1.582553141118615e-14,1.5622543389480142e-08,-1.582553141118615e-14,1.57483633438137e-08
1161,1.5608607570561408e-08,-1.5769357749406962e-14,1.560857603184591e-08,-1.5769357749406962e-14,1.5734420782524495e-08
1162,1.559555435971989e-08,-1.571578667999371e-14,1.559552292814653e-08,-1.571578667999371e-14,1.572056327270973e-08
1163,1.5580830566415456e-08,-1.5659559370199612e-14,1.5580799247296716e-08,-1.5659559370199612e-14,1.5706665821259543e-08
1164,1.556776201710914e-08,-1.560594115485519e-14,1.556773080522683e-08,-1.560594115485519e-14,1.5692784194934694e-08
1165,1.5553112283781812e-08,-1.5551767281026003e-14,1.555308118024725e-08,-1.5551767281026003e-14,1.5678942088137456e-08
1166,1.554050155431334e-08,-1.5498443616913916e-14,1.5540470557426106e-08,-1.5498443616913916e-14,1.5665531324074818e-08
1167,1.552621399648263e-08,-1.5445406921559266e-14,1.5526183105668788e-08,-1.5445406921559266e-14,1.565208830883278e-08
1168,1.5512678400148196e-08,-1.539183899053836e-14,1.5512647616470213e-08,-1.539183899053836e-14,1.5638596122564247e-08
1169,1.5500115007756658e-08,-1.5340274505661515e-14,1.5500084327207646e-08,-1.5340274505661515e-14,1.5625252415181577e-08
1170,1.5486073999087773e-08,-1.5288319492947596e-14,1.5486043422448786e-08,-1.5288319492947596e-14,1.5612030127686915e-08
1171,1.5473649495151622e-08,-1.5236387889449516e-14,1.5473619022375842e-08,-1.5236387889449516e-14,1.5598796336650757e-08
1172,1.545959639555786e-08,-1.5184777414132607e-14,1.545956602600303e-08,-1.5184777414132607e-14,1.558554265193287e-08
1173,1.5446300416876537e-08,-1.513267440882998e-14,1.544627015152772e-08,-1.513267440882998e-14,1.5572268416919333e-08
1174,1.5433757957105914e-08,-1.5082849501374125e-14,1.543372779140691e-08,-1.5082849501374125e-14,1.5558936847198916e-08
1175,1.5419691402672312e-08,-1.5030509911664716e-14,1.541966134165249e-08,-1.5030509911664716e-14,1.5545695321867594e-08
1176,1.5407336191185356e-08,-1.49808197453182e-14,1.5407306229545864e-08,-1.49808197453182e-14,1.5532543806058824e-08
1177,1.5393424031145326e-08,-1.4930647273472598e-14,1.539339416985078e-08,-1.4930647273472598e-14,1.5519417373192816e-08
1178,1.538110195608389e-08,-1.488043121706944e-14,1.5381072195221454e-08,-1.488043121706944e-14,1.5506295328716994e-08
1179,1.5367158370066473e-08,-1.483057412042196e-14,1.5367128708918232e-08,-1.483057412042196e-14,1.549315467600985e-08
1180,1.53539502334398e-08,-1.4780259689662093e-14,1.535392067292042e-08,-1.4780259689662093e-14,1.5479969557481137e-08
1181,1.5341339018265217e-08,-1.4731516014823936e-14,1.5341309555233188e-08,-1.4731516014823936e-14,1.546661480716502e-08
1182,1.5326983956574987e-08,-1.4679666118862198e-14,1.532695459724275e-08,-1.4679666118862198e-14,1.5453155243420172e-08
1183,1.531441061628705e-08,-1.4630332349974547e-14,1.531438135562235e-08,-1.4630332349974547e-14,1.5439893616228874e-08
1184,1.530045988123483e-08,-1.458048645425999e-14,1.530043072026192e-08,-1.458048645425999e-14,1.5426836267274543e-08
1185,1.5288233329263626e-08,-1.4530712839140688e-14,1.528820426783795e-08,-1.4530712839140688e-14,1.5413894749624533e-08
1186,1.52744918846512e-08,-1.4481416237277088e-14,1.5274462921818724e-08,-1.4481416237277088e-14,1.5400975950663377e-08
1187,1.526155684279645e-08,-1.443165875210061e-14,1.5261527979478946e-08,-1.443165875210061e-14,1.5388081092632514e-08
1188,1.5249480414066078e-08,-1.43836633476525e-14,1.5249451646739382e-08,-1.43836633476525e-14,1.5375237230962505e-08
1189,1.523586026874097e-08,-1.4335124928751256e-14,1.523583159849111e-08,-1.4335124928751256e-14,1.5362417622010723e-08
1190,1.522384538179911e-08,-1.4286635340282745e-14,1.522381680852843e-08,-1.4286635340282745e-14,1.534962778664931e-08
1191,1.521037128836693e-08,-1.423862900845552e-14,1.5210342811108912e-08,-1.423862900845552e-14,1.5336935215978042e-08
1192,1.5197578057805938e-08,-1.4190176624878826e-14,1.519754967745269e-08,-1.4190176624878826e-14,1.5324163132897714e-08
1193,1.5185587196423356e-08,-1.4143865724607554e-14,1.5185558908691906e-08,-1.4143865724607554e-14,1.531139581994787e-08
1194,1.5172041809443906e-08,-1.409517696248237e-14,1.517201361908998e-08,-1.409517696248237e-14,1.5298644619618163e-08
1195,1.516008908369256e-08,-1.4048825103311331e-14,1.5160060986042354e-08,-1.4048825103311331e-14,1.528592026862365e-08
1196,1.5146619182716138e-08,-1.4001997758153556e-14,1.5146591178720622e-08,-1.4001997758153556e-14,1.5273224971417726e-08
1197,1.513470833758039e-08,-1.3955179387178019e-14,1.5134680427221618e-08,-1.3955179387178019e-14,1.5260540317528755e-08
1198,1.5121600954462238e-08,-1.3909457085535485e-14,1.5121573135548066e-08,-1.3909457085535485e-14,1.52482519634355e-08
1199,1.5109491659952225e-08,-1.386376101121763e-14,1.5109463932430202e-08,-1.386376101121763e-14,1.5236193271601965e-08
1200,1.5098223114834148e-08,-1.3819674564960521e-14,1.509819547548502e-08,-1.3819674564960521e-14,1.5224190379476493e-08
1201,1.5085460984191848e-08,-1.3775049162430386e-14,1.5085433434093524e-08,-1.3775049162430386e-14,1.5212247080107155e-08
1202,1.5074270800616713e-08,-1.3730467776099452e-14,1.507424333968116e-08,-1.3730467776099452e-14,1.5200300257526117e-08
1203,1.5061542595986936e-08,-1.3686262247244031e-14,1.5061515223462443e-08,-1.3686262247244031e-14,1.5188353576416843e-08
1204,1.5049573560347435e-08,-1.3641621768876566e-14,1.5049546277103897e-08,-1.3641621768876566e-14,1.51764185207836e-08
1205,1.5038443456969392e-08,-1.3599049138060033e-14,1.5038416258871115e-08,-1.3599049138060033e-14,1.5164534844069034e-08
1206,1.5025812478180213e-08,-1.3554325958554938e-14,1.5025785369528297e-08,-1.3554325958554938e-14,1.515269092589347e-08
1207,1.5014749905731522e-08,-1.3511829205121322e-14,1.5014722882073112e-08,-1.3511829205121322e-14,1.514087026836891e-08
1208,1.5002088663542383e-08,-1.3468733390958604e-14,1.50020617260756e-08,-1.3468733390958604e-14,1.5128974031855706e-08
1209,1.4991020444343364e-08,-1.3425696457881334e-14,1.499099359295045e-08,-1.3425696457881334e-14,1.511714477780034e-08
1210,1.4978411619125202e-08,-1.3383017948309547e-14,1.4978384853089306e-08,-1.3383017948309547e-14,1.5105316426685025e-08
1211,1.496656202339007e-08,-1.3339918793224214e-14,1.4966535343552485e-08,-1.3339918793224214e-14,1.5093496730801287e-08
1212,1.4955528101989573e-08,-1.3298884085517192e-14,1.49555015042214e-08,-1.3298884085517192e-14,1.508171484720342e-08
1213,1.4942986399107686e-08,-1.325562706049931e-14,1.4942959887853566e-08,-1.325562706049931e-14,1.506995698369484e-08
1214,1.493196037594201e-08,-1.3214498687966587e-14,1.4931933946944632e-08,-1.3214498687966587e-14,1.5058185854385846e-08
1215,1.4919432558207667e-08,-1.3172827652359872e-14,1.4919406212552363e-08,-1.3172827652359872e-14,1.504642572297252e-08
1216,1.4907662439258867e-08,-1.3129319743529253e-14,1.490763618061938e-08,-1.3129319743529253e-14,1.503403762870841e-08
1217,1.4894601616442027e-08,-1.3086232333983064e-14,1.4894575443977359e-08,-1.3086232333983064e-14,1.5021903037070807e-08
1218,1.4882583850958221e-08,-1.3042827539152922e-14,1.4882557765303143e-08,-1.3042827539152922e-14,1.5010077285875123e-08
1219,1.4871633597178737e-08,-1.3001034015740956e-14,1.4871607595110706e-08,-1.3001034015740956e-14,1.499856080088732e-08
1220,1.4859394742670727e-08,-1.2958839169087323e-14,1.4859368824992388e-08,-1.2958839169087323e-14,1.4987145095593432e-08
1221,1.4848717762400375e-08,-1.2916627803062836e-14,1.484869192914477e-08,-1.2916627803062836e-14,1.4975763969807933e-08
1222,1.4836573751736733e-08,-1.28748661770551e-14,1.4836548002004378e-08,-1.28748661770551e-14,1.4964406887464882e-08
1223,1.4825166521275018e-08,-1.2832643628157432e-14,1.4825140855987762e-08,-1.2832643628157432e-14,1.4953045793665408e-08
1224,1.4814520199281721e-08,-1.2792338961920395e-14,1.4814494614603798e-08,-1.2792338961920395e-14,1.494166881886838e-08
1225,1.4802447173876089e-08,-1.2750019456515526e-14,1.4802421673837175e-08,-1.2750019456515526e-14,1.493037433253324e-08
1226,1.4791924188842925e-08,-1.2709777809080427e-14,1.4791898769287307e-08,-1.2709777809080427e-14,1.4919114732925995e-08
1227,1.4779899318932047e-08,-1.2669051336963712e-14,1.4779873980829373e-08,-1.2669051336963712e-14,1.4907849006996497e-08
1228,1.4769367472485415e-08,-1.2628280606197347e-14,1.4769342215924203e-08,-1.2628280606197347e-14,1.4896577832180627e-08
1229,1.4757326501918605e-08,-1.2587918831179745e-14,1.4757301326080943e-08,-1.2587918831179745e-14,1.4885310882852245e-08
1230,1.4746057362521345e-08,-1.2547155515621306e-14,1.4746032268210313e-08,-1.2547155515621306e-14,1.4874073444717544e-08
1231,1.4735577768400301e-08,-1.2508302734028405e-14,1.4735552751794832e-08,-1.2508302734028405e-14,1.4862858554321943e-08
1232,1.4723597165141136e-08,-1.2467398092117834e-14,1.4723572230344951e-08,-1.2467398092117834e-14,1.4851650100750331e-08
1233,1.4713179665406137e-08,-1.2428577791819179e-14,1.4713154808250553e-08,-1.2428577791819179e-14,1.4840493027466862e-08
1234,1.4701254763599756e-08,-1.238926006881885e-14,1.4701229985079618e-08,-1.238926006881885e-14,1.4829322102568541e-08
1235,1.469108209026346e-08,-1.2350415135272781e-14,1.4691057389433189e-08,-1.2350415135272781e-14,1.4818421580038498e-08
1236,1.4679487877210901e-08,-1.2312068249921299e-14,1.4679463253074402e-08,-1.2312068249921299e-14,1.480761585530583e-08
1237,1.466868223403086e-08,-1.227340395141791e-14,1.4668657687222959e-08,-1.227340395141791e-14,1.479686410149121e-08
1238,1.4658705976795324e-08,-1.2236216559879713e-14,1.4658681504362203e-08,-1.2236216559879713e-14,1.4786175867630881e-08
1239,1.4647271200198408e-08,-1.2198582099970431e-14,1.4647246803034209e-08,-1.2198582099970431e-14,1.4775519234567223e-08
1240,1.4637345882804947e-08,-1.2160903739936894e-14,1.4637321560997467e-08,-1.2160903739936894e-14,1.4764865915865288e-08
1241,1.4625929883544423e-08,-1.2123573645832672e-14,1.4625905636397133e-08,-1.2123573645832672e-14,1.4754208592517182e-08
1242,1.4615200689376814e-08,-1.2085836537604968e-14,1.4615176517703739e-08,-1.2085836537604968e-14,1.4743519334262397e-08
1243,1.4605284131384017e-08,-1.2049916031346659e-14,1.4605260031551955e-08,-1.2049916031346659e-14,1.4732878757639612e-08
1244,1.4593945785071358e-08,-1.2012097164828654e-14,1.4593921760877029e-08,-1.2012097164828654e-14,1.472231008075412e-08
1245,1.4584098431992744e-08,-1.1976150255383684e-14,1.4584074479692234e-08,-1.1976150255383684e-14,1.4711739208771714e-08
1246,1.457277129187231e-08,-1.1939763585216804e-14,1.457274741234514e-08,-1.1939763585216804e-14,1.470116714414548e-08
1247,1.456293118385537e-08,-1.1903302926154149e-14,1.4562907377249519e-08,-1.1903302926154149e-14,1.4690604061994226e-08
1248,1.4551571462123763e-08,-1.1867175618074008e-14,1.4551547727772526e-08,-1.1867175618074008e-14,1.468001488148062e-08
1249,1.4540948378114986e-08,-1.1830659821613214e-14,1.4540924716795343e-08,-1.1830659821613214e-14,1.4669430691034729e-08
1250,1.453112813891455e-08,-1.1795976808710807e-14,1.4531104546960932e-08,-1.1795976808710807e-14,1.465888660237027e-08
1251,1.451981990342762e-08,-1.1759344095988118e-14,1.451979638473943e-08,-1.1759344095988118e-14,1.4648342070379641e-08
1252,1.451010102767072e-08,-1.1724653805340043e-14,1.451007757836311e-08,-1.1724653805340043e-14,1.463789957091197e-08
1253,1.4498888299896719e-08,-1.1689487297971986e-14,1.4498864920922122e-08,-1.1689487297971986e-14,1.4627433500038773e-08
1254,1.4489116364595069e-08,-1.1654270749352131e-14,1.448909305605357e-08,-1.1654270749352131e-14,1.4616939520208949e-08
1255,1.447786129551809e-08,-1.1619378412664171e-14,1.4477838056761265e-08,-1.1619378412664171e-14,1.4606448488931125e-08
1256,1.4468588011524492e-08,-1.1586705235017325e-14,1.4468564838114022e-08,-1.1586705235017325e-14,1.4597106712252207e-08
1257,1.4460461338337472e-08,-1.1556551953745052e-14,1.4460438225233564e-08,-1.1556551953745052e-14,1.4588097823979105e-08
1258,1.4450498546029845e-08,-1.1525715138949776e-14,1.4450475494599567e-08,-1.1525715138949776e-14,1.4578717466434763e-08
1259,1.444173404283748e-08,-1.1494764696135281e-14,1.4441711053308086e-08,-1.1494764696135281e-14,1.4569042336667834e-08
1260,1.4431286856371114e-08,-1.1464101041915237e-14,1.443126392816903e-08,-1.1464101041915237e-14,1.455925123956858e-08
1261,1.4421430700981318e-08,-1.1432976706403789e-14,1.4421407835027906e-08,-1.1432976706403789e-14,1.4549396815671146e-08
1262,1.4412295974243958e-08,-1.1403503777620292e-14,1.4412273167236403e-08,-1.1403503777620292e-14,1.4539521069924372e-08
1263,1.4401665150555429e-08,-1.1372148620290788e-14,1.4401642406258188e-08,-1.1372148620290788e-14,1.4529636012517588e-08
1264,1.439249701023683e-08,-1.1342534770854209e-14,1.439247432516729e-08,-1.1342534770854209e-14,1.4519750962021693e-08
1265,1.4381836248416132e-08,-1.1312474955806075e-14,1.438181362346622e-08,-1.1312474955806075e-14,1.4509831417652835e-08
1266,1.437269853935111e-08,-1.1282375349317714e-14,1.4372675974600412e-08,-1.1282375349317714e-14,1.4499980207075484e-08
1267,1.4362093710798699e-08,-1.1252604964337696e-14,1.436207120558877e-08,-1.1252604964337696e-14,1.4490131258770314e-08
1268,1.4352211179280257e-08,-1.122238802120083e-14,1.4352188734504214e-08,-1.122238802120083e-14,1.448028466868981e-08
1269,1.4343072316371964e-08,-1.1193840898880799e-14,1.4343049928690166e-08,-1.1193840898880799e-14,1.447043905694068e-08
1270,1.4332493977955595e-08,-1.1163519201354083e-14,1.4332471650917192e-08,-1.1163519201354083e-14,1.446061113173513e-08
1271,1.4323414819164475e-08,-1.1134905771234333e-14,1.4323392549352932e-08,-1.1134905771234333e-14,1.4450823735395715e-08
1272,1.4312888164878677e-08,-1.1105881486282843e-14,1.4312865953115705e-08,-1.1105881486282843e-14,1.4441031640005275e-08
1273,1.4303795388705929e-08,-1.107674470377866e-14,1.430377323521652e-08,-1.107674470377866e-14,1.4431229864692283e-08
1274,1.4293202224167801e-08,-1.1047825670068714e-14,1.4293180128516462e-08,-1.1047825670068714e-14,1.4421392565477028e-08
1275,1.4283340898076748e-08,-1.1018557730810374e-14,1.4283318860961286e-08,-1.1018557730810374e-14,1.4411573520920772e-08
1276,1.42742618124636e-08,-1.0990500760010962e-14,1.427423983146208e-08,-1.0990500760010962e-14,1.440180168558461e-08
1277,1.426386152249044e-08,-1.096221586403232e-14,1.4263839598058713e-08,-1.096221586403232e-14,1.439214372645326e-08
1278,1.425481575499428e-08,-1.093366802193549e-14,1.4254793887658235e-08,-1.093366802193549e-14,1.4382400751763258e-08
1279,1.424464060209026e-08,-1.0906043473755496e-14,1.4244618790003313e-08,-1.0906043473755496e-14,1.437298767913572e-08
1280,1.4235433456054624e-08,-1.0878451188101289e-14,1.4235411699152248e-08,-1.0878451188101289e-14,1.4363857844802641e-08
1281,1.4227094158537377e-08,-1.0852576084401034e-14,1.4227072453385208e-08,-1.0852576084401034e-14,1.4354870858289348e-08
1282,1.4217410576429263e-08,-1.0824918471353223e-14,1.421738892659232e-08,-1.0824918471353223e-14,1.4345974021802289e-08
1283,1.4209145110609301e-08,-1.0798813668708595e-14,1.4209123512981964e-08,-1.0798813668708595e-14,1.4337039904419369e-08
1284,1.4199475283414365e-08,-1.077229526525302e-14,1.4199453738823834e-08,-1.077229526525302e-14,1.4328113789729205e-08
1285,1.4191242291036407e-08,-1.0745704183555631e-14,1.419122079962804e-08,-1.0745704183555631e-14,1.431920731059655e-08
1286,1.4181599729998837e-08,-1.071941714759707e-14,1.4181578291164542e-08,-1.071941714759707e-14,1.4310321588422172e-08
1287,1.4172685124449955e-08,-1.069274547399184e-14,1.4172663738959007e-08,-1.069274547399184e-14,1.430145178903515e-08
1288,1.4164520285657146e-08,-1.0667615527724264e-14,1.416449895042609e-08,-1.0667615527724264e-14,1.4292605112898107e-08
1289,1.4154944329937343e-08,-1.0640764119054453e-14,1.4154923048409105e-08,-1.0640764119054453e-14,1.428377454517449e-08
1290,1.414679835248126e-08,-1.0615522292791998e-14,1.4146777121436674e-08,-1.0615522292791998e-14,1.4274948593532702e-08
1291,1.4137255174524807e-08,-1.0589873956222372e-14,1.4137233994776895e-08,-1.0589873956222372e-14,1.4266134450414605e-08
1292,1.41291223819032e-08,-1.0564141898442267e-14,1.4129101253619404e-08,-1.0564141898442267e-14,1.4257318663596859e-08
1293,1.4119580731946146e-08,-1.0538726149754005e-14,1.4119559654493847e-08,-1.0538726149754005e-14,1.4248516988240346e-08
1294,1.4110738876995407e-08,-1.0512907509083506e-14,1.4110717851180388e-08,-1.0512907509083506e-14,1.4239716617493261e-08
1295,1.4102613769999837e-08,-1.0488237362795497e-14,1.4102592793525111e-08,-1.0488237362795497e-14,1.4230914132312331e-08
1296,1.4093075473558914e-08,-1.0463163692043982e-14,1.409305454723153e-08,-1.0463163692043982e-14,1.4222112632285246e-08
1297,1.408494878719899e-08,-1.0437982078417928e-14,1.4084927911234833e-08,-1.0437982078417928e-14,1.4213311254846974e-08
1298,1.40754166624023e-08,-1.041310093707017e-14,1.4075395836200425e-08,-1.041310093707017e-14,1.4204503996975253e-08
1299,1.4066651721162894e-08,-1.0387860306223051e-14,1.4066630945442281e-08,-1.0387860306223051e-14,1.4195784531729088e-08
1300,1.4058559021745325e-08,-1.0364061901628731e-14,1.4058538293621521e-08,-1.0364061901628731e-14,1.4187018651888458e-08
1301,1.404906190538155e-08,-1.0338582154873177e-14,1.404904122821724e-08,-1.0338582154873177e-14,1.4178257519290177e-08
1302,1.4040991481240648e-08,-1.0314687714580414e-14,1.4040970851865219e-08,-1.0314687714580414e-14,1.4169513923680278e-08
1303,1.4031537379347419e-08,-1.0290423361159784e-14,1.4031516798500696e-08,-1.0290423361159784e-14,1.416077545380584e-08
1304,1.4023460569645392e-08,-1.0266001863661345e-14,1.4023440037641665e-08,-1.0266001863661345e-14,1.4151998385462519e-08
1305,1.4013625442868746e-08,-1.0241204906441253e-14,1.4013604960458934e-08,-1.0241204906441253e-14,1.4142957111274168e-08
1306,1.4004569518192402e-08,-1.0216037529442343e-14,1.4004549086117344e-08,-1.0216037529442343e-14,1.4134020278376108e-08
1307,1.3996389267888986e-08,-1.0192373028839936e-14,1.3996368883142928e-08,-1.0192373028839936e-14,1.4125255586023246e-08
1308,1.3986990245097665e-08,-1.0167074494259515e-14,1.3986969910948677e-08,-1.0167074494259515e-14,1.4116702164753463e-08
1309,1.3979112512899648e-08,-1.0143336198427004e-14,1.3979092226227252e-08,-1.0143336198427004e-14,1.4108186195629118e-08
1310,1.3969854558869665e-08,-1.0119235733662608e-14,1.3969834320398198e-08,-1.0119235733662608e-14,1.4099660332149119e-08
1311,1.3962061290814008e-08,-1.0095051404549e-14,1.39620411007112e-08,-1.0095051404549e-14,1.4091214113487296e-08
1312,1.3952914252214072e-08,-1.0071244582299398e-14,1.3952894109724908e-08,-1.0071244582299398e-14,1.4082797867326628e-08
1313,1.3944445765986066e-08,-1.0047023370040674e-14,1.3944425671939326e-08,-1.0047023370040674e-14,1.4074373004888205e-08
1314,1.3936676893456332e-08,-1.0023863258070277e-14,1.3936656845729816e-08,-1.0023863258070277e-14,1.4065941871382154e-08
1315,1.3927503544332614e-08,-1.000034574010785e-14,1.3927483543641134e-08,-1.000034574010785e-14,1.4057490864836014e-08
1316,1.3919719005076725e-08,-9.976695289580994e-15,1.3919699051686146e-08,-9.976695289580994e-15,1.4049048076757814e-08
1317,1.391056489435191e-08,-9.953344793781485e-15,1.3910544987662322e-08,-9.953344793781485e-15,1.4040608121350536e-08
1318,1.3902089779537085e-08,-9.929620739582136e-15,1.3902069920295606e-08,-9.929620739582136e-15,1.4032177729225093e-08
1319,1.3894330905493164e-08,-9.907277283996248e-15,1.3894311090938595e-08,-9.907277283996248e-15,1.4023757928509985e-08
1320,1.388518342241296e-08,-9.883358799028537e-15,1.3885163655695362e-08,-9.883358799028537e-15,1.4015333018268779e-08
1321,1.3877503675559808e-08,-9.860911846164427e-15,1.3877483953736115e-08,-9.860911846164427e-15,1.4006995855727277e-08
1322,1.3868392551607087e-08,-9.838076626031293e-15,1.3868372875453834e-08,-9.838076626031293e-15,1.399859596086325e-08
1323,1.386065547977851e-08,-9.815121335813167e-15,1.3860635849535837e-08,-9.815121335813167e-15,1.3990202375817416e-08
1324,1.3851549967025326e-08,-9.792454220750319e-15,1.3851530382116884e-08,-9.792454220750319e-15,1.3981819673826471e-08
1325,1.3843120446901838e-08,-9.769428031293048e-15,1.3843100908045775e-08,-9.769428031293048e-15,1.3973434238175571e-08
1326,1.3835388608543263e-08,-9.747726923449754e-15,1.3835369113089417e-08,-9.747726923449754e-15,1.396504610085422e-08
1327,1.3826314281683596e-08,-9.724512509849432e-15,1.3826294832658577e-08,-9.724512509849432e-15,1.3956690571520538e-08
1328,1.3818632558748615e-08,-9.702717507109725e-15,1.38186131533136e-08,-9.702717507109725e-15,1.39483545136903e-08
1329,1.3809587707887715e-08,-9.680564489917599e-15,1.3809568346758736e-08,-9.680564489917599e-15,1.3940015016440897e-08
1330,1.3801900541488372e-08,-9.658286542494628e-15,1.3801881224915287e-08,-9.658286542494628e-15,1.3931672071582081e-08
1331,1.3792839228073193e-08,-9.636288104897398e-15,1.3792819955496984e-08,-9.636288104897398e-15,1.3923328491708938e-08
1332,1.3784450930023352e-08,-9.613900031528195e-15,1.378443170222329e-08,-9.613900031528195e-15,1.3914984984819058e-08
1333,1.3777477209144973e-08,-9.593719592990929e-15,1.3777458021705787e-08,-9.593719592990929e-15,1.3907365142573018e-08
1334,1.3769130490797448e-08,-9.573206881575354e-15,1.3769111344383684e-08,-9.573206881575354e-15,1.3899748764272246e-08
1335,1.3762162876339888e-08,-9.552561892469291e-15,1.3762143771216104e-08,-9.552561892469291e-15,1.3892149581977363e-08
1336,1.3753861073754696e-08,-9.53221676280308e-15,1.375384200932117e-08,-9.53221676280308e-15,1.3884568187985214e-08
1337,1.3746239970604841e-08,-9.511478649123333e-15,1.3746220947647543e-08,-9.511478649123333e-15,1.3877011777865517e-08
1338,1.3739317244590303e-08,-9.492083543402264e-15,1.3739298260423215e-08,-9.492083543402264e-15,1.38694477159904e-08
1339,1.373104686837748e-08,-9.471156608788413e-15,1.3731027926064262e-08,-9.471156608788413e-15,1.3861898293812255e-08
1340,1.3724175601449105e-08,-9.451624231001446e-15,1.3724156698200644e-08,-9.451624231001446e-15,1.3854386923291388e-08
1341,1.3715985759981651e-08,-9.431802574184667e-15,1.3715966896376503e-08,-9.431802574184667e-15,1.3846899853131246e-08
1342,1.370913614209974e-08,-9.411841009741498e-15,1.370911731841772e-08,-9.411841009741498e-15,1.3839405529799406e-08
1343,1.3700902536103894e-08,-9.392107205552141e-15,1.3700883751889484e-08,-9.392107205552141e-15,1.3831887769901832e-08
1344,1.3693320130564478e-08,-9.372022717405975e-15,1.3693301386519043e-08,-9.372022717405975e-15,1.3824351753639547e-08
1345,1.3686400820099734e-08,-9.353169576469824e-15,1.3686382113760582e-08,-9.353169576469824e-15,1.3816796347921172e-08
1346,1.3678236007255976e-08,-9.332959332582374e-15,1.367821734133731e-08,-9.332959332582374e-15,1.380934489339329e-08
1347,1.3671372427991756e-08,-9.313988222700424e-15,1.367135380001531e-08,-9.313988222700424e-15,1.3801843738578663e-08
1348,1.3663159955480854e-08,-9.294675497735919e-15,1.3663141366129859e-08,-9.294675497735919e-15,1.3794336814422327e-08
1349,1.3656282748871512e-08,-9.27520913981519e-15,1.3656264198453233e-08,-9.27520913981519e-15,1.3786821028635825e-08
1350,1.364808485099864e-08,-9.256028256110012e-15,1.3648066338942127e-08,-9.256028256110012e-15,1.3779343900451613e-08
1351,1.3640613759757804e-08,-9.236585811022562e-15,1.3640595286586182e-08,-9.236585811022562e-15,1.3771919254739526e-08
1352,1.36338135530804e-08,-9.218092228297127e-15,1.3633795116895944e-08,-9.218092228297127e-15,1.3764478668522428e-08
1353,1.362562709891063e-08,-9.19918775137221e-15,1.3625608700535128e-08,-9.19918775137221e-15,1.3756998834104116e-08
1354,1.3618769896218619e-08,-9.18013356162049e-15,1.3618751535951496e-08,-9.18013356162049e-15,1.3749505719507123e-08
1355,1.3610583922692203e-08,-9.161353992485677e-15,1.3610565599984218e-08,-9.161353992485677e-15,1.3742022276118368e-08
1356,1.3603105744296597e-08,-9.142288332552135e-15,1.3603087459719931e-08,-9.142288332552135e-15,1.3734594696873413e-08
1357,1.3596323629332399e-08,-9.124469433491181e-15,1.3596305380393533e-08,-9.124469433491181e-15,1.3727174480060327e-08
1358,1.3588175605706408e-08,-9.105161556963607e-15,1.3588157395383294e-08,-9.105161556963607e-15,1.3719731881104323e-08
1359,1.3581333645264678e-08,-9.087123827033198e-15,1.3581315471017023e-08,-9.087123827033198e-15,1.3712256632624723e-08
1360,1.3573166770781017e-08,-9.068740181628318e-15,1.3573148633300653e-08,-9.068740181628318e-15,1.3704787781977473e-08
1361,1.356638178130671e-08,-9.050297019242588e-15,1.3566363680712672e-08,-9.050297019242588e-15,1.3697370309162412e-08
1362,1.355826417589715e-08,-9.032106439370446e-15,1.355824611168427e-08,-9.032106439370446e-15,1.3689958864252136e-08
1363,1.3550797145632722e-08,-9.013556857597826e-15,1.3550779118519006e-08,-9.013556857597826e-15,1.3682537473095764e-08
1364,1.3543991425521856e-08,-8.996213235963604e-15,1.3543973433095384e-08,-8.996213235963604e-15,1.3675098445734095e-08
1365,1.3536108611336773e-08,-8.977803970537258e-15,1.3536090655728832e-08,-8.977803970537258e-15,1.366793139568967e-08
1366,1.3529763697244782e-08,-8.961009279800038e-15,1.3529745775226223e-08,-8.961009279800038e-15,1.3660973830932201e-08
1367,1.352210730845237e-08,-8.943863668361392e-15,1.3522089420725032e-08,-8.943863668361392e-15,1.3654025580889163e-08
1368,1.3515790717106308e-08,-8.926593876836042e-15,1.3515772863918554e-08,-8.926593876836042e-15,1.3647095213396268e-08
1369,1.350815539429527e-08,-8.909578387056266e-15,1.3508137575138496e-08,-8.909578387056266e-15,1.3640172198385577e-08
1370,1.3501231123226814e-08,-8.892290995566523e-15,1.3501213338644822e-08,-8.892290995566523e-15,1.3633296381452029e-08
1371,1.3494968544784696e-08,-8.875928693145607e-15,1.349495079292731e-08,-8.875928693145607e-15,1.3626406038703534e-08
1372,1.3487293620505058e-08,-8.859064687275629e-15,1.3487275902375683e-08,-8.859064687275629e-15,1.3619439939712869e-08
1373,1.3481026985983872e-08,-8.842184227670426e-15,1.3481009301615416e-08,-8.842184227670426e-15,1.3612549058330344e-08
1374,1.3473441672744243e-08,-8.825564090781879e-15,1.3473424021616061e-08,-8.825564090781879e-15,1.3605658952153407e-08
1375,1.3466504648060605e-08,-8.808579275446986e-15,1.3466487030902054e-08,-8.808579275446986e-15,1.3598777639453385e-08
1376,1.3460231398131193e-08,-8.792806660804088e-15,1.3460213812517871e-08,-8.792806660804088e-15,1.3591873517859062e-08
1377,1.3452625398714423e-08,-8.775608491387856e-15,1.345260784749744e-08,-8.775608491387856e-15,1.3584969487314104e-08
1378,1.3446326769099786e-08,-8.759659370807904e-15,1.3446309249781046e-08,-8.759659370807904e-15,1.357805040008264e-08
1379,1.3438672040276862e-08,-8.743271036158876e-15,1.3438654553734789e-08,-8.743271036158876e-15,1.357109184439177e-08
1380,1.3432473578510057e-08,-8.726953597095763e-15,1.3432456124602863e-08,-8.726953597095763e-15,1.3564270486401253e-08
1381,1.3424953173816601e-08,-8.71084450665402e-15,1.3424935752127588e-08,-8.71084450665402e-15,1.3557447473874226e-08
1382,1.341801997295223e-08,-8.69430740524385e-15,1.341800258433742e-08,-8.69430740524385e-15,1.3550569499425265e-08
1383,1.3412201360692122e-08,-8.679687905844413e-15,1.341218400131631e-08,-8.679687905844413e-15,1.3544139659842539e-08
1384,1.3405249905390286e-08,-8.663959854770057e-15,1.3405232577470576e-08,-8.663959854770057e-15,1.3537909972278062e-08
1385,1.339964256185943e-08,-8.64946461279733e-15,1.3399625262930204e-08,-8.64946461279733e-15,1.3531711590953277e-08
1386,1.3392765753047755e-08,-8.634663523540411e-15,1.3392748483720709e-08,-8.634663523540411e-15,1.3525540030107247e-08
1387,1.3387222099136977e-08,-8.619722977796181e-15,1.338720485969102e-08,-8.619722977796181e-15,1.3519393121139535e-08
1388,1.3380376192893685e-08,-8.605024919975385e-15,1.3380358982843846e-08,-8.605024919975385e-15,1.3513254169697224e-08
1389,1.3374178434631409e-08,-8.589971841678538e-15,1.3374161254687726e-08,-8.589971841678538e-15,1.3507117360366227e-08
1390,1.3368658574729911e-08,-8.575804024500195e-15,1.3368641423121862e-08,-8.575804024500195e-15,1.350099247318653e-08
1391,1.3361831988604476e-08,-8.56130612597188e-15,1.3361814865992224e-08,-8.56130612597188e-15,1.349486636237685e-08
1392,1.3356304799417041e-08,-8.546664315629616e-15,1.335628770608841e-08,-8.546664315629616e-15,1.348873424515301e-08
1393,1.3349485221290747e-08,-8.532289270877042e-15,1.3349468156712206e-08,-8.532289270877042e-15,1.3482604181837288e-08
1394,1.3343362674729365e-08,-8.517643729124343e-15,1.3343345639441907e-08,-8.517643729124343e-15,1.3476532907895833e-08
1395,1.3337854207375708e-08,-8.50404992762769e-15,1.3337837199275852e-08,-8.50404992762769e-15,1.347041633867205e-08
1396,1.3330994546653897e-08,-8.489039624583935e-15,1.3330977568574647e-08,-8.489039624583935e-15,1.3464258662824949e-08
1397,1.3325509588525081e-08,-8.475337420871856e-15,1.332549263785024e-08,-8.475337420871856e-15,1.3458164065418536e-08
1398,1.3318712878342262e-08,-8.46128408288047e-15,1.3318695955774096e-08,-8.46128408288047e-15,1.3452058461869612e-08
1399,1.331315546121585e-08,-8.447009636002179e-15,1.3313138567196579e-08,-8.447009636002179e-15,1.3445898996694132e-08
1400,1.3306296875365131e-08,-8.432967945527398e-15,1.330628000942924e-08,-8.432967945527398e-15,1.3439737862881834e-08
1401,1.3300071469207953e-08,-8.418575838452744e-15,1.3300054632056277e-08,-8.418575838452744e-15,1.3433576773650179e-08
1402,1.3294842464232347e-08,-8.40584361385811e-15,1.329482565254512e-08,-8.40584361385811e-15,1.342772461031268e-08
1403,1.3288679406043487e-08,-8.392389514425592e-15,1.3288662621264458e-08,-8.392389514425592e-15,1.3422202447380227e-08
1404,1.328368107646786e-08,-8.380043992199375e-15,1.3283664316379876e-08,-8.380043992199375e-15,1.341654182710409e-08
1405,1.3277234932115257e-08,-8.367278815886402e-15,1.3277218197557626e-08,-8.367278815886402e-15,1.3410719939142473e-08
1406,1.3271983341899444e-08,-8.35435159072633e-15,1.3271966633196262e-08,-8.35435159072633e-15,1.3404828528122958e-08
1407,1.3265408826159537e-08,-8.341668969144365e-15,1.32653921428216e-08,-8.341668969144365e-15,1.339894208846904e-08
1408,1.3259463641831842e-08,-8.328616271499149e-15,1.32594469845993e-08,-8.328616271499149e-15,1.339305080626088e-08
1409,1.3254167138299067e-08,-8.316396795799131e-15,1.3254150505505475e-08,-8.316396795799131e-15,1.3387149925858656e-08
1410,1.3247578690194964e-08,-8.303861775406705e-15,1.3247562082471412e-08,-8.303861775406705e-15,1.3381249844682097e-08
1411,1.324227435580783e-08,-8.29117944005798e-15,1.324225777344895e-08,-8.29117944005798e-15,1.3375347813955352e-08
1412,1.323570190986105e-08,-8.278736725397919e-15,1.3235685352387599e-08,-8.278736725397919e-15,1.3369455651442518e-08
1413,1.3229767589033883e-08,-8.2659467446387e-15,1.3229751057140394e-08,-8.2659467446387e-15,1.3363579131572314e-08
1414,1.3224484690413293e-08,-8.254249094102293e-15,1.3224468181915106e-08,-8.254249094102293e-15,1.335769940594258e-08
1415,1.3217910691176401e-08,-8.241228176804395e-15,1.3217894208720048e-08,-8.241228176804395e-15,1.3351816537069722e-08
1416,1.3212623082720415e-08,-8.229350582755341e-15,1.321260662401925e-08,-8.229350582755341e-15,1.3345933737352399e-08
1417,1.3206091163656604e-08,-8.217203018735823e-15,1.3206074729250567e-08,-8.217203018735823e-15,1.3340076000561128e-08
1418,1.3200828523970268e-08,-8.204922435588503e-15,1.3200812114125398e-08,-8.204922435588503e-15,1.3334213365610031e-08
1419,1.3194486340924104e-08,-8.193177926058892e-15,1.3194469954568251e-08,-8.193177926058892e-15,1.3328569608726122e-08
1420,1.3188920750128106e-08,-8.181305133309965e-15,1.3188904387517839e-08,-8.181305133309965e-15,1.3323070804709052e-08
1421,1.3184015427048648e-08,-8.170500233018226e-15,1.3183999086048182e-08,-8.170500233018226e-15,1.3317585607346193e-08
1422,1.3177843606990388e-08,-8.158392579063342e-15,1.317782729020523e-08,-8.158392579063342e-15,1.3312115065042681e-08
1423,1.3172954373808393e-08,-8.147405405047442e-15,1.3172938078997583e-08,-8.147405405047442e-15,1.3306636932345395e-08
1424,1.31668048246382e-08,-8.136104673463211e-15,1.3166788552428853e-08,-8.136104673463211e-15,1.330116715193698e-08
1425,1.3161918691152855e-08,-8.12467658913673e-15,1.3161902441799676e-08,-8.12467658913673e-15,1.3295694163995868e-08
1426,1.3155753232339885e-08,-8.113439388652705e-15,1.3155737005461107e-08,-8.113439388652705e-15,1.329021737270897e-08
1427,1.315021061329321e-08,-8.101857565900331e-15,1.315019440957808e-08,-8.101857565900331e-15,1.328473687131501e-08
1428,1.3145379474262872e-08,-8.091127840382232e-15,1.3145363292007192e-08,-8.091127840382232e-15,1.3279322014896591e-08
1429,1.313925079431533e-08,-8.080024947705569e-15,1.3139234634265435e-08,-8.080024947705569e-15,1.3273880820652703e-08
1430,1.313436666025115e-08,-8.068761550704549e-15,1.313435052272805e-08,-8.068761550704549e-15,1.3268417743147358e-08
1431,1.3128228648860934e-08,-8.057733597797455e-15,1.3128212533393738e-08,-8.057733597797455e-15,1.326295778088277e-08
1432,1.3122728576150782e-08,-8.046375995873256e-15,1.312271248339879e-08,-8.046375995873256e-15,1.3257520164750148e-08
1433,1.3117886524655465e-08,-8.036110236264713e-15,1.3117870452434993e-08,-8.036110236264713e-15,1.3252091771267537e-08
1434,1.3111765242509996e-08,-8.024546882535451e-15,1.3111749193416231e-08,-8.024546882535451e-15,1.3246649586278043e-08
1435,1.3106891331694029e-08,-8.01407919252347e-15,1.3106875303535644e-08,-8.01407919252347e-15,1.324118884490519e-08
1436,1.3100750552125209e-08,-8.003288151273264e-15,1.3100734545548906e-08,-8.003288151273264e-15,1.3235715959891186e-08
1437,1.3096127336423131e-08,-7.99274365930307e-15,1.3096111350935813e-08,-7.99274365930307e-15,1.3230525745091308e-08
1438,1.3090366248695991e-08,-7.982553692133816e-15,1.3090350283588607e-08,-7.982553692133816e-15,1.322545734455748e-08
1439,1.3085238731146433e-08,-7.972022357415435e-15,1.3085222787101719e-08,-7.972022357415435e-15,1.3220403584194794e-08
1440,1.3080763802430103e-08,-7.962532246818545e-15,1.308074787736561e-08,-7.962532246818545e-15,1.3215362528560097e-08
1441,1.3075029652239722e-08,-7.951778520344794e-15,1.3075013748682682e-08,-7.951778520344794e-15,1.321030818851049e-08
1442,1.3070546497019277e-08,-7.9420979707198e-15,1.3070530612823335e-08,-7.9420979707198e-15,1.3205251915017374e-08
1443,1.3064813616442956e-08,-7.932111528443624e-15,1.3064797752219899e-08,-7.932111528443624e-15,1.320019081462053e-08
1444,1.3060322313089597e-08,-7.921984523511433e-15,1.306030646912055e-08,-7.921984523511433e-15,1.31951243260756e-08
1445,1.3054569752726549e-08,-7.912045455393941e-15,1.3054553928635638e-08,-7.912045455393941e-15,1.319005273105902e-08
1446,1.3049364862300849e-08,-7.901746422955025e-15,1.3049349058808002e-08,-7.901746422955025e-15,1.3184912202273495e-08
1447,1.304470740701062e-08,-7.892176655754325e-15,1.3044691622657309e-08,-7.892176655754325e-15,1.3179681574203668e-08
1448,1.3038793281646676e-08,-7.882283347199144e-15,1.3038777517079981e-08,-7.882283347199144e-15,1.3174444139246058e-08
1449,1.3034120226232564e-08,-7.872244838006337e-15,1.3034104481742888e-08,-7.872244838006337e-15,1.3169199848258535e-08
1450,1.3028202869991045e-08,-7.862412000279681e-15,1.3028187145167044e-08,-7.862412000279681e-15,1.316394862693351e-08
1451,1.3022882849027886e-08,-7.852233319035781e-15,1.3022867144561248e-08,-7.852233319035781e-15,1.3158692181660923e-08
1452,1.3018192682440904e-08,-7.843069929555094e-15,1.3018176996301045e-08,-7.843069929555094e-15,1.3153430672365114e-08
1453,1.301224987071849e-08,-7.832653917437605e-15,1.3012234205410656e-08,-7.832653917437605e-15,1.3148164166752699e-08
1454,1.3007565233451252e-08,-7.823321689228535e-15,1.3007549586807874e-08,-7.823321689228535e-15,1.3142908390337379e-08
1455,1.3001639717559439e-08,-7.813674800065825e-15,1.3001624090209838e-08,-7.813674800065825e-15,1.3137645035986224e-08
1456,1.2996122230960914e-08,-7.802523399692654e-15,1.2996106625914115e-08,-7.802523399692654e-15,1.3131677767649025e-08
1457,1.298894718938926e-08,-7.790537626436365e-15,1.2988931608314008e-08,-7.790537626436365e-15,1.3125407278632567e-08
1458,1.298284574212516e-08,-7.778349737518337e-15,1.2982830185425685e-08,-7.778349737518337e-15,1.3119623833201129e-08
1459,1.2977885586925701e-08,-7.767322241066002e-15,1.297787005228122e-08,-7.767322241066002e-15,1.3114371097470004e-08
1460,1.2972056641177215e-08,-7.755149955008908e-15,1.2972041130877304e-08,-7.755149955008908e-15,1.3109375793731302e-08
1461,1.2967614334000035e-08,-7.744063440412941e-15,1.2967598845873154e-08,-7.744063440412941e-15,1.3104421118115459e-08
1462,1.2961972731810806e-08,-7.732690149452408e-15,1.2961957266430506e-08,-7.732690149452408e-15,1.3099481215709721e-08
1463,1.2957578565343446e-08,-7.721170853196518e-15,1.295756312300174e-08,-7.721170853196518e-15,1.3094547178713518e-08
1464,1.2951989837670486e-08,-7.709902606899188e-15,1.2951974417865272e-08,-7.709902606899188e-15,1.3089644515812635e-08
1465,1.2947022486490452e-08,-7.698330574812238e-15,1.2947007089829302e-08,-7.698330574812238e-15,1.3084747489163674e-08
1466,1.2942679029293383e-08,-7.687483402832364e-15,1.2942663654326576e-08,-7.687483402832364e-15,1.3079844184832337e-08
1467,1.293715034619489e-08,-7.676337598730238e-15,1.2937134993519692e-08,-7.676337598730238e-15,1.30749942169478e-08
1468,1.2932892958600518e-08,-7.665106209610424e-15,1.2932877628388099e-08,-7.665106209610424e-15,1.3070177116997125e-08
1469,1.2927395908642561e-08,-7.654073448503202e-15,1.2927380600495664e-08,-7.654073448503202e-15,1.3065351431569662e-08
1470,1.292248747715306e-08,-7.642692234404916e-15,1.292247219176859e-08,-7.642692234404916e-15,1.3060512714295162e-08
1471,1.2918197251700775e-08,-7.632282333259542e-15,1.291818198713611e-08,-7.632282333259542e-15,1.3055658238482424e-08
1472,1.291265313046781e-08,-7.620650516187255e-15,1.2912637889166778e-08,-7.620650516187255e-15,1.3050797254414902e-08
1473,1.2908344873539524e-08,-7.61004470322401e-15,1.2908329653450118e-08,-7.61004470322401e-15,1.3045930397234728e-08
1474,1.2902799754986527e-08,-7.599131560680952e-15,1.2902784556723407e-08,-7.599131560680952e-15,1.30410579069955e-08
1475,1.2898545142527057e-08,-7.588173545470286e-15,1.2898529966179966e-08,-7.588173545470286e-15,1.3036236300078069e-08
1476,1.2893032103394594e-08,-7.57739543966836e-15,1.2893016948603715e-08,-7.57739543966836e-15,1.3031399097250256e-08
1477,1.2888340626486166e-08,-7.566558731500706e-15,1.2888325493368704e-08,-7.566558731500706e-15,1.3026784788123341e-08
1478,1.2884490584216366e-08,-7.556977931480974e-15,1.2884475470260502e-08,-7.556977931480974e-15,1.302238500908203e-08
1479,1.2879468041063963e-08,-7.546271194928952e-15,1.2879452948521574e-08,-7.546271194928952e-15,1.3018058890627635e-08
1480,1.2875697203514204e-08,-7.536582005758655e-15,1.2875682130350193e-08,-7.536582005758655e-15,1.3013742621722389e-08
1481,1.2870694382582882e-08,-7.526583431916812e-15,1.2870679329416019e-08,-7.526583431916812e-15,1.3009417092876072e-08
1482,1.2866926084534042e-08,-7.516458931004397e-15,1.286691105161618e-08,-7.516458931004397e-15,1.3005085088275888e-08
1483,1.2861906710383307e-08,-7.506525146206977e-15,1.2861891697333014e-08,-7.506525146206977e-15,1.300075299313108e-08
1484,1.2857491189826334e-08,-7.496260401369686e-15,1.285747619730553e-08,-7.496260401369686e-15,1.2996412130247462e-08
1485,1.2853707925398379e-08,-7.486740464894536e-15,1.2853692951917449e-08,-7.486740464894536e-15,1.2992068749545249e-08
1486,1.2848678941173145e-08,-7.476915697790877e-15,1.284866398734175e-08,-7.476915697790877e-15,1.2987723520252051e-08
1487,1.2844882719564017e-08,-7.466953841860151e-15,1.2844867785656334e-08,-7.466953841860151e-15,1.2983369067829664e-08
1488,1.2839852889030942e-08,-7.45714644992242e-15,1.2839837974738042e-08,-7.45714644992242e-15,1.2979017730481825e-08
1489,1.283549232922826e-08,-7.447055356092514e-15,1.2835477435117548e-08,-7.447055356092514e-15,1.2974735670053893e-08
1490,1.2831780395952307e-08,-7.437939555384135e-15,1.2831765520073197e-08,-7.437939555384135e-15,1.297046709415088e-08
1491,1.282682846558695e-08,-7.427629471001849e-15,1.2826813610328008e-08,-7.427629471001849e-15,1.2966205274673537e-08
1492,1.2823124653308052e-08,-7.418352255535516e-15,1.282310981660354e-08,-7.418352255535516e-15,1.2961940661252028e-08
1493,1.2818176597606552e-08,-7.408769952216578e-15,1.2818161780066648e-08,-7.408769952216578e-15,1.2957666947303494e-08
1494,1.2814459595633324e-08,-7.399055366475497e-15,1.2814444797522592e-08,-7.399055366475497e-15,1.2953387170291982e-08
1495,1.2809492740001434e-08,-7.389523052826286e-15,1.2809477960955329e-08,-7.389523052826286e-15,1.294910628840534e-08
1496,1.280513215327292e-08,-7.37966178173412e-15,1.2805117393949356e-08,-7.37966178173412e-15,1.2944819212836106e-08
1497,1.280140164301393e-08,-7.370776066999883e-15,1.2801386901461796e-08,-7.370776066999883e-15,1.2940526555685036e-08
1498,1.279642114324982e-08,-7.360688286391719e-15,1.2796406421873246e-08,-7.360688286391719e-15,1.293623267815857e-08
1499,1.2792705636624018e-08,-7.35165363353898e-15,1.2792690933316752e-08,-7.35165363353898e-15,1.293195336023687e-08
1500,1.2709416083348591e-08,-7.223015235090341e-15,1.2709401637318121e-08,-7.223015235090341e-15,1.2859098216163785e-08
1501,1.3132181609920193e-08,-7.852736015931682e-15,1.3132165904448162e-08,-7.852736015931682e-15,1.32328790434449e-08
1502,1.3199944531183544e-08,-8.050589669039024e-15,1.3199928430004206e-08,-8.050589669039024e-15,1.3286753606697406e-08
1503,1.2935857081777406e-08,-7.777672161763998e-15,1.2935841526433082e-08,-7.777672161763998e-15,1.3033225706565603e-08
1504,1.2757543028263106e-08,-7.623515529334528e-15,1.2757527781232047e-08,-7.623515529334528e-15,1.2844521663263046e-08
1505,1.2695682210549105e-08,-7.580116830395496e-15,1.2695667050315444e-08,-7.580116830395496e-15,1.283861694073991e-08
1506,1.2747092940070233e-08,-7.625375772208862e-15,1.274707768931869e-08,-7.625375772208862e-15,1.2889028231031776e-08
1507,1.2596700095899172e-08,-7.378385401830304e-15,1.2596685339128369e-08,-7.378385401830304e-15,1.275204673412093e-08
1508,1.249358005885441e-08,-7.186494490265507e-15,1.2493565685865429e-08,-7.186494490265507e-15,1.2663554666587954e-08
1509,1.240946694669331e-08,-6.9806860658481045e-15,1.2409452985321178e-08,-6.9806860658481045e-15,1.259626098480504e-08
1510,1.2603961127711643e-08,-7.13673631569736e-15,1.2603946854239011e-08,-7.13673631569736e-15,1.278806424434516e-08
1511,1.3260169525282425e-08,-8.060115573908502e-15,1.3260153405051278e-08,-8.060115573908502e-15,1.337368468054865e-08
1512,1.2880256010177457e-08,-7.560803162362896e-15,1.2880240888571133e-08,-7.560803162362896e-15,1.3002139283873668e-08
1513,1.3167996276841623e-08,-8.124472257593878e-15,1.3167980027897107e-08,-8.124472257593878e-15,1.32227936506261e-08
1514,1.2699783076505117e-08,-7.55793400335533e-15,1.269976796063711e-08,-7.55793400335533e-15,1.2801473325240487e-08
1515,1.2580183575597306e-08,-7.4117580754287e-15,1.2580168752081156e-08,-7.4117580754287e-15,1.2743881436677716e-08
1516,1.202849984495197e-08,-6.547669824209687e-15,1.2028486749612321e-08,-6.547669824209687e-15,1.2234725824966612e-08
1517,1.1797386710079398e-08,-6.033025579990837e-15,1.1797374644028238e-08,-6.033025579990837e-15,1.2087791646165033e-08
1518,1.2993597373363894e-08,-7.390050851176753e-15,1.2993582593262192e-08,-7.390050851176753e-15,1.3169017285586136e-08
1519,1.2499538489531321e-08,-6.593774815829921e-15,1.2499525301981688e-08,-6.593774815829921e-15,1.2721406102958971e-08
1520,1.244512643350916e-08,-6.466795782064661e-15,1.2445113499917596e-08,-6.466795782064661e-15,1.2627694351356424e-08
1521,1.3487682823686943e-08,-7.984302602131787e-15,1.348766685508174e-08,-7.984302602131787e-15,1.3492580556580384e-08
1522,1.3099486288000344e-08,-7.564547549712926e-15,1.3099471158905244e-08,-7.564547549712926e-15,1.3244294010157315e-08
1523,1.1382575081275614e-08,-5.315756205194323e-15,1.1382564449763204e-08,-5.315756205194323e-15,1.162155070320193e-08
1524,1.2722815620367762e-08,-6.917652075612649e-15,1.2722801785063612e-08,-6.917652075612649e-15,1.2818191925668964e-08
1525,1.343683871755731e-08,-7.887628653714894e-15,1.3436822942300003e-08,-7.887628653714894e-15,1.36009638446172e-08
1526,9.662826354060962e-09,-3.352072351125969e-15,9.662819649916261e-09,-3.352072351125969e-15,1.010906541859306e-08
1527,1.3877160295675734e-08,-7.846329197598565e-15,1.3877144603017339e-08,-7.846329197598565e-15,1.3896449632688423e-08
1528,1.3802758713474169e-08,-7.883930215166147e-15,1.3802742945613739e-08,-7.883930215166147e-15,1.391520529615081e-08
1529,1.2608492895438816e-08,-6.280000099406566e-15,1.2608480335438618e-08,-6.280000099406566e-15,1.290267894153785e-08
1530,1.235683071595099e-08,-6.1476251052178686e-15,1.235681842070078e-08,-6.1476251052178686e-15,1.2220137484194344e-08
1531,1.3390062511620984e-08,-7.874255607483153e-15,1.3390046763109769e-08,-7.874255607483153e-15,1.3495293734821776e-08
1532,1.2978132327700523e-08,-7.225721134380239e-15,1.2978117876258254e-08,-7.225721134380239e-15,1.316736191974381e-08
1533,1.3570761507446189e-08,-8.201329519909727e-15,1.3570745104787148e-08,-8.201329519909727e-15,1.3549377106530474e-08
1534,1.2895008276537588e-08,-7.548256276540337e-15,1.2894993180025034e-08,-7.548256276540337e-15,1.2876655356907236e-08
1535,1.179841592090834e-08,-6.16159086122018e-15,1.1798403597726617e-08,-6.16159086122018e-15,1.2033523474278019e-08
1536,1.3229663298211814e-08,-8.105979443054808e-15,1.3229647086252928e-08,-8.105979443054808e-15,1.3292719132266958e-08
1537,1.2605418067888341e-08,-7.168275487777541e-15,1.2605403731337366e-08,-7.168275487777541e-15,1.2799813742654325e-08
1538,1.1583285963720319e-08,-5.6947073215760876e-15,1.1583274574305676e-08,-5.6947073215760876e-15,1.1867458891132019e-08
1539,1.3199648447057957e-08,-7.774436966603943e-15,1.3199632898184024e-08,-7.774436966603943e-15,1.3241288135265423e-08
1540,1.3438592268652827e-08,-8.206123610705083e-15,1.3438575856405606e-08,-8.206123610705083e-15,1.3583485569821982e-08
1541,1.2878132818046717e-08,-7.435356805654385e-15,1.2878117947333107e-08,-7.435356805654385e-15,1.3000350447252014e-08
1542,1.2674961200184149e-08,-7.375868569392519e-15,1.267494644844701e-08,-7.375868569392519e-15,1.266217338259638e-08
1543,1.2574103301899556e-08,-7.408758653608891e-15,1.2574088484382248e-08,-7.408758653608891e-15,1.2715671639464454e-08
1544,9.79383809458141e-09,-3.8472460543934e-15,9.793830400089301e-09,-3.8472460543934e-15,1.0221995162649782e-08
1545,1.3512316485894359e-08,-7.925187855552949e-15,1.3512300635518648e-08,-7.925187855552949e-15,1.3701652794643502e-08
1546,1.293584263509225e-08,-6.934799868722757e-15,1.2935828765492512e-08,-6.934799868722757e-15,1.3168468049200264e-08
1547,1.3345816929167062e-08,-7.437803836858887e-15,1.3345802053559388e-08,-7.437803836858887e-15,1.3551421017111045e-08
1548,1.2489731896615424e-08,-6.528401448158218e-15,1.2489718839812528e-08,-6.528401448158218e-15,1.2366173056427405e-08
1549,1.3248572991361471e-08,-7.966568125338601e-15,1.3248557058225221e-08,-7.966568125338601e-15,1.3360743212591288e-08
1550,1.2868025682036788e-08,-7.491897285777858e-15,1.2868010698242216e-08,-7.491897285777858e-15,1.2942715867232141e-08
1551,1.283353736415446e-08,-7.575439011482265e-15,1.2833522213276437e-08,-7.575439011482265e-15,1.2919340580197773e-08
1552,1.2179121167446949e-08,-6.734702054941015e-15,1.2179107698042838e-08,-6.734702054941015e-15,1.229169512225427e-08
1553,1.2378027828319704e-08,-6.984551059534347e-15,1.2378013859217585e-08,-6.984551059534347e-15,1.2583183590941899e-08
1554,1.2921261748145893e-08,-7.664376279476919e-15,1.2921246419393333e-08,-7.664376279476919e-15,1.304664004321622e-08
1555,1.2630607486101613e-08,-7.214592782699168e-15,1.2630593056916048e-08,-7.214592782699168e-15,1.2810646404508157e-08
1556,1.2687116073094477e-08,-7.319822770625102e-15,1.2687101433448936e-08,-7.319822770625102e-15,1.2778837568335284e-08
1557,1.280703333870364e-08,-7.618755463941004e-15,1.2807018101192711e-08,-7.618755463941004e-15,1.2889802142206826e-08
1558,1.257416338692119e-08,-7.342118506581723e-15,1.2574148702684178e-08,-7.342118506581723e-15,1.2729456867004923e-08
1559,1.2208023205570077e-08,-6.802531716687067e-15,1.2208009600506644e-08,-6.802531716687067e-15,1.2366917056515773e-08
1560,1.2730017414064128e-08,-7.514356652227602e-15,1.2730002385350823e-08,-7.514356652227602e-15,1.28644552650597e-08
1561,1.1755236066240614e-08,-6.076244098617944e-15,1.1755223913752417e-08,-6.076244098617944e-15,1.2017435206374839e-08
1562,1.2010305190774831e-08,-6.202256314670148e-15,1.2010292786262201e-08,-6.202256314670148e-15,1.2260182975633584e-08
1563,1.3285013268645683e-08,-7.813942998320481e-15,1.3284997640759686e-08,-7.813942998320481e-15,1.3390253337986075e-08
1564,1.2998875950277136e-08,-7.414307239926896e-15,1.2998861121662656e-08,-7.414307239926896e-15,1.3172136334704886e-08
1565,1.3148021571805873e-08,-7.792263587275197e-15,1.3148005987278698e-08,-7.792263587275197e-15,1.3157436322670076e-08
1566,1.2321535412567615e-08,-6.883220966260756e-15,1.2321521646125683e-08,-6.883220966260756e-15,1.2381677658923524e-08
1567,1.2966073646712647e-08,-7.944935825253266e-15,1.2966057756840997e-08,-7.944935825253266e-15,1.3073986226067775e-08
1568,1.1474029726096035e-08,-5.816440364729931e-15,1.1474018093215306e-08,-5.816440364729931e-15,1.1723204265104235e-08
1569,1.3062356840452137e-08,-7.852948639013318e-15,1.3062341134554859e-08,-7.852948639013318e-15,1.3207570574934289e-08
1570,1.2635557304284585e-08,-7.201520763650732e-15,1.2635542901243057e-08,-7.201520763650732e-15,1.2753785217916797e-08
1571,1.1645638733835796e-08,-5.825928643306722e-15,1.164562708197851e-08,-5.825928643306722e-15,1.1948581177941701e-08
1572,1.344016137008793e-08,-8.27836078769797e-15,1.3440144813366355e-08,-8.27836078769797e-15,1.3385471382115915e-08
1573,1.2753278788590962e-08,-7.443690054000739e-15,1.2753263901210855e-08,-7.443690054000739e-15,1.2923622069164405e-08
1574,1.330954975999228e-08,-8.389241566446526e-15,1.3309532981509146e-08,-8.389241566446526e-15,1.3379471780421265e-08
1575,1.2682778646690985e-08,-7.723410368008103e-15,1.268276319987025e-08,-7.723410368008103e-15,1.2651556364683849e-08
1576,1.2301557686334549e-08,-7.337504194783264e-15,1.2301543011326159e-08,-7.337504194783264e-15,1.250205878657491e-08
1577,1.2352614816853854e-08,-7.333738380850074e-15,1.2352600149377092e-08,-7.333738380850074e-15,1.2488948976388919e-08
1578,1.2114796034521358e-08,-6.8789116412523105e-15,1.2114782276698075e-08,-6.8789116412523105e-15,1.2359811338815696e-08
1579,1.275781463988371e-08,-7.649008252405752e-15,1.2757799341867205e-08,-7.649008252405752e-15,1.292371254634578e-08
1580,1.2391663631410119e-08,-7.065379445780352e-15,1.2391649500651228e-08,-7.065379445780352e-15,1.2553924799809754e-08
1581,1.2611697326505243e-08,-7.368010396186731e-15,1.261168259048445e-08,-7.368010396186731e-15,1.277181310580884e-08
1582,1.2772032268467197e-08,-7.637805310699848e-15,1.2772016992856576e-08,-7.637805310699848e-15,1.2862857010124978e-08
1583,1.2499797868875491e-08,-7.285162810611645e-15,1.249978329854987e-08,-7.285162810611645e-15,1.2670143863050163e-08
1584,1.294830385097045e-08,-7.9794602344601e-15,1.294828789204998e-08,-7.9794602344601e-15,1.3033070353493933e-08
1585,1.2689134730203585e-08,-7.693876440329197e-15,1.2689119342450704e-08,-7.693876440329197e-15,1.2798367703126185e-08
1586,1.2217191987057844e-08,-7.040206753126702e-15,1.2217177906644338e-08,-7.040206753126702e-15,1.2397139744806637e-08
1587,1.2260510135202726e-08,-7.0487909801052906e-15,1.2260496037620766e-08,-7.0487909801052906e-15,1.241884887482592e-08
1588,1.246421884650467e-08,-7.233850877130573e-15,1.2464204378802915e-08,-7.233850877130573e-15,1.2668894863873632e-08
1589,1.028940289183182e-08,-4.3456553384515904e-15,1.0289394200521142e-08,-4.3456553384515904e-15,1.0667626597987935e-08
1590,1.318678605363571e-08,-7.581840879647352e-15,1.318677088995395e-08,-7.581840879647352e-15,1.3356299099547173e-08
1591,1.2572547765489673e-08,-6.6238777544640695e-15,1.2572534517734165e-08,-6.6238777544640695e-15,1.278324598691611e-08
1592,1.3148368092186369e-08,-7.371063055949294e-15,1.3148353350060257e-08,-7.371063055949294e-15,1.3320579423781202e-08
1593,1.2787660015421597e-08,-7.114625559941401e-15,1.2787645786170478e-08,-7.114625559941401e-15,1.2705872453551645e-08
1594,1.118044545834259e-08,-5.2520535816814554e-15,1.1180434954235426e-08,-5.2520535816814554e-15,1.1446545847170705e-08
1595,1.2910133799233357e-08,-7.321589650476508e-15,1.2910119156054056e-08,-7.321589650476508e-15,1.3014171942133138e-08
1596,1.3010892816354951e-08,-7.457366496015277e-15,1.301087790162196e-08,-7.457366496015277e-15,1.3161903827552264e-08
1597,1.2875808613006015e-08,-7.30578853569119e-15,1.2875794001428944e-08,-7.30578853569119e-15,1.3006398486886539e-08
1598,1.2596748244322866e-08,-7.105771566592097e-15,1.2596734032779733e-08,-7.105771566592097e-15,1.2603607576003718e-08
1599,1.2698138453970979e-08,-7.447520002641377e-15,1.2698123558930974e-08,-7.447520002641377e-15,1.2797889545746876e-08
1600,1.2660111622545625e-08,-7.453067829815172e-15,1.2660096716409965e-08,-7.453067829815172e-15,1.2785257201453867e-08
1601,1.2400737700322138e-08,-7.125900246170339e-15,1.2400723448521645e-08,-7.125900246170339e-15,1.2533038175898261e-08
1602,1.1579784470471142e-08,-6.0030828643108866e-15,1.1579772464305413e-08,-6.0030828643108866e-15,1.1775659852331302e-08
1603,1.2820737205547229e-08,-7.592839241383811e-15,1.2820722019868746e-08,-7.592839241383811e-15,1.2980398606654424e-08
1604,1.2538732652270865e-08,-7.109423148568895e-15,1.2538718433424567e-08,-7.109423148568895e-15,1.2720559841011352e-08
1605,8.681752888752996e-09,-2.8209496058989467e-15,8.681747246853785e-09,-2.8209496058989467e-15,9.124575340395798e-09
1606,1.3218417848006807e-08,-7.194928517953242e-15,1.321840345814977e-08,-7.194928517953242e-15,1.338490931488668e-08
1607,1.3435364796415621e-08,-7.346515931679746e-15,1.3435350103383758e-08,-7.346515931679746e-15,1.36889940788185e-08
1608,1.3343106964087812e-08,-7.149776872328759e-15,1.3343092664534068e-08,-7.149776872328759e-15,1.356773476527422e-08
1609,1.2136840190146044e-08,-5.939080065430416e-15,1.2136828311985913e-08,-5.939080065430416e-15,1.1978358998751755e-08
1610,1.0309798678259035e-08,-4.128670814165499e-15,1.0309790420917406e-08,-4.128670814165499e-15,1.0656145099888252e-08
1611,1.3469768965851723e-08,-7.513237187397076e-15,1.3469753939377348e-08,-7.513237187397076e-15,1.362459241329478e-08
1612,1.3505157408222413e-08,-7.49975139326695e-15,1.3505142408719627e-08,-7.49975139326695e-15,1.3640912175469391e-08
1613,1.3737281263969294e-08,-8.078365675650298e-15,1.3737265107237942e-08,-8.078365675650298e-15,1.3724427993246979e-08
1614,1.2889843315034547e-08,-7.470492482066106e-15,1.2889828374049582e-08,-7.470492482066106e-15,1.269276169122992e-08
1615,1.1987876237447765e-08,-6.6395225056154675e-15,1.1987862958402753e-08,-6.6395225056154675e-15,1.213648130548783e-08
1616,1.1988133559317422e-08,-6.579787629316541e-15,1.1988120399742163e-08,-6.579787629316541e-15,1.2168686234769603e-08
1617,1.143629943805124e-08,-5.6714280946215285e-15,1.143628809519505e-08,-5.6714280946215285e-15,1.1744063957297679e-08
1618,1.2747939269784626e-08,-7.116434424779431e-15,1.2747925036915776e-08,-7.116434424779431e-15,1.2926736744985343e-08
1619,1.279053722387791e-08,-7.125738228588879e-15,1.2790522972401453e-08,-7.125738228588879e-15,1.2928298842913458e-08
1620,9.771826255462502e-09,-3.644549953725281e-15,9.771818966362594e-09,-3.644549953725281e-15,1.0149294973522602e-08
1621,1.25193447988383e-08,-6.347880481095881e-15,1.2519332103077338e-08,-6.347880481095881e-15,1.2656237989512112e-08
1622,1.3767557787297084e-08,-7.978343856190341e-15,1.3767541830609371e-08,-7.978343856190341e-15,1.3907858983193524e-08
1623,1.1188506649602367e-08,-4.692671499314839e-15,1.1188497264259369e-08,-4.692671499314839e-15,1.1572008645977649e-08
1624,1.3756301207924472e-08,-7.924360972010615e-15,1.3756285359202528e-08,-7.924360972010615e-15,1.354095203789319e-08
1625,1.2216169354799315e-08,-6.2516588458635445e-15,1.2216156851481624e-08,-6.2516588458635445e-15,1.233326414535257e-08
1626,1.3145873388232997e-08,-7.545289335829265e-15,1.3145858297654324e-08,-7.545289335829265e-15,1.334769430936332e-08
1627,1.2878731917123932e-08,-7.383003898956963e-15,1.2878717151116134e-08,-7.383003898956963e-15,1.2753360392579412e-08
1628,1.2305612821564567e-08,-6.874323197700992e-15,1.2305599072918172e-08,-6.874323197700992e-15,1.2494541186424316e-08
1629,1.150859246632665e-08,-5.771368235821971e-15,1.1508580923590178e-08,-5.771368235821971e-15,1.1696222562053831e-08
1630,1.2996509109022977e-08,-7.685941656971751e-15,1.2996493737139663e-08,-7.685941656971751e-15,1.3127712979756159e-08
1631,1.2568777838640654e-08,-7.038914505895704e-15,1.2568763760811643e-08,-7.038914505895704e-15,1.2744236631310158e-08
1632,1.1968981985712634e-08,-6.2264515309810934e-15,1.1968969532809573e-08,-6.2264515309810934e-15,1.2157664188180923e-08
1633,1.2862638765968633e-08,-7.505009505872663e-15,1.2862623755949621e-08,-7.505009505872663e-15,1.2876856243462264e-08
1634,1.2184329761887069e-08,-6.640360393786469e-15,1.218431648116628e-08,-6.640360393786469e-15,1.2390714732548478e-08
1635,9.066135408960947e-09,-3.1368736000559572e-15,9.066129135213747e-09,-3.1368736000559572e-15,9.500759811404003e-09
1636,1.3513717798087786e-08,-7.667962363305371e-15,1.3513702462163059e-08,-7.667962363305371e-15,1.3649364756792703e-08
1637,1.3650081078661138e-08,-7.778430804142927e-15,1.365006552179953e-08,-7.778430804142927e-15,1.3862140766340228e-08
1638,1.2056338226752691e-08,-5.678851241674365e-15,1.2056326869050207e-08,-5.678851241674365e-15,1.2349283089945766e-08
1639,1.3001187614892532e-08,-7.134094962734533e-15,1.3001173346702607e-08,-7.134094962734533e-15,1.2731912044153448e-08
1640,1.2793964846994512e-08,-7.33479421655715e-15,1.2793950177406079e-08,-7.33479421655715e-15,1.2932583643833744e-08
1641,1.2774888629738784e-08,-7.319970277485185e-15,1.2774873989798229e-08,-7.319970277485185e-15,1.2940701854683007e-08
1642,1.2479410924747352e-08,-7.040380985960344e-15,1.247939684398538e-08,-7.040380985960344e-15,1.2485328328732394e-08
1643,1.2224635912865421e-08,-6.838094498943032e-15,1.2224622236676423e-08,-6.838094498943032e-15,1.2379817661841067e-08
1644,1.2464941043119265e-08,-7.135249395218874e-15,1.2464926772620475e-08,-7.135249395218874e-15,1.2622582549213743e-08
1645,1.2298759262038979e-08,-6.857437683847911e-15,1.2298745547163612e-08,-6.857437683847911e-15,1.2476609311099999e-08
1646,1.1815071718321225e-08,-6.14305217201531e-15,1.1815059432216881e-08,-6.14305217201531e-15,1.2028852821561567e-08
1647,1.2670863231203027e-08,-7.207026647506979e-15,1.2670848817149732e-08,-7.207026647506979e-15,1.2808414563350563e-08
1648,1.2577554452378955e-08,-7.0666231162101235e-15,1.2577540319132722e-08,-7.0666231162101235e-15,1.2724824836683942e-08
1649,1.2329350652012554e-08,-6.767227084594643e-15,1.2329337117558385e-08,-6.767227084594643e-15,1.2467562703596448e-08
1650,1.2135175562133315e-08,-6.5891812296980044e-15,1.2135162383770855e-08,-6.5891812296980044e-15,1.2248400386401148e-08
1651,1.1650016237212633e-08,-5.9368258457259546e-15,1.1650004363560942e-08,-5.9368258457259546e-15,1.1869838848067632e-08
1652,1.2963639498981825e-08,-7.586503757061322e-15,1.296362432597431e-08,-7.586503757061322e-15,1.3100993965702017e-08
1653,1.285602319714635e-08,-7.462412774358845e-15,1.28560082723208e-08,-7.462412774358845e-15,1.2973039331027046e-08
1654,1.2432861295024737e-08,-7.00350822091214e-15,1.2432847288008295e-08,-7.00350822091214e-15,1.2528265020096952e-08
1655,7.865889427473949e-09,-2.337251136299305e-15,7.865884752971676e-09,-2.337251136299305e-15,8.279406239529206e-09
1656,1.3460367046838158e-08,-7.594494646426953e-15,1.3460351857848865e-08,-7.594494646426953e-15,1.371675166420946e-08
1657,1.2160656602590746e-08,-5.625956517206227e-15,1.2160645350677712e-08,-5.625956517206227e-15,1.2530314805119116e-08
1658,1.3476894736195379e-08,-7.0120989483401324e-15,1.3476880711997483e-08,-7.0120989483401324e-15,1.3766771824641198e-08
1659,1.323241653784316e-08,-7.073331070605171e-15,1.3232402391181019e-08,-7.073331070605171e-15,1.289332309258781e-08
1660,1.3242165833711101e-08,-7.780594892588984e-15,1.3242150272521315e-08,-7.780594892588984e-15,1.3344222528324193e-08
1661,1.2920558401012736e-08,-7.58964793109741e-15,1.2920543221716873e-08,-7.58964793109741e-15,1.2868728203315987e-08
1662,1.0760267334898931e-08,-5.012212806589012e-15,1.0760257310473319e-08,-5.012212806589012e-15,1.0977971723021447e-08
1663,1.2693654701195716e-08,-7.383561273317733e-15,1.269363993407317e-08,-7.383561273317733e-15,1.2788674094458212e-08
1664,1.1887821729915503e-08,-6.177516869910155e-15,1.1887809374881763e-08,-6.177516869910155e-15,1.2163829421084395e-08
1665,1.188824223100907e-08,-5.963770688569205e-15,1.1888230303467693e-08,-5.963770688569205e-15,1.2178575751765616e-08
1666,1.28303616221848e-08,-7.14615761784567e-15,1.2830347329869564e-08,-7.14615761784567e-15,1.2824426509878611e-08
1667,1.1619819026869603e-08,-5.662512363405208e-15,1.1619807701844877e-08,-5.662512363405208e-15,1.1894171453301491e-08
1668,1.2942815000144491e-08,-7.328458163133772e-15,1.2942800343228166e-08,-7.328458163133772e-15,1.3024510694278662e-08
1669,1.2391016157011859e-08,-6.719255768941874e-15,1.239100271850032e-08,-6.719255768941874e-15,1.2460643446103129e-08
1670,1.3021170234685395e-08,-7.751150374570136e-15,1.3021154732384645e-08,-7.751150374570136e-15,1.311822463074505e-08
1671,1.2469033408727223e-08,-7.177365230341055e-15,1.2469019053996762e-08,-7.177365230341055e-15,1.249011486835459e-08
1672,1.22460392066665e-08,-7.058465696556893e-15,1.2246025089735108e-08,-7.058465696556893e-15,1.2389472613276086e-08
1673,1.1814846425263721e-08,-6.4601860222523585e-15,1.1814833504891677e-08,-6.4601860222523585e-15,1.195972181305447e-08
1674,1.2081446000885706e-08,-6.7268955377737475e-15,1.2081432547094631e-08,-6.7268955377737475e-15,1.2300193557172719e-08
1675,1.2293105071878964e-08,-6.904600795862632e-15,1.2293091262677373e-08,-6.904600795862632e-15,1.2470826626398962e-08
1676,1.2466553646246637e-08,-7.125475628547378e-15,1.2466539395295381e-08,-7.125475628547378e-15,1.260277974485766e-08
1677,1.2278076290043866e-08,-6.906388296601515e-15,1.2278062477267273e-08,-6.906388296601515e-15,1.2417284246335279e-08
1678,1.2270236638438202e-08,-6.925110183424681e-15,1.2270222788217836e-08,-6.925110183424681e-15,1.2425273560116337e-08
1679,1.2286583083782258e-08,-6.942809241020389e-15,1.2286569198163776e-08,-6.942809241020389e-15,1.2434479476064546e-08
1680,1.3008059823248808e-08,-8.020164238878972e-15,1.300804378292033e-08,-8.020164238878972e-15,1.3105174782428298e-08
1681,9.498936308830415e-09,-3.712587537018976e-15,9.498928883655341e-09,-3.712587537018976e-15,9.86106017688517e-09
1682,1.128324192404732e-08,-5.243238239539864e-15,1.1283231437570841e-08,-5.243238239539864e-15,1.1590943550801059e-08
1683,1.3240119129793427e-08,-7.392195773838927e-15,1.3240104345401879e-08,-7.392195773838927e-15,1.3423395587602191e-08
1684,1.2881500517469211e-08,-6.764941414682914e-15,1.2881486987586382e-08,-6.764941414682914e-15,1.318352695497329e-08
1685,1.3043383641713017e-08,-7.192245003056923e-15,1.3043369257223011e-08,-7.192245003056923e-15,1.2917220020202371e-08
1686,1.2384381426287252e-08,-6.8070209351151734e-15,1.2384367812245382e-08,-6.8070209351151734e-15,1.2391976176857761e-08
1687,1.2248736100677745e-08,-6.7659736134340684e-15,1.2248722568730518e-08,-6.7659736134340684e-15,1.2419635536147747e-08
1688,1.1580872500456449e-08,-5.8523437473372e-15,1.1580860795768955e-08,-5.8523437473372e-15,1.1745034886984774e-08
1689,1.2566440382912627e-08,-7.111586353716714e-15,1.256642615973992e-08,-7.111586353716714e-15,1.2701084987757814e-08
1690,1.2325248180269043e-08,-6.79924017345583e-15,1.2325234581788697e-08,-6.79924017345583e-15,1.2467983442652553e-08
1691,1.2338349533016525e-08,-6.8502691649859584e-15,1.2338335832478195e-08,-6.8502691649859584e-15,1.248672547143615e-08
1692,1.2342425073758667e-08,-6.914333662220978e-15,1.2342411245091342e-08,-6.914333662220978e-15,1.2433406922486538e-08
1693,9.525913165378272e-09,-3.64699516927245e-15,9.525905871387934e-09,-3.64699516927245e-15,9.924859367625388e-09
1694,1.2990456847319814e-08,-7.209318468961007e-15,1.2990442428682876e-08,-7.209318468961007e-15,1.317899081573278e-08
1695,1.0475075224077668e-08,-4.0912116028729164e-15,1.0475067041654462e-08,-4.0912116028729164e-15,1.0883699128069094e-08
1696,1.306755576315144e-08,-6.6197765559236925e-15,1.3067542523598328e-08,-6.6197765559236925e-15,1.3348975175740432e-08
1697,1.360075885663961e-08,-7.466116198313198e-15,1.3600743924407215e-08,-7.466116198313198e-15,1.3452384494912532e-08
1698,1.2891122956803883e-08,-6.909440912365179e-15,1.2891109137922058e-08,-6.909440912365179e-15,1.30993513953227e-08
1699,1.2644033072669934e-08,-6.8593425183952245e-15,1.2644019353984897e-08,-6.8593425183952245e-15,1.2511187619032856e-08
1700,1.1151380245789417e-08,-5.272010351817545e-15,1.1151369701768713e-08,-5.272010351817545e-15,1.1370315570862273e-08
1701,1.2826408358534408e-08,-7.257531549152202e-15,1.282639384347131e-08,-7.257531549152202e-15,1.2982736536236751e-08
1702,1.2333948726100913e-08,-6.540940107572668e-15,1.2333935644220697e-08,-6.540940107572668e-15,1.2491228423694502e-08
1703,1.2777393534874337e-08,-7.172140230370271e-15,1.2777379190593877e-08,-7.172140230370271e-15,1.2915760809137525e-08
1704,1.2364731422070154e-08,-6.7845557775870046e-15,1.2364717852958599e-08,-6.7845557775870046e-15,1.2373475548272309e-08
1705,1.1111265598291911e-08,-5.305959119722554e-15,1.1111254986373671e-08,-5.305959119722554e-15,1.1363571659863158e-08
1706,1.1031068310940974e-08,-5.053786202265743e-15,1.1031058203368569e-08,-5.053786202265743e-15,1.1261072775051957e-08
1707,1.2843775698409835e-08,-7.1226924290623e-15,1.2843761453024976e-08,-7.1226924290623e-15,1.3020525395551178e-08
1708,1.2686722666267546e-08,-6.857174650593828e-15,1.2686708951918244e-08,-6.857174650593828e-15,1.2871720551207295e-08
1709,1.2762392890334745e-08,-7.0744036586215374e-15,1.2762378741527428e-08,-7.0744036586215374e-15,1.2814142431324281e-08
1710,1.239450956892576e-08,-6.8373910078999894e-15,1.2394495894143744e-08,-6.8373910078999894e-15,1.2414696764739886e-08
1711,1.2499797619438021e-08,-7.164265187527328e-15,1.2499783290907645e-08,-7.164265187527328e-15,1.2630934436806797e-08
1712,1.2540648286070709e-08,-7.301342524645663e-15,1.2540633683385659e-08,-7.301342524645663e-15,1.2634076252291687e-08
1713,1.233572656361995e-08,-7.110335856786298e-15,1.2335712342948238e-08,-7.110335856786298e-15,1.2461820710189686e-08
1714,8.394609569015152e-09,-2.7871935981536683e-15,8.394603994627956e-09,-2.7871935981536683e-15,8.829904677171822e-09
1715,1.3352976266679757e-08,-7.676385712083458e-15,1.3352960913908332e-08,-7.676385712083458e-15,1.3561262672151023e-08
1716,1.295911582812341e-08,-6.9419018116753906e-15,1.2959101944319788e-08,-6.9419018116753906e-15,1.3228743302838177e-08
1717,1.2839503866018008e-08,-6.69984517506582e-15,1.2839490466327657e-08,-6.69984517506582e-15,1.3126757752069502e-08
1718,1.3066687803593112e-08,-7.353584912616219e-15,1.3066673096423286e-08,-7.353584912616219e-15,1.2760245018507015e-08
1719,6.971785489572152e-09,-1.749445031077886e-15,6.97178199068209e-09,-1.749445031077886e-15,7.480921878015027e-09
1720,1.4061822605562077e-08,-8.002535367066072e-15,1.4061806600491342e-08,-8.002535367066072e-15,1.4287459152810463e-08
1721,1.3254079873011469e-08,-6.812597955812518e-15,1.3254066247815558e-08,-6.812597955812518e-15,1.3510420910833816e-08
1722,1.375983207203988e-08,-7.453743819876471e-15,1.375981716455224e-08,-7.453743819876471e-15,1.4059955178930585e-08
1723,1.3019443869184875e-08,-7.052517477873124e-15,1.301942976414992e-08,-7.052517477873124e-15,1.2533008585034046e-08
1724,1.2250910356393213e-08,-6.794491572291546e-15,1.2250896767410068e-08,-6.794491572291546e-15,1.2423520502988237e-08
1725,1.2087779959663244e-08,-6.578061693751141e-15,1.2087766803539855e-08,-6.578061693751141e-15,1.2213303142483553e-08
1726,1.2029880875419841e-08,-6.491015672038048e-15,1.2029867893388498e-08,-6.491015672038048e-15,1.2205822332212726e-08
1727,1.1737022669964386e-08,-6.012268580384348e-15,1.1737010645427225e-08,-6.012268580384348e-15,1.1962897528655205e-08
1728,1.274539834253515e-08,-7.231552730015584e-15,1.274538387942969e-08,-7.231552730015584e-15,1.2895266904381015e-08
1729,1.2544193011688026e-08,-6.980011513687124e-15,1.2544179051664998e-08,-6.980011513687124e-15,1.2674063072562525e-08
1730,1.269066292176593e-08,-7.311537556038775e-15,1.2690648298690818e-08,-7.311537556038775e-15,1.2784657765139582e-08
1731,1.2308485142392751e-08,-6.970510443337255e-15,1.2308471201371864e-08,-6.970510443337255e-15,1.2365377719555218e-08
1732,1.1594163648624876e-08,-6.094892066163488e-15,1.1594151458840743e-08,-6.094892066163488e-15,1.1808180897899638e-08
1733,1.0723949951084902e-08,-4.905285243982028e-15,1.0723940140514414e-08,-4.905285243982028e-15,1.103769918435568e-08
1734,1.1705757403061294e-08,-5.711794767275077e-15,1.170574597947176e-08,-5.711794767275077e-15,1.2014385418603371e-08
1735,1.3071657107574739e-08,-7.1870650730483e-15,1.3071642733444593e-08,-7.1870650730483e-15,1.3263582438428439e-08
1736,1.2972338505573913e-08,-7.08524614959135e-15,1.2972324335081613e-08,-7.08524614959135e-15,1.3090969712779657e-08
1737,1.2652285983209603e-08,-6.967148646739343e-15,1.265227204891231e-08,-6.967148646739343e-15,1.2622896491490568e-08
1738,1.1775704801037843e-08,-6.1584925322857355e-15,1.1775692484052779e-08,-6.1584925322857355e-15,1.183021891542382e-08
1739,1.248213217300723e-08,-7.215414325746666e-15,1.2482117742178578e-08,-7.215414325746666e-15,1.2614241598415457e-08
1740,1.2205504420720047e-08,-6.827564664661874e-15,1.2205490765590718e-08,-6.827564664661874e-15,1.2372226509908862e-08
1741,1.228041552598247e-08,-6.920466909535682e-15,1.228040168504865e-08,-6.920466909535682e-15,1.2437009394475152e-08
1742,1.2140461987621316e-08,-6.746565748767823e-15,1.214044849448982e-08,-6.746565748767823e-15,1.2277672164319585e-08
1743,7.2446005987457044e-09,-1.958906639189376e-15,7.244596680932426e-09,-1.958906639189376e-15,7.740298766714321e-09
1744,1.3412699762068582e-08,-7.262599924822813e-15,1.3412685236868732e-08,-7.262599924822813e-15,1.3697119872251309e-08
1745,1.3328421925086427e-08,-6.9242651022602e-15,1.3328408076556222e-08,-6.9242651022602e-15,1.3629429800376619e-08
1746,1.3715285222429187e-08,-7.376857778964303e-15,1.3715270468713628e-08,-7.376857778964303e-15,1.397852555373267e-08
1747,1.3212920345745614e-08,-7.309495421288931e-15,1.3212905726754772e-08,-7.309495421288931e-15,1.275721598850699e-08
1748,1.236718707787331e-08,-6.980777520770334e-15,1.2367173116318268e-08,-6.980777520770334e-15,1.2486308544951763e-08
1749,1.2254885651431378e-08,-6.921426382044398e-15,1.2254871808578614e-08,-6.921426382044398e-15,1.2360873072261368e-08
1750,1.1801219207395699e-08,-6.338294776430219e-15,1.1801206530806145e-08,-6.338294776430219e-15,1.1970085038537165e-08
1751,1.2162459530706333e-08,-6.755565452165394e-15,1.216244601957543e-08,-6.755565452165394e-15,1.2326380308759164e-08
1752,1.2305668334343242e-08,-6.929085634261117e-15,1.2305654476171972e-08,-6.929085634261117e-15,1.2456903852604158e-08
1753,1.2125341346541991e-08,-6.6977529340268106e-15,1.2125327951036124e-08,-6.6977529340268106e-15,1.2297933038058633e-08
1754,1.2359360121676474e-08,-7.049252015564535e-15,1.2359346023172442e-08,-7.049252015564535e-15,1.2471703321357106e-08
1755,1.1866680971269728e-08,-6.402031458680814e-15,1.1866668167206812e-08,-6.402031458680814e-15,1.2068125266106716e-08
1756,1.1828952570014641e-08,-6.26970947941696e-15,1.1828940030595682e-08,-6.26970947941696e-15,1.2026820542231517e-08
1757,1.2332574768923867e-08,-6.879409122811114e-15,1.2332561010105622e-08,-6.879409122811114e-15,1.2471629434569456e-08
1758,1.2275528214193176e-08,-6.813938819853574e-15,1.2275514586315535e-08,-6.813938819853574e-15,1.244441687894412e-08
1759,1.2281387739343339e-08,-6.874105153602121e-15,1.2281373991133032e-08,-6.874105153602121e-15,1.2400902284067502e-08
1760,1.2159300665794894e-08,-6.787562583164321e-15,1.2159287090669727e-08,-6.787562583164321e-15,1.2292788910656245e-08
1761,1.1084179793306153e-08,-5.392768341649852e-15,1.108416900776947e-08,-5.392768341649852e-15,1.1334290210906898e-08
1762,1.310871406538829e-08,-7.962396216734951e-15,1.3108698140595857e-08,-7.962396216734951e-15,1.320222496580925e-08
1763,1.2880811525002072e-08,-7.750712256531888e-15,1.288079602357756e-08,-7.750712256531888e-15,1.2972840461649821e-08
1764,1.2291999492278706e-08,-7.102363123906765e-15,1.2291985287552458e-08,-7.102363123906765e-15,1.2423316582280004e-08
1765,1.2023950699909667e-08,-6.916610152569536e-15,1.2023936866689361e-08,-6.916610152569536e-15,1.2061063804852895e-08
1766,1.1973256346529415e-08,-6.893713536235439e-15,1.1973242559102343e-08,-6.893713536235439e-15,1.2196245377075618e-08
1767,1.1734047577172543e-08,-6.396469411807887e-15,1.173403478423372e-08,-6.396469411807887e-15,1.198058088320547e-08
1768,1.1858739455489458e-08,-6.4168123350038116e-15,1.1858726621864788e-08,-6.4168123350038116e-15,1.2070267304298958e-08
1769,1.0745426931079368e-08,-4.926228268868413e-15,1.074541707862283e-08,-4.926228268868413e-15,1.1073855284451503e-08
1770,1.253674158941692e-08,-6.818366761137561e-15,1.2536727952683397e-08,-6.818366761137561e-15,1.2757564010147581e-08
1771,1.2741365929335691e-08,-6.987457795476869e-15,1.2741351954420101e-08,-6.987457795476869e-15,1.2911813273110732e-08
1772,6.247019365174099e-09,-1.3393860467827795e-15,6.247016686402005e-09,-1.3393860467827795e-15,6.750524997699895e-09
1773,1.4408092728011454e-08,-8.026805743255847e-15,1.4408076674399968e-08,-8.026805743255847e-15,1.4524890492357866e-08
1774,1.3976934916153531e-08,-7.514191111165173e-15,1.3976919887771309e-08,-7.514191111165173e-15,1.4271725776718944e-08
1775,1.3309401697386929e-08,-6.644176951904682e-15,1.3309388409033026e-08,-6.644176951904682e-15,1.3659743627423056e-08
1776,1.288316758622614e-08,-6.7346144514213e-15,1.2883154116997238e-08,-6.7346144514213e-15,1.2298623855989874e-08
1777,1.216525078348311e-08,-6.6563622972398044e-15,1.2165237470758515e-08,-6.6563622972398044e-15,1.2331006025855537e-08
1778,1.2341532869371647e-08,-6.870275283877805e-15,1.2341519128821078e-08,-6.870275283877805e-15,1.2493319126904612e-08
1779,1.2221726250282867e-08,-6.74679009527762e-15,1.2221712756702676e-08,-6.74679009527762e-15,1.232735757645981e-08
1780,1.095568308404137e-08,-5.1675331180633725e-15,1.0955672748975135e-08,-5.1675331180633725e-15,1.122357607621137e-08
1781,1.2596644164997228e-08,-7.0205818647383055e-15,1.2596630123833499e-08,-7.0205818647383055e-15,1.276921775308942e-08
1782,1.1229183201937166e-08,-5.2083093442063836e-15,1.1229172785318477e-08,-5.2083093442063836e-15,1.1506307609751526e-08
1783,7.931430922647079e-09,-2.210919771686739e-15,7.931426500807535e-09,-2.210919771686739e-15,8.440667315332958e-09
1784,1.4368371693765129e-08,-8.126662660170185e-15,1.4368355440439809e-08,-8.126662660170185e-15,1.4435023847911058e-08
1785,1.379164445016849e-08,-7.429898122563327e-15,1.3791629590372246e-08,-7.429898122563327e-15,1.4055463030587416e-08
1786,1.3374374844160537e-08,-7.0490832729637646e-15,1.3374360745993992e-08,-7.0490832729637646e-15,1.3518419728952674e-08
1787,1.2554948306761962e-08,-6.6518016080669565e-15,1.2554935003158746e-08,-6.6518016080669565e-15,1.2157842663040983e-08
1788,1.2489521219816651e-08,-7.202258161177967e-15,1.2489506815300328e-08,-7.202258161177967e-15,1.2650242035346104e-08
1789,1.2627837249250977e-08,-7.402208585389703e-15,1.2627822444833807e-08,-7.402208585389703e-15,1.2732279695102387e-08
1790,1.0610678271554258e-08,-4.897203053002288e-15,1.0610668477148151e-08,-4.897203053002288e-15,1.0836243463464946e-08
1791,1.2463118191900544e-08,-7.102547018421202e-15,1.2463103986806506e-08,-7.102547018421202e-15,1.2572633122666325e-08
1792,1.2304505135142204e-08,-6.85530990925949e-15,1.2304491424522385e-08,-6.85530990925949e-15,1.2502932544333965e-08
1793,1.15709646954774e-08,-5.8050521062235914e-15,1.1570953085373188e-08,-5.8050521062235914e-15,1.1875671129726829e-08
1794,1.2663903079576916e-08,-7.170235102518776e-15,1.2663888739106711e-08,-7.170235102518776e-15,1.2684391184046651e-08
1795,1.1329636017162753e-08,-5.530284876851105e-15,1.1329624956593e-08,-5.530284876851105e-15,1.1577886843701752e-08
1796,1.2130983332465642e-08,-6.4180639450890735e-15,1.2130970496337752e-08,-6.4180639450890735e-15,1.2303727521331252e-08
1797,1.2662395557468e-08,-7.22095386699614e-15,1.2662381115560267e-08,-7.22095386699614e-15,1.2693145884556206e-08
1798,1.2415323285588885e-08,-7.054638309560825e-15,1.2415309176312267e-08,-7.054638309560825e-15,1.2580369823388457e-08
1799,1.2153301688214369e-08,-6.8133728110914214e-15,1.2153288061468746e-08,-6.8133728110914214e-15,1.2220198850835025e-08
1800,1.2328895112902132e-08,-7.197598922289366e-15,1.2328880717704288e-08,-7.197598922289366e-15,1.2447348825011185e-08
1801,1.2084235764333734e-08,-6.888311401584333e-15,1.208422198771093e-08,-6.888311401584333e-15,1.2258210816417923e-08
1802,1.1934232276473816e-08,-6.662954986181373e-15,1.1934218950563843e-08,-6.662954986181373e-15,1.2119396000976407e-08
1803,1.0582332039709823e-08,-4.911910151828497e-15,1.058232221588952e-08,-4.911910151828497e-15,1.0865018175433665e-08
1804,1.178372901889314e-08,-6.065635400839414e-15,1.178371688762234e-08,-6.065635400839414e-15,1.20614480777864e-08
1805,1.3025316529281447e-08,-7.522293776404805e-15,1.3025301484693894e-08,-7.522293776404805e-15,1.3172837221603896e-08
1806,1.2800522675537454e-08,-7.284781566841312e-15,1.280050810597432e-08,-7.284781566841312e-15,1.294191301091501e-08
1807,1.2401683496478056e-08,-7.005608040409707e-15,1.2401669485261975e-08,-7.005608040409707e-15,1.2412983460172287e-08
1808,1.2123866238355052e-08,-6.9122112493338315e-15,1.2123852413932553e-08,-6.9122112493338315e-15,1.2192768597937686e-08
1809,1.2152536446778257e-08,-7.003952787653346e-15,1.2152522438872683e-08,-7.003952787653346e-15,1.2346021125136495e-08
1810,1.2143678967765312e-08,-6.9298966438097034e-15,1.2143665107972024e-08,-6.9298966438097034e-15,1.2320251061897615e-08
1811,1.182869385835385e-08,-6.4713091340355876e-15,1.1828680915735581e-08,-6.4713091340355876e-15,1.2026133451763981e-08
1812,1.257610548479106e-08,-7.471347380816238e-15,1.2576090542096299e-08,-7.471347380816238e-15,1.2695123474687264e-08
1813,1.2254071069255923e-08,-7.067695142908956e-15,1.2254056933865638e-08,-7.067695142908956e-15,1.2414089969238397e-08
1814,1.1996942094580646e-08,-6.758641502318165e-15,1.1996928577297641e-08,-6.758641502318165e-15,1.2156926199282344e-08
1815,1.1993200072722933e-08,-6.804106180755145e-15,1.1993186464510572e-08,-6.804106180755145e-15,1.210537313782395e-08
1816,1.206729133458865e-08,-6.9095545556076844e-15,1.206727751547954e-08,-6.9095545556076844e-15,1.2276473931022137e-08
1817,1.204285083162434e-08,-6.8039701195255814e-15,1.2042837223684102e-08,-6.8039701195255814e-15,1.2230532650976346e-08
1818,1.2318483684033467e-08,-7.159688001862329e-15,1.2318469364657463e-08,-7.159688001862329e-15,1.2468913740610266e-08
1819,1.2129112326152566e-08,-6.90954707721859e-15,1.2129098507058412e-08,-6.90954707721859e-15,1.2301487777381546e-08
1820,1.1973651970933118e-08,-6.699410993334067e-15,1.1973638572111132e-08,-6.699410993334067e-15,1.2139533034926439e-08
1821,1.2060395047182028e-08,-6.817473107240458e-15,1.2060381412235814e-08,-6.817473107240458e-15,1.2223599987986211e-08
1822,1.22889941642937e-08,-7.117022325113876e-15,1.2288979930249049e-08,-7.117022325113876e-15,1.245937003397839e-08
1823,1.2168883452315425e-08,-6.948760018848261e-15,1.2168869554795388e-08,-6.948760018848261e-15,1.2331829574141622e-08
1824,1.2075270015791332e-08,-6.837462515609985e-15,1.20752563408663e-08,-6.837462515609985e-15,1.22334031901234e-08
1825,1.2109092457993288e-08,-6.9018491312667695e-15,1.2109078654295025e-08,-6.9018491312667695e-15,1.2265186571027355e-08
1826,1.1650089069843472e-08,-6.2675112181190035e-15,1.1650076534821036e-08,-6.2675112181190035e-15,1.1853415859602218e-08
1827,1.2120296884777695e-08,-6.820723647218656e-15,1.21202832433304e-08,-6.820723647218656e-15,1.2301099677931487e-08
1828,1.179570002787748e-08,-6.328289243430381e-15,1.1795687371298993e-08,-6.328289243430381e-15,1.2019084188970592e-08
1829,1.2291184547304386e-08,-6.8947144211387534e-15,1.2291170757875543e-08,-6.8947144211387534e-15,1.2467908685557504e-08
1830,1.2269467281809918e-08,-6.8617402340323526e-15,1.2269453558329451e-08,-6.8617402340323526e-15,1.241915031660639e-08
1831,1.218885094515947e-08,-6.7881514408175725e-15,1.2188837368856589e-08,-6.7881514408175725e-15,1.2363639925504028e-08
1832,9.95102220496184e-09,-4.160830260169204e-15,9.951013883301318e-09,-4.160830260169204e-15,1.0263194604767652e-08
1833,1.273773345898027e-08,-7.124663423174003e-15,1.2737719209653424e-08,-7.124663423174003e-15,1.2930437452802898e-08
1834,1.2522271321481859e-08,-6.733660308193037e-15,1.2522257854161243e-08,-6.733660308193037e-15,1.2714769593118863e-08
1835,1.1953993433486723e-08,-6.0082991174268355e-15,1.1953981416888488e-08,-6.0082991174268355e-15,1.2210506921875416e-08
1836,9.184248284607366e-09,-3.253922014372409e-15,9.184241776763338e-09,-3.253922014372409e-15,9.404715411934877e-09
1837,1.2963719695580678e-08,-6.990584222667969e-15,1.2963705714412232e-08,-6.990584222667969e-15,1.3187184751121866e-08
1838,1.2840064185655677e-08,-6.680733273815101e-15,1.284005082418913e-08,-6.680733273815101e-15,1.3041940940785835e-08
1839,1.338170439153698e-08,-7.504822194648215e-15,1.338168938189259e-08,-7.504822194648215e-15,1.345955120723206e-08
1840,1.2525868409104008e-08,-6.874614374804457e-15,1.2525854659875258e-08,-6.874614374804457e-15,1.2333186121036138e-08
1841,1.2564943768126078e-08,-7.447977521511366e-15,1.2564928872171034e-08,-7.447977521511366e-15,1.2643068668606502e-08
1842,1.205827988416712e-08,-6.8596963894216305e-15,1.2058266164774342e-08,-6.8596963894216305e-15,1.2185198815111546e-08
1843,1.1915879951011885e-08,-6.6916575933285615e-15,1.1915866567696697e-08,-6.6916575933285615e-15,1.2102544264375691e-08
1844,1.2137728214045274e-08,-6.974403260875116e-15,1.2137714265238753e-08,-6.974403260875116e-15,1.2257064224183164e-08
1845,1.194282397397217e-08,-6.706589211012493e-15,1.1942810560793747e-08,-6.706589211012493e-15,1.2150064594076085e-08
1846,1.1830079807058464e-08,-6.517335253941888e-15,1.1830066772387956e-08,-6.517335253941888e-15,1.1999304634777242e-08
1847,1.18975476981228e-08,-6.602943594366898e-15,1.189753449223561e-08,-6.602943594366898e-15,1.2066525658227638e-08
1848,1.1671629990136632e-08,-6.250052373510913e-15,1.1671617490031885e-08,-6.250052373510913e-15,1.1899018070972014e-08
1849,1.1208825975477672e-08,-5.567384873099662e-15,1.1208814840707926e-08,-5.567384873099662e-15,1.1426459696542913e-08
1850,1.2336309475589342e-08,-6.891118886308442e-15,1.233629569335157e-08,-6.891118886308442e-15,1.2517457994635753e-08
1851,1.2547968011168559e-08,-7.187083533086505e-15,1.2547953637001492e-08,-7.187083533086505e-15,1.2686230927746875e-08
1852,1.2232329569373023e-08,-6.855181434676159e-15,1.2232315859010153e-08,-6.855181434676159e-15,1.2369281885224253e-08
1853,1.1401767919082061e-08,-5.875385288197429e-15,1.1401756168311485e-08,-5.875385288197429e-15,1.1535851770906674e-08
1854,1.2067183492350522e-08,-6.737117281744398e-15,1.2067170018115958e-08,-6.737117281744398e-15,1.2241582430715223e-08
1855,1.2128969478284458e-08,-6.759164451388606e-15,1.2128955959955556e-08,-6.759164451388606e-15,1.2332060637155605e-08
1856,1.2087020333667719e-08,-6.656689196291521e-15,1.2087007020289326e-08,-6.656689196291521e-15,1.226126557151294e-08
1857,1.1086195988208422e-08,-5.398832715619004e-15,1.108618519054299e-08,-5.398832715619004e-15,1.130268762000926e-08
1858,1.1966657638999862e-08,-6.362688288527343e-15,1.1966644913623286e-08,-6.362688288527343e-15,1.218147450827316e-08
1859,1.3059633538175075e-08,-7.795980510831362e-15,1.3059617946214053e-08,-7.795980510831362e-15,1.315142369144366e-08
1860,1.2478586667696707e-08,-7.118374497566127e-15,1.2478572430947712e-08,-7.118374497566127e-15,1.26236075003113e-08
1861,1.2085991692644621e-08,-6.798955057393223e-15,1.2085978094734507e-08,-6.798955057393223e-15,1.213904489988526e-08
1862,1.1950960219920269e-08,-6.81112893617362e-15,1.1950946597662396e-08,-6.81112893617362e-15,1.2054162042171632e-08
1863,1.2159994290347865e-08,-7.0918605409808964e-15,1.2159980106626783e-08,-7.0918605409808964e-15,1.2375948575780823e-08
1864,1.198358223291317e-08,-6.7746144869489225e-15,1.1983568683684196e-08,-6.7746144869489225e-15,1.2164677319752322e-08
1865,1.194264448942253e-08,-6.702946977114957e-15,1.1942631083528575e-08,-6.702946977114957e-15,1.2118276331293297e-08
1866,1.0786324689383238e-08,-5.2113727891825835e-15,1.0786314266637661e-08,-5.2113727891825835e-15,1.1047834455680813e-08
1867,1.2353672944462099e-08,-6.980875485841898e-15,1.2353658982711128e-08,-6.980875485841898e-15,1.2559134201489633e-08
1868,1.217603418856876e-08,-6.653416824171518e-15,1.2176020881735112e-08,-6.653416824171518e-15,1.2373193077997659e-08
1869,1.2524914606794055e-08,-7.120998110208512e-15,1.2524900364797834e-08,-7.120998110208512e-15,1.2690345704035924e-08
1870,1.2261211459352045e-08,-6.913632642376965e-15,1.226119763208676e-08,-6.913632642376965e-15,1.2308672175689098e-08
1871,1.223958119667278e-08,-7.053040025097938e-15,1.223956709059273e-08,-7.053040025097938e-15,1.2391937727298535e-08
1872,1.2078437664248734e-08,-6.876550865486317e-15,1.2078423911147003e-08,-6.876550865486317e-15,1.2221945914829394e-08
1873,1.2034138120389985e-08,-6.832312642963854e-15,1.2034124455764699e-08,-6.832312642963854e-15,1.2215817115096668e-08
1874,1.2001478963816202e-08,-6.7598170057715604e-15,1.200146544418219e-08,-6.7598170057715604e-15,1.2179605789883818e-08
1875,1.1938258178974594e-08,-6.631248991700395e-15,1.1938244916476612e-08,-6.631248991700395e-15,1.2143691900954018e-08
1876,1.2099169187539593e-08,-6.7855467982437146e-15,1.2099155616445996e-08,-6.7855467982437146e-15,1.2284696487401625e-08
1877,1.1657130894541164e-08,-6.1627120904698155e-15,1.1657118569116983e-08,-6.1627120904698155e-15,1.1870329288287126e-08
1878,1.2095045409019451e-08,-6.669543205691618e-15,1.209503206993304e-08,-6.669543205691618e-15,1.2258160043801749e-08
1879,1.2179906438716532e-08,-6.796327299860875e-15,1.2179892846061932e-08,-6.796327299860875e-15,1.2336820638537507e-08
1880,1.2037001622563146e-08,-6.635982574157059e-15,1.2036988350597998e-08,-6.635982574157059e-15,1.2219021912806574e-08
1881,1.2126723491698713e-08,-6.781850415156425e-15,1.2126709927997882e-08,-6.781850415156425e-15,1.225927671831909e-08
1882,1.1878075717127964e-08,-6.462296472281313e-15,1.187806279253502e-08,-6.462296472281313e-15,1.208566045693588e-08
1883,1.2223142891998568e-08,-6.862500257328982e-15,1.2223129166998054e-08,-6.862500257328982e-15,1.2397560381113918e-08
1884,1.221520636328127e-08,-6.854811918518397e-15,1.2215192653657434e-08,-6.854811918518397e-15,1.2368362900420021e-08
1885,1.187542945490189e-08,-6.4263160078440295e-15,1.1875416602269874e-08,-6.4263160078440295e-15,1.2076033441157578e-08
1886,1.2170210011467312e-08,-6.80257647519553e-15,1.2170196406314361e-08,-6.80257647519553e-15,1.2315338653475594e-08
1887,1.2080354399831987e-08,-6.687019921869895e-15,1.2080341025792142e-08,-6.687019921869895e-15,1.226520115917265e-08
1888,1.2046614470017882e-08,-6.612828185191439e-15,1.2046601244361511e-08,-6.612828185191439e-15,1.2243974648807726e-08
1889,1.1979121457408847e-08,-6.512426133017963e-15,1.197910843255658e-08,-6.512426133017963e-15,1.2141940374715801e-08
1890,1.1766855978271182e-08,-6.214686616199874e-15,1.176684354889795e-08,-6.214686616199874e-15,1.1984780524027377e-08
1891,1.193864762419337e-08,-6.34267363692393e-15,1.1938634938846097e-08,-6.34267363692393e-15,1.2150210487644817e-08
1892,1.2145821312194984e-08,-6.540765425124793e-15,1.2145808230664135e-08,-6.540765425124793e-15,1.2325255637262852e-08
1893,1.1968984621928521e-08,-6.305189197088099e-15,1.1968972011550127e-08,-6.305189197088099e-15,1.214976203738637e-08
1894,1.2671113011197851e-08,-7.294568769633843e-15,1.2671098422060311e-08,-7.294568769633843e-15,1.2754546577649499e-08
1895,1.170187476686811e-08,-6.158450766646443e-15,1.1701862449966576e-08,-6.158450766646443e-15,1.1863557302677867e-08
1896,1.1596814510750451e-08,-6.031233086626638e-15,1.1596802448284277e-08,-6.031233086626638e-15,1.1815349340704629e-08
1897,1.2867566706311443e-08,-7.681925724824346e-15,1.2867551342459994e-08,-7.681925724824346e-15,1.2941577180879315e-08
1898,1.1851784062682168e-08,-6.360595052691385e-15,1.1851771341492064e-08,-6.360595052691385e-15,1.20674733869177e-08
1899,1.2166755451030938e-08,-6.8204626446755974e-15,1.2166741810105648e-08,-6.8204626446755974e-15,1.229786149958483e-08
1900,1.1861548183880952e-08,-6.522347530624727e-15,1.1861535139185891e-08,-6.522347530624727e-15,1.1976834988935328e-08
1901,1.0566788514959497e-08,-4.882686091629251e-15,1.0566778749587314e-08,-4.882686091629251e-15,1.0952386830940623e-08
1902,1.2615239426372565e-08,-7.0470443477825935e-15,1.261522533228387e-08,-7.0470443477825935e-15,1.2799598823614359e-08
1903,1.2593758370114147e-08,-6.9591658860778055e-15,1.2593744451782375e-08,-6.9591658860778055e-15,1.2783000917413597e-08
1904,1.1985546345339546e-08,-6.2084866558190615e-15,1.1985533928366234e-08,-6.2084866558190615e-15,1.2217152311990582e-08
1905,1.2284079054496578e-08,-6.708289376002619e-15,1.2284065637917826e-08,-6.708289376002619e-15,1.2277777639695406e-08
1906,1.21548580208721e-08,-6.704512183481804e-15,1.2154844611847731e-08,-6.704512183481804e-15,1.2343147245003576e-08
1907,6.141188420947901e-09,-1.4457743521594111e-15,6.141185529399197e-09,-1.4457743521594111e-15,6.6166715960289145e-09
1908,1.381034341437635e-08,-7.610489589248745e-15,1.3810328193397173e-08,-7.610489589248745e-15,1.4046784907498425e-08
1909,1.33291011655974e-08,-6.8728682965575604e-15,1.3329087419860806e-08,-6.8728682965575604e-15,1.3655602981680634e-08
1910,1.3258236123990886e-08,-6.7302559519677455e-15,1.3258222663478982e-08,-6.7302559519677455e-15,1.3613879602092206e-08
1911,8.78341556347272e-09,-2.7461017870303306e-15,8.783410071269145e-09,-2.7461017870303306e-15,8.802548666114466e-09
1912,1.3668275886564036e-08,-7.672728003057308e-15,1.366826054110803e-08,-7.672728003057308e-15,1.3836688106014726e-08
1913,1.3152928983229083e-08,-6.886941551440071e-15,1.315291520934598e-08,-6.886941551440071e-15,1.3331843394975971e-08
1914,1.2955343418119402e-08,-6.7101078086503624e-15,1.2955329997903786e-08,-6.7101078086503624e-15,1.3117319491039225e-08
1915,1.1753292192097356e-08,-5.671878336872278e-15,1.1753280848340683e-08,-5.671878336872278e-15,1.1516657390466321e-08
1916,1.3175292419780712e-08,-7.975594349984918e-15,1.3175276468592013e-08,-7.975594349984918e-15,1.327401770284699e-08
1917,1.2432680591520876e-08,-7.043487450005715e-15,1.2432666504545977e-08,-7.043487450005715e-15,1.2538263345534541e-08
1918,1.1953349700398468e-08,-6.589579847125809e-15,1.1953336521238773e-08,-6.589579847125809e-15,1.2048288248303664e-08
1919,1.1772450720176736e-08,-6.521715691089604e-15,1.1772437676745354e-08,-6.521715691089604e-15,1.1827552050875262e-08
1920,1.1707807125683254e-08,-6.440666051194233e-15,1.1707794244351152e-08,-6.440666051194233e-15,1.1987067066632437e-08
1921,1.0992571430868933e-08,-5.3768064129263795e-15,1.0992560677256107e-08,-5.3768064129263795e-15,1.1260205451613071e-08
1922,1.165879276121048e-08,-5.974709875574641e-15,1.165878081179073e-08,-5.974709875574641e-15,1.1921746729041088e-08
1923,1.261001872937138e-08,-7.0598229318851534e-15,1.2610004609725516e-08,-7.0598229318851534e-15,1.2761235765273325e-08
1924,1.1898062989034982e-08,-6.1720436715582016e-15,1.189805064494764e-08,-6.1720436715582016e-15,1.2117624698757296e-08
1925,1.2915849734555094e-08,-7.62779861638848e-15,1.2915834478957862e-08,-7.62779861638848e-15,1.2945903332517973e-08
1926,1.1739458769325024e-08,-6.283530017257055e-15,1.173944620226499e-08,-6.283530017257055e-15,1.1857130177108268e-08
1927,1.2090592805439536e-08,-6.804448592003883e-15,1.2090579196542352e-08,-6.804448592003883e-15,1.2263586439216878e-08
1928,1.214121192962963e-08,-6.949196982060034e-15,1.2141198031235666e-08,-6.949196982060034e-15,1.2213625659209556e-08
1929,1.1994385031191652e-08,-6.833180238892014e-15,1.1994371364831174e-08,-6.833180238892014e-15,1.2216707997010936e-08
1930,8.85947231300889e-09,-3.3316443538408658e-15,8.859465649720182e-09,-3.3316443538408658e-15,9.22514143198381e-09
1931,1.257692149155621e-08,-6.93437010948654e-15,1.2576907622815992e-08,-6.93437010948654e-15,1.2837234368641963e-08
1932,1.2804446031516772e-08,-7.021513683620925e-15,1.2804431988489405e-08,-7.021513683620925e-15,1.30516092223946e-08
1933,1.2494029786470747e-08,-6.579549411644902e-15,1.2494016627371924e-08,-6.579549411644902e-15,1.2757321415485668e-08
1934,1.2777720466600638e-08,-7.242782339654198e-15,1.2777705981035959e-08,-7.242782339654198e-15,1.2596786721143426e-08
1935,1.1973374902371596e-08,-6.5917844647786346e-15,1.1973361718802666e-08,-6.5917844647786346e-15,1.215043389897344e-08
1936,1.2077731876778937e-08,-6.7628249325336244e-15,1.2077718351129073e-08,-6.7628249325336244e-15,1.2186884239491951e-08
1937,1.218749688268888e-08,-7.0521234920909256e-15,1.2187482778441895e-08,-7.0521234920909256e-15,1.2284893284246793e-08
1938,1.1855393559488852e-08,-6.710672529746214e-15,1.1855380138143793e-08,-6.710672529746214e-15,1.2025013847411825e-08
1939,1.188471967609166e-08,-6.782154358921383e-15,1.1884706111782942e-08,-6.782154358921383e-15,1.2026061281682384e-08
1940,1.146835216383614e-08,-6.203732589991485e-15,1.146833975637096e-08,-6.203732589991485e-15,1.168778026073458e-08
1941,1.0062572858744281e-08,-4.4561150890121e-15,1.0062563946514103e-08,-4.4561150890121e-15,1.0413047885861514e-08
1942,1.2238054481828613e-08,-6.6744206883496114e-15,1.2238041132987237e-08,-6.6744206883496114e-15,1.2482143872181044e-08
1943,1.1573453685354497e-08,-5.664894496082163e-15,1.1573442355565504e-08,-5.664894496082163e-15,1.187430547333713e-08
1944,1.2855549440208786e-08,-7.116911927607383e-15,1.2855535206384931e-08,-7.116911927607383e-15,1.3065599964077444e-08
1945,1.239322717863271e-08,-6.678825387080393e-15,1.2393213820981937e-08,-6.678825387080393e-15,1.2403192426919909e-08
1946,1.2537215616347093e-08,-7.133907909950312e-15,1.2537201348531274e-08,-7.133907909950312e-15,1.2674036022316848e-08
1947,1.211400626531749e-08,-6.733965974428963e-15,1.2113992797385541e-08,-6.733965974428963e-15,1.2175395695063366e-08
1948,1.1642916926078896e-08,-6.228661071422405e-15,1.1642904468756753e-08,-6.228661071422405e-15,1.1858645960327622e-08
1949,1.2343824558154064e-08,-7.122439943367107e-15,1.2343810313274178e-08,-7.122439943367107e-15,1.2453031198160831e-08
1950,1.2034368183001131e-08,-6.754265773464328e-15,1.2034354674469584e-08,-6.754265773464328e-15,1.2214123156955614e-08
1951,1.2090508504959864e-08,-6.863430133517172e-15,1.2090494778099596e-08,-6.863430133517172e-15,1.2261034578235814e-08
1952,1.1918399801499982e-08,-6.691050122713156e-15,1.1918386419399737e-08,-6.691050122713156e-15,1.2051980673700393e-08
1953,1.198489838749256e-08,-6.775662134450273e-15,1.1984884836168291e-08,-6.775662134450273e-15,1.2200841735615133e-08
1954,1.1912464186319384e-08,-6.606859861188031e-15,1.1912450972599661e-08,-6.606859861188031e-15,1.2119152655849602e-08
1955,1.2401948559052367e-08,-7.252541456510419e-15,1.2401934053969453e-08,-7.252541456510419e-15,1.2534600083255783e-08
1956,1.1940002602050932e-08,-6.697317895934579e-15,1.193998920741514e-08,-6.697317895934579e-15,1.211337771863302e-08
1957,1.236482589917752e-08,-7.347858303815576e-15,1.2364811203460913e-08,-7.347858303815576e-15,1.2486600817344232e-08
1958,1.1457704253819237e-08,-6.219002578388696e-15,1.145769181581408e-08,-6.219002578388696e-15,1.1597309026996674e-08
1959,1.1857702904484077e-08,-6.749251369582431e-15,1.1857689405981338e-08,-6.749251369582431e-15,1.2084740461080673e-08
1960,1.1855180752685632e-08,-6.685890684130498e-15,1.1855167380904264e-08,-6.685890684130498e-15,1.2032364014924504e-08
1961,1.194295338489124e-08,-6.7253013245023925e-15,1.194293993428859e-08,-6.7253013245023925e-15,1.2182361874562832e-08
1962,1.1886734302770692e-08,-6.557080182012322e-15,1.1886721188610328e-08,-6.557080182012322e-15,1.2098028960784144e-08
1963,1.2014883111584704e-08,-6.678621625622743e-15,1.2014869754341452e-08,-6.678621625622743e-15,1.2209818772779966e-08
1964,1.1932054121852988e-08,-6.537325948537626e-15,1.1932041047201092e-08,-6.537325948537626e-15,1.213274030261471e-08
1965,1.1753740239383064e-08,-6.257074194683848e-15,1.1753727725234675e-08,-6.257074194683848e-15,1.1982842936227406e-08
1966,1.1368279995032773e-08,-5.686095112044328e-15,1.1368268622842549e-08,-5.686095112044328e-15,1.1631163557841634e-08
1967,1.3525203092464992e-08,-8.506242805035073e-15,1.3525186079979382e-08,-8.506242805035073e-15,1.3568533865985705e-08
1968,1.1099671719288068e-08,-5.423444948322985e-15,1.1099660872398172e-08,-5.423444948322985e-15,1.136465878970223e-08
1969,1.2734297044510429e-08,-7.536777627615005e-15,1.2734281970955173e-08,-7.536777627615005e-15,1.2823146815871423e-08
1970,1.2250668874617435e-08,-7.064849809774452e-15,1.2250654744917815e-08,-7.064849809774452e-15,1.2289688765640154e-08
1971,1.2027520149967689e-08,-6.817995762895405e-15,1.2027506513976163e-08,-6.817995762895405e-15,1.2344786454214094e-08
1972,1.2117322983529554e-08,-6.939935969754725e-15,1.2117309103657615e-08,-6.939935969754725e-15,1.2154531838551758e-08
1973,1.1876779936962493e-08,-6.717974831006596e-15,1.187676650101283e-08,-6.717974831006596e-15,1.2102121245389295e-08
1974,1.1978572318631036e-08,-6.7747111656956544e-15,1.1978558769208704e-08,-6.7747111656956544e-15,1.2184650055689968e-08
1975,1.201594100099733e-08,-6.791641804116912e-15,1.201592741771372e-08,-6.791641804116912e-15,1.2189106001371419e-08
1976,1.1853667922503892e-08,-6.568647434172655e-15,1.1853654785209024e-08,-6.568647434172655e-15,1.2051728685954004e-08
1977,1.0550093914805139e-08,-4.964638108237652e-15,1.0550083985528922e-08,-4.964638108237652e-15,1.0779665840320503e-08
1978,9.537791019264618e-09,-3.82772395541079e-15,9.537783363816708e-09,-3.82772395541079e-15,9.85116678477165e-09
1979,1.2484269444212193e-08,-6.7782968426855155e-15,1.2484255887618507e-08,-6.7782968426855155e-15,1.272467168825461e-08
1980,1.2375739382058647e-08,-6.516973604832307e-15,1.2375726348111437e-08,-6.516973604832307e-15,1.261934598749497e-08
1981,6.2793845971284885e-09,-1.4445535459667993e-15,6.279381708021397e-09,-1.4445535459667993e-15,6.71982682148568e-09
1982,1.3720120649383854e-08,-7.2395981619967e-15,1.372010617018753e-08,-7.2395981619967e-15,1.3857214363869433e-08
1983,1.341562587415353e-08,-6.882876789986592e-15,1.341561210839995e-08,-6.882876789986592e-15,1.3720327526473998e-08
1984,1.3090539203266846e-08,-6.465310983756464e-15,1.3090526272644878e-08,-6.465310983756464e-15,1.3414942789905044e-08
1985,5.090331984861328e-09,-9.300352765673148e-16,5.090330124790775e-09,-9.300352765673148e-16,5.277145799670004e-09
1986,1.4203651955975695e-08,-7.548893210189961e-15,1.4203636858189275e-08,-7.548893210189961e-15,1.4462737848840258e-08
1987,1.3947831667167303e-08,-7.054058332890753e-15,1.3947817559050637e-08,-7.054058332890753e-15,1.4242010654924441e-08
1988,1.3775654584290961e-08,-6.8076337258627344e-15,1.3775640969023509e-08,-6.8076337258627344e-15,1.4041043353294248e-08
1989,1.2805849581804375e-08,-6.355537330860428e-15,1.2805836870729713e-08,-6.355537330860428e-15,1.2162449612262294e-08
1990,1.203078880411968e-08,-6.272424013971342e-15,1.2030776259271652e-08,-6.272424013971342e-15,1.2225916051599829e-08
1991,1.1005660514508422e-08,-5.005471893846178e-15,1.1005650503564634e-08,-5.005471893846178e-15,1.1262839253421064e-08
1992,7.3833009684691115e-09,-1.9713478847666707e-15,7.383297025773342e-09,-1.9713478847666707e-15,7.841172343401516e-09
1993,1.2856546722414469e-08,-6.0198669794054784e-15,1.285653468268051e-08,-6.0198669794054784e-15,1.31951456621934e-08
1994,1.4691745590884035e-08,-8.112316811829061e-15,1.469172936625041e-08,-8.112316811829061e-15,1.4886507348769832e-08
1995,1.286976058634504e-08,-6.045078076572166e-15,1.2869748496188887e-08,-6.045078076572166e-15,1.3098747889853686e-08
1996,1.2407834442020712e-08,-6.061316821792299e-15,1.2407822319387068e-08,-6.061316821792299e-15,1.2085905923356893e-08
1997,1.377752830236642e-08,-8.716596241948651e-15,1.3777510869173936e-08,-8.716596241948651e-15,1.3623973631409085e-08
1998,1.279139672199361e-08,-7.668742188203055e-15,1.2791381384509234e-08,-7.668742188203055e-15,1.2937831730981741e-08
1999,1.0836997745224802e-08,-5.401935366035804e-15,1.083698694135407e-08,-5.401935366035804e-15,1.0893280593906095e-08
2000,1.2070275646476213e-08,-7.19729899274248e-15,1.2070261251878227e-08,-7.19729899274248e-15,1.2082560490626113e-08
2001,1.1664995120406115e-08,-6.63530267819883e-15,1.1664981849800758e-08,-6.63530267819883e-15,1.1957857802022023e-08
2002,1.0466659639321123e-08,-4.952334642956015e-15,1.0466649734651838e-08,-4.952334642956015e-15,1.083453038972438e-08
2003,1.2454118800367096e-08,-7.173207327418574e-15,1.245410445395244e-08,-7.173207327418574e-15,1.2585996679544578e-08
2004,1.2259154796833138e-08,-6.879595613349928e-15,1.2259141037641912e-08,-6.879595613349928e-15,1.2493037722751947e-08
2005,1.2101880669942888e-08,-6.637119373642402e-15,1.210186739570414e-08,-6.637119373642402e-15,1.2341431433188254e-08
2006,1.1319806814032721e-08,-5.725481821191778e-15,1.131979536306908e-08,-5.725481821191778e-15,1.144743720133665e-08
2007,1.2537638180201248e-08,-7.291112591831452e-15,1.2537623597976065e-08,-7.291112591831452e-15,1.2716261388521173e-08
2008,1.1600138113086423e-08,-6.007322098004519e-15,1.1600126098442227e-08,-6.007322098004519e-15,1.1853832555318555e-08
2009,1.2654404335920452e-08,-7.353222012359846e-15,1.2654389629476428e-08,-7.353222012359846e-15,1.2784954661814045e-08
2010,1.2282228775854522e-08,-7.019706907665049e-15,1.2282214736440707e-08,-7.019706907665049e-15,1.2338294396970407e-08
2011,1.2049091273604252e-08,-6.856109366081075e-15,1.2049077561385519e-08,-6.856109366081075e-15,1.2260007271070881e-08
2012,1.2156953911763054e-08,-7.074999521771053e-15,1.215693976176401e-08,-7.074999521771053e-15,1.2234558593274358e-08
2013,1.1895779963636802e-08,-6.800434508740016e-15,1.1895766362767784e-08,-6.800434508740016e-15,1.210809420815518e-08
2014,1.1617801688684287e-08,-6.38298610027845e-15,1.1617788922712086e-08,-6.38298610027845e-15,1.181892419738927e-08
2015,1.1653705449445017e-08,-6.372408767142194e-15,1.1653692704627483e-08,-6.372408767142194e-15,1.1876664054853849e-08
2016,1.2434676476043676e-08,-7.352350289552342e-15,1.2434661771343097e-08,-7.352350289552342e-15,1.2604215476035751e-08
2017,1.1997856464584288e-08,-6.773490206763747e-15,1.1997842917603875e-08,-6.773490206763747e-15,1.21812789650231e-08
2018,1.1964318604423351e-08,-6.771841199672129e-15,1.1964305060740951e-08,-6.771841199672129e-15,1.2144269290181564e-08
2019,1.1846315829458696e-08,-6.649417511460203e-15,1.1846302530623673e-08,-6.649417511460203e-15,1.200232780382703e-08
2020,1.1902283784492575e-08,-6.683184404122248e-15,1.1902270418123767e-08,-6.683184404122248e-15,1.2143036717077225e-08
2021,1.1861747183629683e-08,-6.5381787129223056e-15,1.1861734107272258e-08,-6.5381787129223056e-15,1.20775357562986e-08
2022,1.1732539959946684e-08,-6.308398036157996e-15,1.1732527343150613e-08,-6.308398036157996e-15,1.1960781076346377e-08
2023,7.772091263504202e-09,-2.4175622633250232e-15,7.772086428379675e-09,-2.4175622633250232e-15,8.240850069212875e-09
2024,1.2919483965197031e-08,-6.806939957880026e-15,1.2919470351317115e-08,-6.806939957880026e-15,1.3227022314645021e-08
2025,1.3143543698395895e-08,-6.926972819436519e-15,1.3143529844450257e-08,-6.926972819436519e-15,1.3324248364116833e-08
2026,1.3513077206706148e-08,-7.607156009183214e-15,1.351306199239413e-08,-7.607156009183214e-15,1.3695022501541757e-08
2027,1.2594002739173735e-08,-7.074663795300958e-15,1.2593988589846144e-08,-7.074663795300958e-15,1.2249538770623636e-08
2028,1.1823834350225225e-08,-6.745900799171281e-15,1.1823820858423626e-08,-6.745900799171281e-15,1.1938436047489447e-08
2029,1.1724796188850441e-08,-6.5900391479009905e-15,1.1724783008772146e-08,-6.5900391479009905e-15,1.1966391596496829e-08
2030,1.1723151891417634e-08,-6.44127917629315e-15,1.1723139008859281e-08,-6.44127917629315e-15,1.1964278610871089e-08
2031,1.159908135839015e-08,-6.154096348807774e-15,1.1599069050197453e-08,-6.154096348807774e-15,1.1850179015163979e-08
2032,1.2024144562212732e-08,-6.581151853479867e-15,1.2024131399909026e-08,-6.581151853479867e-15,1.2224277657164839e-08
2033,1.0145264337595545e-08,-4.345558214034295e-15,1.0145255646479116e-08,-4.345558214034295e-15,1.0526441803346635e-08
2034,1.3718188790380467e-08,-8.501937190140747e-15,1.3718171786506086e-08,-8.501937190140747e-15,1.3788844424875447e-08
2035,1.2458659131040055e-08,-6.9332804000473e-15,1.2458645264479255e-08,-6.9332804000473e-15,1.2569023045811223e-08
2036,1.2173002564300716e-08,-6.7812889533869644e-15,1.217298900172281e-08,-6.7812889533869644e-15,1.2380896368288908e-08
2037,8.459837643953961e-09,-3.0267763594153414e-15,8.459831590401243e-09,-3.0267763594153414e-15,8.713499400116797e-09
2038,7.91443351197847e-09,-2.3707099018362886e-15,7.914428770558667e-09,-2.3707099018362886e-15,8.411020401033701e-09
2039,1.4123046660527618e-08,-7.831375416563083e-15,1.4123030997776785e-08,-7.831375416563083e-15,1.4424477631550479e-08
2040,1.3890173200844551e-08,-7.441336370032007e-15,1.3890158318171811e-08,-7.441336370032007e-15,1.4163475862178987e-08
2041,1.3408854634667503e-08,-7.297881505595997e-15,1.3408840038904491e-08,-7.297881505595997e-15,1.3230110579645377e-08
2042,1.2458341980745756e-08,-6.977286869539029e-15,1.2458328026172018e-08,-6.977286869539029e-15,1.2202631250364725e-08
2043,1.1901191444319378e-08,-6.7274514167321585e-15,1.1901177989416544e-08,-6.7274514167321585e-15,1.210291482578385e-08
2044,1.2029269091027082e-08,-6.8542941652359e-15,1.202925538243875e-08,-6.8542941652359e-15,1.2199554947119831e-08
2045,1.2048461845311064e-08,-6.8754190946631416e-15,1.2048448094472875e-08,-6.8754190946631416e-15,1.2216506330695285e-08
2046,1.195535185708246e-08,-6.759455695191122e-15,1.195533833817107e-08,-6.759455695191122e-15,1.2145817297037967e-08
2047,1.1902780845892834e-08,-6.68623326551199e-15,1.1902767473426303e-08,-6.68623326551199e-15,1.2092735224995925e-08
2048,1.186354820028492e-08,-6.6068283562745125e-15,1.1863534986628207e-08,-6.6068283562745125e-15,1.2071285300196481e-08
2049,1.1769441898331788e-08,-6.425055153220087e-15,1.1769429048221482e-08,-6.425055153220087e-15,1.1990336455968236e-08
2050,1.1783726120151147e-08,-6.373507766319772e-15,1.1783713373135615e-08,-6.373507766319772e-15,1.2011029094627866e-08
2051,1.1406037791545374e-08,-5.812584889140529e-15,1.1406026166375596e-08,-5.812584889140529e-15,1.1675501848062391e-08
2052,5.788640482940402e-09,-1.3022275483625649e-15,5.788637878485305e-09,-1.3022275483625649e-15,6.267349738316913e-09
2053,1.3987472460286829e-08,-7.590686607048381e-15,1.3987457278913614e-08,-7.590686607048381e-15,1.4321993785443243e-08
2054,1.3592525408861957e-08,-6.9494792603363194e-15,1.3592511509903436e-08,-6.9494792603363194e-15,1.3945055542066897e-08
2055,1.3295309401051613e-08,-6.6177851638001874e-15,1.3295296165481286e-08,-6.6177851638001874e-15,1.361285935337504e-08
2056,1.2269352949304783e-08,-5.980805825428883e-15,1.2269340987693132e-08,-5.980805825428883e-15,1.1843101781163163e-08
2057,1.0984365452278534e-08,-5.054701863809159e-15,1.0984355342874806e-08,-5.054701863809159e-15,1.1315267552335744e-08
2058,2.793388751265627e-09,-3.622368103283893e-16,2.7933880267920064e-09,-3.622368103283893e-16,3.1233567041342918e-09
2059,1.3158852810878517e-08,-5.519606586447146e-15,1.3158841771665345e-08,-5.519606586447146e-15,1.3771865333301459e-08
2060,1.6647209730234936e-08,-9.422907244376654e-15,1.6647190884420447e-08,-9.422907244376654e-15,1.7016700650977123e-08
2061,1.5716552020110098e-08,-8.487365577494544e-15,1.571653504537894e-08,-8.487365577494544e-15,1.6015936392313737e-08
2062,1.391531566551162e-08,-7.712214907723604e-15,1.3915300241081805e-08,-7.712214907723604e-15,1.2851990199597742e-08
2063,1.2163183688070831e-08,-7.254497621807819e-15,1.2163169179075588e-08,-7.254497621807819e-15,1.2019183330774228e-08
2064,1.1750326760247317e-08,-6.960460469263229e-15,1.1750312839326378e-08,-6.960460469263229e-15,1.1989089126091784e-08
2065,1.0575857595805856e-08,-5.298181608419781e-15,1.057584699944264e-08,-5.298181608419781e-15,1.086404636709451e-08
2066,1.217140695858809e-08,-7.097548264798787e-15,1.2171392763491561e-08,-7.097548264798787e-15,1.238313809263488e-08
2067,8.426949378503692e-09,-2.972977270707843e-15,8.42694343254915e-09,-2.972977270707843e-15,8.785450849016167e-09
2068,1.2691370968765404e-08,-7.118128857632728e-15,1.2691356732507689e-08,-7.118128857632728e-15,1.2932443681360903e-08
2069,1.2661440004298196e-08,-7.091897608480866e-15,1.2661425820502979e-08,-7.091897608480866e-15,1.2778344222764916e-08
2070,1.2504939669233632e-08,-7.002464328131371e-15,1.2504925664304976e-08,-7.002464328131371e-15,1.2742642576291745e-08
2071,1.225502952822659e-08,-6.919013479488423e-15,1.225501569019963e-08,-6.919013479488423e-15,1.2176139757293038e-08
2072,1.1947777583316929e-08,-6.81044161176369e-15,1.1947763962433706e-08,-6.81044161176369e-15,1.2144296804129456e-08
2073,1.193230886040783e-08,-6.762706141715281e-15,1.1932295334995547e-08,-6.762706141715281e-15,1.212690887296633e-08
2074,1.1842175276280803e-08,-6.615916945658859e-15,1.1842162044446912e-08,-6.615916945658859e-15,1.2044110060789395e-08
2075,1.1966981124986236e-08,-6.743694593429294e-15,1.1966967637597048e-08,-6.743694593429294e-15,1.2165577782817578e-08
2076,1.1927951817545932e-08,-6.6622426224753164e-15,1.1927938493060687e-08,-6.6622426224753164e-15,1.2133845156342425e-08
2077,1.1890156006217347e-08,-6.582576997254821e-15,1.1890142841063352e-08,-6.582576997254821e-15,1.2099339207655118e-08
2078,1.1858970362606221e-08,-6.51097193285446e-15,1.1858957340662356e-08,-6.51097193285446e-15,1.206305429464164e-08
2079,1.1615938689803429e-08,-6.1480438895398705e-15,1.161592639371565e-08,-6.1480438895398705e-15,1.1857116238808575e-08
2080,1.1846222993502194e-08,-6.339880838025139e-15,1.1846210313740519e-08,-6.339880838025139e-15,1.2075460105365846e-08
2081,1.158468906815801e-08,-5.924598401948789e-15,1.1584677218961205e-08,-5.924598401948789e-15,1.1844319311223287e-08
2082,1.0465831566220599e-08,-4.544778124678443e-15,1.046582247666435e-08,-4.544778124678443e-15,1.0835280963769581e-08
2083,1.221776857319749e-08,-6.211696132079743e-15,1.2217756149805225e-08,-6.211696132079743e-15,1.2434058190988204e-08
2084,1.3541050522681282e-08,-7.934839416710356e-15,1.354103465300245e-08,-7.934839416710356e-15,1.3641805572027145e-08
2085,1.2811667794762717e-08,-7.236321306589087e-15,1.2811653322120103e-08,-7.236321306589087e-15,1.290310922778625e-08
2086,1.159135097809447e-08,-6.089903508926844e-15,1.1591338798287451e-08,-6.089903508926844e-15,1.1580464384420297e-08
2087,1.245075450364949e-08,-7.536356110483848e-15,1.245073943093727e-08,-7.536356110483848e-15,1.2501213153205015e-08
2088,1.2067004836639733e-08,-7.068869790873315e-15,1.2066990698900151e-08,-7.068869790873315e-15,1.229111875978891e-08
2089,1.2013010622246256e-08,-6.979453420579534e-15,1.2012996663339415e-08,-6.979453420579534e-15,1.2203880167362306e-08
2090,1.1861943177688585e-08,-6.841088697488558e-15,1.186192949551119e-08,-6.841088697488558e-15,1.1981248367680521e-08
2091,9.971328133302023e-09,-4.559139985121496e-15,9.971319015022053e-09,-4.559139985121496e-15,1.0239695167157485e-08
2092,1.1884568477043498e-08,-6.627795476023704e-15,1.1884555221452546e-08,-6.627795476023704e-15,1.2128268738363891e-08
2093,1.2330462857454699e-08,-7.143472780580376e-15,1.2330448570509138e-08,-7.143472780580376e-15,1.2502406623363595e-08
2094,1.2075990082186239e-08,-6.832945006233647e-15,1.2075976416296227e-08,-6.832945006233647e-15,1.2277758122561272e-08
2095,1.1766593073479125e-08,-6.504593073355931e-15,1.176658006429298e-08,-6.504593073355931e-15,1.1916895707358822e-08
2096,1.2315920653416065e-08,-7.331919851744151e-15,1.2315905989576362e-08,-7.331919851744151e-15,1.2425247397356933e-08
2097,1.1904532490560266e-08,-6.817710686086104e-15,1.1904518855138894e-08,-6.817710686086104e-15,1.213023376637055e-08
2098,1.1725856493238858e-08,-6.569407694963482e-15,1.1725843354423468e-08,-6.569407694963482e-15,1.1933952864452659e-08
2099,1.1099353769533336e-08,-5.731313378166648e-15,1.109934230690658e-08,-5.731313378166648e-15,1.1345931476913031e-08
2100,1.2844431149134061e-08,-7.90606955836345e-15,1.2844415336994944e-08,-7.90606955836345e-15,1.301195096748047e-08
2101,1.2241452110744708e-08,-7.097590837934471e-15,1.2241437915563032e-08,-7.097590837934471e-15,1.2417426772001414e-08
2102,1.1979465720728237e-08,-6.87885773841328e-15,1.197945196301276e-08,-6.87885773841328e-15,1.2147829509973766e-08
2103,8.551970599277085e-09,-3.22788204919404e-15,8.551964143512987e-09,-3.22788204919404e-15,8.825174012764967e-09
2104,1.2356556722070408e-08,-6.953115045828405e-15,1.2356542815840316e-08,-6.953115045828405e-15,1.2676555283498258e-08
2105,1.1896838674652055e-08,-6.096361713480704e-15,1.1896826481928628e-08,-6.096361713480704e-15,1.221440328664747e-08
2106,1.2949614965116908e-08,-7.318822117444767e-15,1.2949600327472673e-08,-7.318822117444767e-15,1.316328999525747e-08
2107,1.2304144371908632e-08,-6.736778492629536e-15,1.2304130898351647e-08,-6.736778492629536e-15,1.224283309291997e-08
2108,1.1583661073799513e-08,-6.109587975411274e-15,1.1583648854623562e-08,-6.109587975411274e-15,1.1833392230557877e-08
2109,3.1343421825814292e-09,-4.840417839812234e-16,3.134341214497861e-09,-4.840417839812234e-16,3.4758378432618546e-09
2110,1.496956543167293e-08,-8.583460040881011e-15,1.4969548264752846e-08,-8.583460040881011e-15,1.5385445410497512e-08
2111,1.4640456089930961e-08,-8.048970056905034e-15,1.4640439991990847e-08,-8.048970056905034e-15,1.5065068052338286e-08
2112,1.430820032798726e-08,-7.745569689614808e-15,1.4308184836847881e-08,-7.745569689614808e-15,1.4693411839133311e-08
2113,1.3109419461921475e-08,-7.325744800444666e-15,1.3109404810431874e-08,-7.325744800444666e-15,1.2191311924423315e-08
2114,1.1087557585279715e-08,-5.912648429922376e-15,1.1087545759982855e-08,-5.912648429922376e-15,1.1327841035491529e-08
2115,1.1968896215845698e-08,-6.952688334575439e-15,1.196888231046903e-08,-6.952688334575439e-15,1.2164467106037966e-08
2116,1.1941711858356874e-08,-6.881123778260919e-15,1.1941698096109316e-08,-6.881123778260919e-15,1.2120875423326945e-08
2117,1.1628987700621446e-08,-6.44214140622278e-15,1.1628974816338633e-08,-6.44214140622278e-15,1.1828294383141597e-08
2118,1.1835562990392321e-08,-6.692516276626797e-15,1.1835549605359768e-08,-6.692516276626797e-15,1.2036393522742016e-08
2119,1.1697250956926199e-08,-6.472911220556334e-15,1.1697238011103757e-08,-6.472911220556334e-15,1.1927241834885117e-08
2120,1.1201038717470522e-08,-5.754859018336901e-15,1.1201027207752485e-08,-5.754859018336901e-15,1.147551143229628e-08
2121,1.2465767621214059e-08,-7.261907191634036e-15,1.2465753097399675e-08,-7.261907191634036e-15,1.261521733722087e-08
2122,1.2501232034730025e-08,-7.40466424342826e-15,1.2501217225401539e-08,-7.40466424342826e-15,1.2643608238571715e-08
2123,1.213450054771782e-08,-7.082373905122132e-15,1.213448638297001e-08,-7.082373905122132e-15,1.2272672684008015e-08
2124,1.1935982978387191e-08,-7.016016947284527e-15,1.1935968946353298e-08,-7.016016947284527e-15,1.2011445944212796e-08
2125,1.1784825020442976e-08,-6.890687255865114e-15,1.1784811239068464e-08,-6.890687255865114e-15,1.2012613931533755e-08
2126,1.1799388155605233e-08,-6.816620086285809e-15,1.179937452236506e-08,-6.816620086285809e-15,1.2033633737155206e-08
2127,1.1783304112797291e-08,-6.7104360859628065e-15,1.178329069192512e-08,-6.7104360859628065e-15,1.2011223713936914e-08
2128,1.1503249465003392e-08,-6.2573274312226255e-15,1.150323695034853e-08,-6.2573274312226255e-15,1.176358328481965e-08
2129,1.2686399638997111e-08,-7.79075586441957e-15,1.2686384057485382e-08,-7.79075586441957e-15,1.2822403011500772e-08
2130,1.2128956543551643e-08,-7.1021409477649635e-15,1.2128942339269748e-08,-7.1021409477649635e-15,1.2303806470494496e-08
2131,1.1974023642655636e-08,-7.002731446981176e-15,1.1974009637192742e-08,-7.002731446981176e-15,1.2143905038474075e-08
2132,1.1825255548887637e-08,-6.8938126701304415e-15,1.1825241761262296e-08,-6.8938126701304415e-15,1.195141186379641e-08
2133,1.1520647225159737e-08,-6.463560577621096e-15,1.1520634298038581e-08,-6.463560577621096e-15,1.1788124635625184e-08
2134,1.1964288450418878e-08,-6.941025722543239e-15,1.1964274568367432e-08,-6.941025722543239e-15,1.217534591503282e-08
2135,1.1875030580794814e-08,-6.7851334462324824e-15,1.187501701052792e-08,-6.7851334462324824e-15,1.2088696361866106e-08
2136,1.1138507238556835e-08,-5.790601157309907e-15,1.1138495657354521e-08,-5.790601157309907e-15,1.1403370123447684e-08
2137,1.2088325066437158e-08,-6.878144970387251e-15,1.2088311310147217e-08,-6.878144970387251e-15,1.2291657552005846e-08
2138,1.1726775928914209e-08,-6.3567322551622464e-15,1.1726763215449698e-08,-6.3567322551622464e-15,1.19355226671659e-08
2139,1.1898945579730532e-08,-6.563735693182931e-15,1.1898932452259145e-08,-6.563735693182931e-15,1.2124812920689863e-08
2140,5.891066868182026e-09,-1.4513892779273376e-15,5.89106396540347e-09,-1.4513892779273376e-15,6.257775899776454e-09
2141,1.2932135099478103e-08,-6.90420712085763e-15,1.2932121291063862e-08,-6.90420712085763e-15,1.326043919201185e-08
2142,3.6181285906776776e-09,-5.165426653218062e-16,3.618127557592347e-09,-5.165426653218062e-16,4.0393780345967385e-09
2143,1.620831736614498e-08,-8.918892601201289e-15,1.6208299528359778e-08,-8.918892601201289e-15,1.6738266037323156e-08
2144,1.5208698945108335e-08,-8.076077619005388e-15,1.52086827929531e-08,-8.076077619005388e-15,1.510351467763329e-08
2145,1.4350371039843772e-08,-7.695235522079274e-15,1.4350355649372727e-08,-7.695235522079274e-15,1.4791870193245413e-08
2146,1.3213631056447399e-08,-7.322764014625549e-15,1.321361641091937e-08,-7.322764014625549e-15,1.2283643160365955e-08
2147,1.196040821768548e-08,-6.978739654514633e-15,1.1960394260206171e-08,-6.978739654514633e-15,1.2163340898433832e-08
2148,1.1955126886925713e-08,-6.936796449241469e-15,1.1955113013332815e-08,-6.936796449241469e-15,1.2128885937940264e-08
2149,1.1941566729286906e-08,-6.925893341970638e-15,1.1941552877500223e-08,-6.925893341970638e-15,1.2106613354397481e-08
2150,1.191555630947871e-08,-6.8954524405084635e-15,1.191554251857383e-08,-6.8954524405084635e-15,1.2108225966457779e-08
2151,1.1907563967293532e-08,-6.872287592444956e-15,1.1907550222718347e-08,-6.872287592444956e-15,1.2111466373731872e-08
2152,1.1901828288862717e-08,-6.842618758316727e-15,1.19018146036252e-08,-6.842618758316727e-15,1.2106320555111725e-08
2153,1.174554386083721e-08,-6.614855509565821e-15,1.174553063112619e-08,-6.614855509565821e-15,1.1945175705107996e-08
2154,1.1904312306841618e-08,-6.811793151929631e-15,1.1904298683255315e-08,-6.811793151929631e-15,1.2108082453408832e-08
2155,1.1913465142298183e-08,-6.809639684933446e-15,1.1913451523018814e-08,-6.809639684933446e-15,1.2117308600951525e-08
2156,1.1869753064980952e-08,-6.733382428651007e-15,1.1869739598216095e-08,-6.733382428651007e-15,1.2073138927803148e-08
2157,1.1911769961635407e-08,-6.771046617053367e-15,1.1911756419542173e-08,-6.771046617053367e-15,1.211806700072184e-08
2158,1.1907743855214788e-08,-6.747443342665521e-15,1.1907730360328103e-08,-6.747443342665521e-15,1.2113251752660366e-08
2159,1.1492643419068726e-08,-6.187642785933282e-15,1.1492631043783155e-08,-6.187642785933282e-15,1.1701089176696587e-08
2160,1.19411751345658e-08,-6.7333325744136496e-15,1.1941161667900652e-08,-6.7333325744136496e-15,1.2147106220980719e-08
2161,1.1914727993702165e-08,-6.6788390677701415e-15,1.191471463602403e-08,-6.6788390677701415e-15,1.2122550351911664e-08
2162,1.1896103656192297e-08,-6.632909754326147e-15,1.1896090390372789e-08,-6.632909754326147e-15,1.2106783531942338e-08
2163,1.1738608842114001e-08,-6.40857183955738e-15,1.1738596024970322e-08,-6.40857183955738e-15,1.1943166135397798e-08
2164,8.400277957853045e-09,-2.9908715180123807e-15,8.40027197611001e-09,-2.9908715180123807e-15,8.677999763315431e-09
2165,8.329113355384964e-09,-2.773833320730185e-15,8.329107807718322e-09,-2.773833320730185e-15,8.665643584248554e-09
2166,1.2862473299574425e-08,-6.914610484518901e-15,1.2862459470353457e-08,-6.914610484518901e-15,1.3120630225587234e-08
2167,1.2682679517375538e-08,-6.5944620900830685e-15,1.2682666328451358e-08,-6.5944620900830685e-15,1.2953975450269412e-08
2168,1.2080728844609996e-08,-5.963679835621017e-15,1.2080716917250325e-08,-5.963679835621017e-15,1.2198489749315532e-08
2169,8.459171950962037e-09,-2.752455386432652e-15,8.459166446051264e-09,-2.752455386432652e-15,8.761248269581443e-09
2170,1.4163682819491813e-08,-8.470736948526964e-15,1.4163665878017916e-08,-8.470736948526964e-15,1.4284854207419282e-08
2171,1.3373171606040149e-08,-7.488292524676564e-15,1.33731566294551e-08,-7.488292524676564e-15,1.3524628060717511e-08
2172,1.2972531372795362e-08,-7.263006882067026e-15,1.2972516846781598e-08,-7.263006882067026e-15,1.310034058141529e-08
2173,1.2296532367590757e-08,-7.0123671896234125e-15,1.2296518342856378e-08,-7.0123671896234125e-15,1.195954225128231e-08
2174,1.1731739702308534e-08,-6.765538352435151e-15,1.1731726171231829e-08,-6.765538352435151e-15,1.2005111993194841e-08
2175,1.1793686912866186e-08,-6.710855236090394e-15,1.1793673491155713e-08,-6.710855236090394e-15,1.201509651063835e-08
2176,9.59778135645952e-09,-4.131313606877801e-15,9.597773093832306e-09,-4.131313606877801e-15,9.823394477572349e-09
2177,1.1966909994918638e-08,-6.688053401656686e-15,1.1966896618811835e-08,-6.688053401656686e-15,1.2194266081220175e-08
2178,1.1785688617382104e-08,-6.3827729504884205e-15,1.1785675851836203e-08,-6.3827729504884205e-15,1.2025850787577794e-08
2179,1.0229312823131286e-08,-4.50270043539895e-15,1.0229303817730416e-08,-4.50270043539895e-15,1.059768844075534e-08
2180,1.2804063586079833e-08,-7.310120738985308e-15,1.2804048965838355e-08,-7.310120738985308e-15,1.2926640917417451e-08
2181,1.2366771712765294e-08,-6.790022249635311e-15,1.2366758132720795e-08,-6.790022249635311e-15,1.2583588075228751e-08
2182,1.2098031610848416e-08,-6.505027929938458e-15,1.2098018600792556e-08,-6.505027929938458e-15,1.2320524133193877e-08
2183,8.317057762637684e-09,-2.8592527017775576e-15,8.31705204413228e-09,-2.8592527017775576e-15,8.48583784384484e-09
2184,1.2294210182751564e-08,-6.638423925802015e-15,1.2294196905903713e-08,-6.638423925802015e-15,1.2564698723477492e-08
2185,8.670622778420187e-09,-2.89132096227343e-15,8.670616995778263e-09,-2.89132096227343e-15,9.062402425508116e-09
2186,1.3445824857127794e-08,-7.396979495468142e-15,1.3445810063168803e-08,-7.396979495468142e-15,1.365632363377985e-08
2187,1.2947939622141661e-08,-6.960613058227125e-15,1.2947925700915546e-08,-6.960613058227125e-15,1.2933685572815857e-08
2188,1.239019090866657e-08,-6.581089702244023e-15,1.2390177746487166e-08,-6.581089702244023e-15,1.2614012701680529e-08
2189,1.1954962325158243e-08,-6.324917459161912e-15,1.1954949675323325e-08,-6.324917459161912e-15,1.186236236579402e-08
2190,1.058949003299921e-08,-4.927940068138428e-15,1.0589480177119073e-08,-4.927940068138428e-15,1.0933252652317356e-08
2191,1.344288067139265e-08,-8.347560801183023e-15,1.3442863976271048e-08,-8.347560801183023e-15,1.351052828112211e-08
2192,1.2666898757705457e-08,-7.45313376811442e-15,1.2666883851437922e-08,-7.45313376811442e-15,1.2783939253036928e-08
2193,1.226119377293553e-08,-7.210711737755722e-15,1.2261179351512055e-08,-7.210711737755722e-15,1.2375712677516206e-08
2194,1.1852524601320922e-08,-7.000465145994877e-15,1.1852510600390631e-08,-7.000465145994877e-15,1.1820275415845853e-08
2195,1.1505107475321815e-08,-6.650205545521104e-15,1.1505094174910723e-08,-6.650205545521104e-15,1.1800601147257227e-08
2196,1.1693682593530937e-08,-6.732097661625221e-15,1.1693669129335614e-08,-6.732097661625221e-15,1.1938159785785494e-08
2197,1.0618431881537026e-08,-5.276966044842846e-15,1.0618421327604936e-08,-5.276966044842846e-15,1.0914889586839269e-08
2198,1.2180205768957708e-08,-7.045878740423336e-15,1.2180191677200228e-08,-7.045878740423336e-15,1.239898894640042e-08
2199,1.1999838784844316e-08,-6.738238781521305e-15,1.1999825308366752e-08,-6.738238781521305e-15,1.2230782686436697e-08
2200,1.2225647276105366e-08,-7.043474888121435e-15,1.222563318915559e-08,-7.043474888121435e-15,1.242138752250428e-08
2201,1.200620452264512e-08,-6.87665681756372e-15,1.2006190769331486e-08,-6.87665681756372e-15,1.2101789830776916e-08
2202,1.1863992580588335e-08,-6.801559771293214e-15,1.1863978977468792e-08,-6.801559771293214e-15,1.2076370099622869e-08
2203,1.1831141835989956e-08,-6.746786157072499e-15,1.1831128342417641e-08,-6.746786157072499e-15,1.2022663601025618e-08
2204,1.18291811076688e-08,-6.723815546841081e-15,1.1829167660037707e-08,-6.723815546841081e-15,1.2050120976779632e-08
2205,1.1584146774441332e-08,-6.363117563460034e-15,1.1584134048206204e-08,-6.363117563460034e-15,1.1792245450842049e-08
2206,1.181924646423625e-08,-6.640735642169419e-15,1.1819233182764965e-08,-6.640735642169419e-15,1.2036174308623595e-08
2207,1.1793176275496899e-08,-6.573453161531203e-15,1.1793163128590576e-08,-6.573453161531203e-15,1.2014290838337637e-08
2208,1.1711700199577732e-08,-6.418633229339977e-15,1.1711687362311273e-08,-6.418633229339977e-15,1.1943320697965243e-08
2209,1.100195616850297e-08,-5.461853725440908e-15,1.1001945244795518e-08,-5.461853725440908e-15,1.1307848095232259e-08
2210,1.2753740832909084e-08,-7.544064075618617e-15,1.2753725744780933e-08,-7.544064075618617e-15,1.2902999936267002e-08
2211,1.2103772129556798e-08,-6.741447834244748e-15,1.210375864666113e-08,-6.741447834244748e-15,1.227838046176027e-08
2212,1.2086698991762845e-08,-6.857821420105444e-15,1.2086685276120005e-08,-6.857821420105444e-15,1.2257413223611129e-08
2213,1.1874769369814075e-08,-6.753634300464827e-15,1.1874755862545474e-08,-6.753634300464827e-15,1.1944418913332246e-08
2214,1.1735572648533091e-08,-6.6350702696731946e-15,1.1735559378392552e-08,-6.6350702696731946e-15,1.1995285766304915e-08
2215,1.1782286351494635e-08,-6.5967761552032956e-15,1.1782273157942325e-08,-6.5967761552032956e-15,1.200882246394183e-08
2216,1.1775377832494284e-08,-6.535467373821625e-15,1.1775364761559537e-08,-6.535467373821625e-15,1.1999800663974087e-08
2217,1.176567504219204e-08,-6.480293378874804e-15,1.1765662081605282e-08,-6.480293378874804e-15,1.1971262004312411e-08
2218,1.1806040822808026e-08,-6.5136215169106046e-15,1.1806027795564992e-08,-6.5136215169106046e-15,1.202719553919382e-08
2219,1.1760147784434122e-08,-6.427898198299836e-15,1.1760134928637725e-08,-6.427898198299836e-15,1.1984192743657564e-08
2220,1.1701905489425592e-08,-6.308278279066909e-15,1.1701892872869034e-08,-6.308278279066909e-15,1.1928236919137022e-08
2221,1.1624461281749954e-08,-6.1337630758100836e-15,1.1624449014223802e-08,-6.1337630758100836e-15,1.1885417795057855e-08
2222,1.145368663743919e-08,-5.817474565839105e-15,1.1453675002490057e-08,-5.817474565839105e-15,1.1728096733148698e-08
2223,1.0887297161639993e-08,-5.033219634017643e-15,1.0887287095200725e-08,-5.033219634017643e-15,1.1225095774736215e-08
2224,4.035772193006195e-09,-6.744944678993799e-16,4.035770844017259e-09,-6.744944678993799e-16,4.4694730757670024e-09
2225,1.5970465958249117e-08,-9.491013747361582e-15,1.597044697622162e-08,-9.491013747361582e-15,1.626888989420744e-08
2226,1.4885143586522768e-08,-8.222031678622007e-15,1.488512714245941e-08,-8.222031678622007e-15,1.5202121025896482e-08
2227,1.420878538703975e-08,-7.795577957945123e-15,1.4208769795883835e-08,-7.795577957945123e-15,1.4447455189333799e-08
2228,1.2759047365393823e-08,-7.172340281505267e-15,1.275903302071326e-08,-7.172340281505267e-15,1.187804359690972e-08
2229,1.1555484977078834e-08,-6.717421638051687e-15,1.1555471542235559e-08,-6.717421638051687e-15,1.1865103421612187e-08
2230,1.1583436910027494e-08,-6.534667306377744e-15,1.1583423840692882e-08,-6.534667306377744e-15,1.1843969386987453e-08
2231,1.1241594619283898e-08,-5.953102163145134e-15,1.1241582713079572e-08,-5.953102163145134e-15,1.1497367566896756e-08
2232,9.395336742229849e-09,-3.809668942439349e-15,9.395329122891963e-09,-3.809668942439349e-15,9.834591759046146e-09
2233,1.3700734614027529e-08,-8.528617067216985e-15,1.3700717556793394e-08,-8.528617067216985e-15,1.3833616484324238e-08
2234,1.2895848233743081e-08,-7.509518108093264e-15,1.2895833214706864e-08,-7.509518108093264e-15,1.306884481992156e-08
2235,1.245363279840498e-08,-7.202647088703968e-15,1.2453618393110802e-08,-7.202647088703968e-15,1.2606940395161375e-08
2236,1.1828918927568956e-08,-6.808381546727527e-15,1.1828905310805862e-08,-6.808381546727527e-15,1.1701835083102081e-08
2237,1.1068254435343782e-08,-6.00395828439035e-15,1.1068242427427213e-08,-6.00395828439035e-15,1.1429388162348173e-08
2238,3.1435209840647462e-09,-5.155467284639948e-16,3.1435199529712893e-09,-5.155467284639948e-16,3.4865707942881426e-09
2239,1.454409219725179e-08,-8.487574301035028e-15,1.454407522210319e-08,-8.487574301035028e-15,1.4955711218352146e-08
2240,1.4132313323861867e-08,-7.813240429026994e-15,1.4132297697381008e-08,-7.813240429026994e-15,1.456112763999964e-08
2241,9.367173625932922e-09,-3.0496661690545652e-15,9.367167526600584e-09,-3.0496661690545652e-15,9.744388473882824e-09
2242,1.3346081022098413e-08,-7.510522774981863e-15,1.3346066001052864e-08,-7.510522774981863e-15,1.2604006163444995e-08
2243,1.2216750172270754e-08,-7.085565484694402e-15,1.2216736001139785e-08,-7.085565484694402e-15,1.2473198839311336e-08
2244,1.2198990493506238e-08,-7.007830467761913e-15,1.2198976477845302e-08,-7.007830467761913e-15,1.2422025143593702e-08
2245,1.1422163341521008e-08,-6.137419212920006e-15,1.1422151066682583e-08,-6.137419212920006e-15,1.1437894767088281e-08
2246,9.845717227579586e-09,-4.433204364936482e-15,9.845708361170857e-09,-4.433204364936482e-15,1.0191565082428301e-08
2247,1.2610073236265137e-08,-7.506069178367801e-15,1.261005822412678e-08,-7.506069178367801e-15,1.2803687671103477e-08
2248,1.2361254291972745e-08,-7.132238318050847e-15,1.236124002749611e-08,-7.132238318050847e-15,1.2564492213137654e-08
2249,1.2258549387469575e-08,-7.073581037674654e-15,1.2258535240307499e-08,-7.073581037674654e-15,1.2463886031469622e-08
2250,1.1764866021730008e-08,-6.649618476482898e-15,1.1764852722493055e-08,-6.649618476482898e-15,1.176037720583275e-08
2251,1.1789879386296687e-08,-6.878271293552567e-15,1.17898656297541e-08,-6.878271293552567e-15,1.2024341741443987e-08
2252,1.1814769707953677e-08,-6.8575051719107084e-15,1.1814755992943334e-08,-6.8575051719107084e-15,1.2030231819732179e-08
2253,1.1813476133472758e-08,-6.822988897720947e-15,1.1813462487494963e-08,-6.822988897720947e-15,1.2025312976403875e-08
2254,1.180685526790777e-08,-6.783096868407737e-15,1.1806841701714033e-08,-6.783096868407737e-15,1.2027252842326649e-08
2255,1.179651078096883e-08,-6.735263282032141e-15,1.1796497310442265e-08,-6.735263282032141e-15,1.2017893669023942e-08
2256,1.1761872058261428e-08,-6.651081386806083e-15,1.1761858756098654e-08,-6.651081386806083e-15,1.1987613394708731e-08
2257,1.1259536719807588e-08,-5.9718326002671006e-15,1.1259524776142388e-08,-5.9718326002671006e-15,1.1463462681658393e-08
2258,1.1659249774732644e-08,-6.443535992287226e-15,1.1659236887660659e-08,-6.443535992287226e-15,1.1894273648455987e-08
2259,1.1188267993863265e-08,-5.785038886961408e-15,1.118825642378549e-08,-5.785038886961408e-15,1.1472477285881873e-08
2260,1.14903948877263e-08,-6.01522219523715e-15,1.1490382857281909e-08,-6.01522219523715e-15,1.1696269157564974e-08
2261,5.319641508152136e-09,-1.175898997860323e-15,5.31963915635414e-09,-1.175898997860323e-15,5.6964680055909895e-09
2262,1.3892990064927649e-08,-8.05952459836077e-15,1.3892973945878452e-08,-8.05952459836077e-15,1.4131633132551504e-08
2263,1.3428509786932565e-08,-7.522094577774002e-15,1.3428494742743408e-08,-7.522094577774002e-15,1.3616400177792751e-08
2264,1.3150870321909233e-08,-7.337518674197655e-15,1.3150855646871885e-08,-7.337518674197655e-15,1.3428885989252309e-08
2265,1.2493653009154174e-08,-7.106989490632329e-15,1.2493638795175193e-08,-7.106989490632329e-15,1.2071788607815638e-08
2266,1.1789710251887617e-08,-6.875164723764413e-15,1.178969650155817e-08,-6.875164723764413e-15,1.2021140738631299e-08
2267,1.1789186169123441e-08,-6.8120880531649125e-15,1.1789172544947334e-08,-6.8120880531649125e-15,1.200110273403966e-08
2268,1.1722343506658477e-08,-6.683827195389167e-15,1.1722330139004087e-08,-6.683827195389167e-15,1.1933852684459034e-08
2269,1.12467983224082e-08,-6.008856312320727e-15,1.1246786304695576e-08,-6.008856312320727e-15,1.1505017498821903e-08
2270,1.211072827233405e-08,-7.0491906396652835e-15,1.211071417395277e-08,-7.0491906396652835e-15,1.2274917643370472e-08
2271,1.2187274041875995e-08,-7.226645408272634e-15,1.2187259588585179e-08,-7.226645408272634e-15,1.2360776072799575e-08
2272,1.1998510704271028e-08,-7.093024279932709e-15,1.1998496518222468e-08,-7.093024279932709e-15,1.216763888553673e-08
2273,1.1819721264096278e-08,-6.983617741199318e-15,1.1819707296860795e-08,-6.983617741199318e-15,1.1940177333674091e-08
2274,1.1715685987403839e-08,-6.888247736854608e-15,1.1715672210908365e-08,-6.888247736854608e-15,1.1951884228012774e-08
2275,1.1787261190609577e-08,-6.920616211343166e-15,1.1787247349377153e-08,-6.920616211343166e-15,1.2013339883059534e-08
2276,1.1798568330126543e-08,-6.895020245475776e-15,1.1798554540086052e-08,-6.895020245475776e-15,1.2015984449695085e-08
2277,1.1812984996056707e-08,-6.886413575783139e-15,1.1812971223229556e-08,-6.886413575783139e-15,1.2030822972819433e-08
2278,1.1801379130425648e-08,-6.8453154818112465e-15,1.1801365439794685e-08,-6.8453154818112465e-15,1.2020918993348313e-08
2279,1.0294292428250914e-08,-4.978265489299583e-15,1.0294282471719936e-08,-4.978265489299583e-15,1.0482670414616018e-08
2280,1.171883927981416e-08,-6.681462822068124e-15,1.1718825916888516e-08,-6.681462822068124e-15,1.1921155791130119e-08
2281,1.1873669852226467e-08,-6.900588561252096e-15,1.1873656051049344e-08,-6.900588561252096e-15,1.2081193091844338e-08
2282,1.1847974760114934e-08,-6.864946080979989e-15,1.1847961030222771e-08,-6.864946080979989e-15,1.2051430422368979e-08
2283,1.1839400776266631e-08,-6.852993524223665e-15,1.1839387070279583e-08,-6.852993524223665e-15,1.2040389147833013e-08
2284,1.1831468254319598e-08,-6.8418742653559625e-15,1.1831454570571067e-08,-6.8418742653559625e-15,1.2046085268980401e-08
2285,1.182945176780351e-08,-6.824451740089853e-15,1.182943811890003e-08,-6.824451740089853e-15,1.2042154785937034e-08
2286,1.180314041619414e-08,-6.773668001474657e-15,1.1803126868858138e-08,-6.773668001474657e-15,1.2018688235292668e-08
2287,1.0167760616246079e-08,-4.794323827580952e-15,1.0167751027598423e-08,-4.794323827580952e-15,1.0355388744724323e-08
2288,1.1930863746531737e-08,-6.8966994775320616e-15,1.1930849953132782e-08,-6.8966994775320616e-15,1.21360487499516e-08
2289,1.1898684458286747e-08,-6.868190000712019e-15,1.1898670721906746e-08,-6.868190000712019e-15,1.2103678206951997e-08
2290,1.186851786481148e-08,-6.83286027460876e-15,1.1868504199090931e-08,-6.83286027460876e-15,1.2069100252975804e-08
2291,1.18512561041965e-08,-6.822013348590477e-15,1.1851242460169802e-08,-6.822013348590477e-15,1.2045848309038702e-08
2292,1.1835915295354888e-08,-6.814301605657031e-15,1.1835901666751676e-08,-6.814301605657031e-15,1.2048527201099461e-08
2293,1.1839230618965246e-08,-6.807762415686879e-15,1.1839217003440415e-08,-6.807762415686879e-15,1.2049742909143672e-08
2294,1.1712309153716067e-08,-6.630603824756573e-15,1.1712295892508418e-08,-6.630603824756573e-15,1.1918913177541442e-08
2295,1.1836420117309473e-08,-6.790999652333548e-15,1.1836406535310168e-08,-6.790999652333548e-15,1.204761841365235e-08
2296,1.1835944467591126e-08,-6.784281766164592e-15,1.1835930899027593e-08,-6.784281766164592e-15,1.204693100104303e-08
2297,1.1798939674362823e-08,-6.7260887253653915e-15,1.1798926222185373e-08,-6.7260887253653915e-15,1.2009289337310193e-08
2298,1.1524243988042234e-08,-6.358219624222211e-15,1.1524231271602984e-08,-6.358219624222211e-15,1.1728936867537348e-08
2299,1.1829375100904367e-08,-6.752043935045557e-15,1.1829361596816497e-08,-6.752043935045557e-15,1.2041132301683049e-08
2300,1.182681219841044e-08,-6.743139395839609e-15,1.1826798712131649e-08,-6.743139395839609e-15,1.2039133418357026e-08
2301,1.1028140891151955e-08,-5.724604513534773e-15,1.1028129441942929e-08,-5.724604513534773e-15,1.122098975041979e-08
2302,1.1805309375743559e-08,-6.693641975532992e-15,1.1805295988459608e-08,-6.693641975532992e-15,1.2021994897338935e-08
2303,1.1793497679858797e-08,-6.670678292576691e-15,1.1793484338502212e-08,-6.670678292576691e-15,1.2009605458737675e-08
2304,1.175976451338343e-08,-6.60034241630961e-15,1.1759751312698598e-08,-6.60034241630961e-15,1.1980601322974538e-08
2305,1.1391160158591652e-08,-6.082137078790001e-15,1.1391147994317494e-08,-6.082137078790001e-15,1.1642818833642955e-08
2306,1.2164769065206817e-08,-7.024001854870903e-15,1.2164755017203108e-08,-7.024001854870903e-15,1.2352832472853968e-08
2307,1.1949468320984414e-08,-6.765888900466001e-15,1.1949454789206614e-08,-6.765888900466001e-15,1.215298547579709e-08
2308,1.1860007802668816e-08,-6.690178817659978e-15,1.185999442231118e-08,-6.690178817659978e-15,1.2063523543662641e-08
2309,1.1564795078804227e-08,-6.352255546159084e-15,1.1564782374293134e-08,-6.352255546159084e-15,1.173511103385675e-08
2310,1.1416412945012721e-08,-6.141581044364267e-15,1.1416400661850632e-08,-6.141581044364267e-15,1.1693471440236355e-08
2311,1.1291767558117375e-08,-5.88863797043372e-15,1.1291755780841434e-08,-5.88863797043372e-15,1.1489066039702414e-08
2312,1.2137257427009135e-08,-6.96495983801107e-15,1.2137243497089459e-08,-6.96495983801107e-15,1.2323167620164947e-08
2313,1.2002571283488971e-08,-6.865468847317872e-15,1.2002557552551277e-08,-6.865468847317872e-15,1.219085518384795e-08
2314,1.1867393805453853e-08,-6.786915321961608e-15,1.186738023162321e-08,-6.786915321961608e-15,1.2015797968833886e-08
2315,1.1763523567623738e-08,-6.707482233067455e-15,1.1763510152659272e-08,-6.707482233067455e-15,1.1971917335275254e-08
2316,1.1409422415123603e-08,-6.2218444484265366e-15,1.1409409971434707e-08,-6.2218444484265366e-15,1.1632337613239477e-08
2317,1.174079498365364e-08,-6.605988823369654e-15,1.1740781771675993e-08,-6.605988823369654e-15,1.1968693208934792e-08
2318,1.1718945647910513e-08,-6.539304230961736e-15,1.1718932569302051e-08,-6.539304230961736e-15,1.19509667308013e-08
2319,1.1668355564315207e-08,-6.421282170516319e-15,1.1668342721750865e-08,-6.421282170516319e-15,1.1908670477724918e-08
2320,1.155054568297764e-08,-6.199829609344204e-15,1.1550533283318421e-08,-6.199829609344204e-15,1.1809903433697815e-08
2321,1.1081443962677814e-08,-5.527625989962032e-15,1.1081432907425834e-08,-5.527625989962032e-15,1.1389103904678332e-08
2322,1.8587162092307837e-09,-2.438108020751396e-16,1.8587157216091795e-09,-2.438108020751396e-16,2.075035202502603e-09
2323,1.533378369045255e-08,-8.902067250828402e-15,1.533376588631805e-08,-8.902067250828402e-15,1.5745562292578736e-08
2324,1.4652571843181342e-08,-8.042322127471661e-15,1.4652555758537087e-08,-8.042322127471661e-15,1.508092882017493e-08
2325,1.4228719815620604e-08,-7.709795297293466e-15,1.4228704396030009e-08,-7.709795297293466e-15,1.4591943067269508e-08
2326,1.2972913661729101e-08,-7.286203988561577e-15,1.2972899089321124e-08,-7.286203988561577e-15,1.207228066506046e-08
2327,1.1748986884581748e-08,-6.920697694580649e-15,1.1748973043186358e-08,-6.920697694580649e-15,1.2008632050895459e-08
2328,1.1804377028837356e-08,-6.902174439130576e-15,1.1804363224488478e-08,-6.902174439130576e-15,1.2012797613525562e-08
2329,1.179674410881958e-08,-6.867751568019928e-15,1.1796730373316444e-08,-6.867751568019928e-15,1.198701227696873e-08
2330,1.1778281546426921e-08,-6.82954953795739e-15,1.1778267887327845e-08,-6.82954953795739e-15,1.1994026152825577e-08
2331,1.1759146669926469e-08,-6.778194665549381e-15,1.1759133113537137e-08,-6.778194665549381e-15,1.1983900697581114e-08
2332,1.1770804728764406e-08,-6.762083691466409e-15,1.1770791204597023e-08,-6.762083691466409e-15,1.1994772032171472e-08
2333,1.175559862406326e-08,-6.712086521123848e-15,1.1755585199890218e-08,-6.712086521123848e-15,1.1982290959818889e-08
2334,1.0796662083970627e-08,-5.475728552274948e-15,1.0796651132513522e-08,-5.475728552274948e-15,1.1036273237220269e-08
2335,1.1922031019151305e-08,-6.8004995722226646e-15,1.192201741815216e-08,-6.8004995722226646e-15,1.2142333948765064e-08
2336,1.1315719066726837e-08,-6.000942363055036e-15,1.131570706484211e-08,-6.000942363055036e-15,1.152877794883106e-08
2337,1.1444117005113826e-08,-6.1301269895414216e-15,1.1444104744859848e-08,-6.1301269895414216e-15,1.1703521435730801e-08
2338,1.224099741218892e-08,-7.154556857268823e-15,1.2240983103075204e-08,-7.154556857268823e-15,1.236139773234635e-08
2339,1.1912537117346257e-08,-6.823952359396706e-15,1.1912523469441539e-08,-6.823952359396706e-15,1.2106769232334776e-08
2340,1.1866439662753114e-08,-6.842694165805316e-15,1.1866425977364782e-08,-6.842694165805316e-15,1.2062005590904186e-08
2341,1.1743208740865007e-08,-6.762525876162706e-15,1.1743195215813254e-08,-6.762525876162706e-15,1.1888643757931628e-08
2342,1.1680968270186734e-08,-6.6808623864615145e-15,1.1680954908461961e-08,-6.6808623864615145e-15,1.1945458732043615e-08
2343,1.1647549741715034e-08,-6.548051763105373e-15,1.1647536645611507e-08,-6.548051763105373e-15,1.1883374227748725e-08
2344,1.1695540332400678e-08,-6.558512109211229e-15,1.169552721537646e-08,-6.558512109211229e-15,1.1932116062041685e-08
2345,1.1634222934465625e-08,-6.423298755545898e-15,1.1634210087868113e-08,-6.423298755545898e-15,1.1881011612776375e-08
2346,1.1443733889652498e-08,-6.103571650172351e-15,1.1443721682509197e-08,-6.103571650172351e-15,1.171317158969391e-08
2347,9.455121361735775e-09,-3.846205783652171e-15,9.455113669324208e-09,-3.846205783652171e-15,9.867944732079786e-09
2348,1.3399289921199168e-08,-8.093555870579184e-15,1.3399273734087427e-08,-8.093555870579184e-15,1.352387631000118e-08
2349,1.280141687950712e-08,-7.424989661482076e-15,1.2801402029527798e-08,-7.424989661482076e-15,1.2968380861623117e-08
2350,1.2410787362600603e-08,-7.199783985369785e-15,1.2410772963032632e-08,-7.199783985369785e-15,1.255935269215007e-08
2351,1.1896649596515146e-08,-6.952144838220429e-15,1.1896635692225469e-08,-6.952144838220429e-15,1.1779854288529887e-08
2352,1.1496663970147775e-08,-6.65950384230847e-15,1.149665065114009e-08,-6.65950384230847e-15,1.180650349238376e-08
2353,1.1146916721605505e-08,-6.016265530078504e-15,1.1146904689074445e-08,-6.016265530078504e-15,1.1446367924768594e-08
2354,1.178757934047829e-08,-6.694800621643035e-15,1.1787565950877046e-08,-6.694800621643035e-15,1.1966303079617055e-08
2355,1.2145157281379836e-08,-7.21397446450442e-15,1.2145142853430908e-08,-7.21397446450442e-15,1.2338170914783591e-08
2356,1.1975938446765658e-08,-7.090251031710155e-15,1.1975924266263594e-08,-7.090251031710155e-15,1.2163072490125963e-08
2357,1.1813417270261676e-08,-7.003956009362877e-15,1.1813403262349658e-08,-7.003956009362877e-15,1.1936706982679889e-08
2358,1.1716602913898447e-08,-6.9276935034603815e-15,1.171658905851144e-08,-6.9276935034603815e-15,1.1958721109880183e-08
2359,1.1751090184813605e-08,-6.910285032590543e-15,1.175107636424354e-08,-6.910285032590543e-15,1.1986106510767251e-08
2360,1.1771781775424872e-08,-6.894368377031525e-15,1.1771767986688118e-08,-6.894368377031525e-15,1.1998084203265191e-08
2361,1.1781028458096667e-08,-6.877851029243692e-15,1.1781014702394608e-08,-6.877851029243692e-15,1.2007196721338424e-08
2362,1.1788193256024853e-08,-6.8623864026313076e-15,1.1788179531252049e-08,-6.8623864026313076e-15,1.2012789320723773e-08
2363,1.1791415896148428e-08,-6.845431288936881e-15,1.179140220528585e-08,-6.845431288936881e-15,1.2014300840696233e-08
2364,1.1552417416501933e-08,-6.5105254923240116e-15,1.1552404395450948e-08,-6.5105254923240116e-15,1.1767355725120734e-08
2365,1.1789911929845765e-08,-6.812337987926797e-15,1.1789898305169789e-08,-6.812337987926797e-15,1.2011491736784967e-08
2366,1.1725242090644698e-08,-6.712710354289052e-15,1.172522866522399e-08,-6.712710354289052e-15,1.1944809719666907e-08
2367,1.178301654455986e-08,-6.7717715565429154e-15,1.1783003001016747e-08,-6.7717715565429154e-15,1.2005204720111417e-08
2368,1.1777595698999462e-08,-6.743647239444563e-15,1.1777582211704983e-08,-6.743647239444563e-15,1.2004043327339256e-08
2369,1.1767545807584296e-08,-6.70648535191024e-15,1.1767532394613591e-08,-6.70648535191024e-15,1.1993352983005404e-08
2370,1.1698595350516644e-08,-6.5883438212048756e-15,1.1698582173829002e-08,-6.5883438212048756e-15,1.1927511435780851e-08
2371,1.1680538809578497e-08,-6.529725309202639e-15,1.168052575012788e-08,-6.529725309202639e-15,1.1918973401477699e-08
2372,1.144265875571906e-08,-6.166582227178465e-15,1.1442646422554606e-08,-6.166582227178465e-15,1.1707095157843949e-08
2373,3.0113262945978173e-09,-4.990265574540717e-16,3.0113252965447023e-09,-4.990265574540717e-16,3.246309820825652e-09
2374,1.3757420693982311e-08,-7.870001260973202e-15,1.3757404953979789e-08,-7.870001260973202e-15,1.4061658050230959e-08
2375,1.3424077650536752e-08,-7.408776340880993e-15,1.342406283298407e-08,-7.408776340880993e-15,1.373951015435787e-08
2376,1.3226541325427493e-08,-7.222126317607197e-15,1.3226526881174858e-08,-7.222126317607197e-15,1.3514252276902461e-08
2377,1.2496385843773412e-08,-6.9563288421998784e-15,1.2496371931115728e-08,-6.9563288421998784e-15,1.2046176989232333e-08
2378,1.1716161527466144e-08,-6.684899657809145e-15,1.1716148157666828e-08,-6.684899657809145e-15,1.1958784786840151e-08
2379,1.1646449988987912e-08,-6.525525883011338e-15,1.1646436937936145e-08,-6.525525883011338e-15,1.1874044925324266e-08
2380,1.1165901382404085e-08,-5.850049746171848e-15,1.1165889682304593e-08,-5.850049746171848e-15,1.1432217647529614e-08
2381,6.340024788646554e-09,-1.7120701138714956e-15,6.340021364506326e-09,-1.7120701138714956e-15,6.674001124281974e-09
2382,1.3284748659952369e-08,-7.728033405991689e-15,1.3284733203885557e-08,-7.728033405991689e-15,1.3511735064291321e-08
2383,1.299158318987995e-08,-7.364250164398185e-15,1.2991568461379622e-08,-7.364250164398185e-15,1.3217354992122492e-08
2384,1.2760544281073366e-08,-7.248459518236319e-15,1.276052978415433e-08,-7.248459518236319e-15,1.2923009744115745e-08
2385,1.2226206961387837e-08,-7.070462882918068e-15,1.2226192820462071e-08,-7.070462882918068e-15,1.20164117260665e-08
2386,1.1763357447890342e-08,-6.925160869875497e-15,1.1763343597568601e-08,-6.925160869875497e-15,1.1994581995819016e-08
2387,1.178325355190605e-08,-6.9120503426328184e-15,1.1783239727805364e-08,-6.9120503426328184e-15,1.1995843475213516e-08
2388,1.1780730206757915e-08,-6.895424320481371e-15,1.1780716415909274e-08,-6.895424320481371e-15,1.1989011172845197e-08
2389,1.1776588541144428e-08,-6.879965888212138e-15,1.1776574781212652e-08,-6.879965888212138e-15,1.1994769839250802e-08
2390,1.1665473722195771e-08,-6.7167388007040794e-15,1.166546028871817e-08,-6.7167388007040794e-15,1.1883228416189443e-08
2391,1.177980430358766e-08,-6.858381825877935e-15,1.1779790586824008e-08,-6.858381825877935e-15,1.1999923571571467e-08
2392,1.1782498430764208e-08,-6.852448703200815e-15,1.1782484725866801e-08,-6.852448703200815e-15,1.2002585793582483e-08
2393,1.178498430586787e-08,-6.844254744657222e-15,1.178497061735838e-08,-6.844254744657222e-15,1.2004328164498427e-08
2394,1.1786879765356251e-08,-6.835579202008409e-15,1.1786866094197848e-08,-6.835579202008409e-15,1.2007271714618154e-08
2395,1.1064569511831964e-08,-5.8995197863881515e-15,1.1064557712792391e-08,-5.8995197863881515e-15,1.1263860204669775e-08
2396,1.1775563667913218e-08,-6.812057860387965e-15,1.1775550043797497e-08,-6.812057860387965e-15,1.1993957409353715e-08
2397,1.1760274313238333e-08,-6.791891011595094e-15,1.176026072945631e-08,-6.791891011595094e-15,1.1978447770844208e-08
2398,1.1768868069002103e-08,-6.789433132213979e-15,1.1768854490135839e-08,-6.789433132213979e-15,1.1988152007394262e-08
2399,1.1753283879000158e-08,-6.748979874077096e-15,1.175327038104041e-08,-6.748979874077096e-15,1.1981148492387926e-08
2400,8.915960758541662e-09,-3.620163216873824e-15,8.915953518215229e-09,-3.620163216873824e-15,9.10227436176388e-09
2401,1.1920328437712597e-08,-6.884960971479428e-15,1.1920314667790655e-08,-6.884960971479428e-15,1.213401918763009e-08
2402,1.1877138950245001e-08,-6.843729084853074e-15,1.1877125262786831e-08,-6.843729084853074e-15,1.2092946411702485e-08
2403,1.1855046379737578e-08,-6.81401914133299e-15,1.1855032751699296e-08,-6.81401914133299e-15,1.2067928609017921e-08
2404,1.1809925041863954e-08,-6.7815136544781e-15,1.1809911478836645e-08,-6.7815136544781e-15,1.1992719287754074e-08
2405,1.1768636579292944e-08,-6.764013002155353e-15,1.1768623051266939e-08,-6.764013002155353e-15,1.1991607281976948e-08
2406,1.1731843152141385e-08,-6.7012309308661835e-15,1.1731829749679522e-08,-6.7012309308661835e-15,1.1951632846751972e-08
2407,1.1721477064493071e-08,-6.673861717672205e-15,1.1721463716769636e-08,-6.673861717672205e-15,1.1946302132064863e-08
2408,8.048834487312838e-09,-2.903101978677456e-15,8.04882868110888e-09,-2.903101978677456e-15,8.215780758372652e-09
2409,1.193360823523831e-08,-6.869870358065482e-15,1.1933594495497594e-08,-6.869870358065482e-15,1.2145762222850282e-08
2410,1.1883768829665031e-08,-6.832095478195471e-15,1.1883755165474074e-08,-6.832095478195471e-15,1.2096856079640626e-08
2411,1.1852516882907206e-08,-6.795354931203716e-15,1.1852503292197343e-08,-6.795354931203716e-15,1.205980509189477e-08
2412,1.1780149978667479e-08,-6.731734601313371e-15,1.1780136515198277e-08,-6.731734601313371e-15,1.1960989120150237e-08
2413,1.1670522586049821e-08,-6.629474782482448e-15,1.1670509327100256e-08,-6.629474782482448e-15,1.1889612663256996e-08
2414,1.1764006524682978e-08,-6.744423211759097e-15,1.1763993035836554e-08,-6.744423211759097e-15,1.1982799897851709e-08
2415,1.1764309940282098e-08,-6.7389276172639035e-15,1.1764296462426863e-08,-6.7389276172639035e-15,1.1982701831176338e-08
2416,1.1717149120117968e-08,-6.6697207691889576e-15,1.171713578067643e-08,-6.6697207691889576e-15,1.193588697134603e-08
2417,1.1762951967734357e-08,-6.722980990706759e-15,1.1762938521772376e-08,-6.722980990706759e-15,1.1984046380193911e-08
2418,1.1740644283746705e-08,-6.686638815051095e-15,1.1740630910469075e-08,-6.686638815051095e-15,1.1960323317176992e-08
2419,1.1759091084759563e-08,-6.7040641659751366e-15,1.175907767663123e-08,-6.7040641659751366e-15,1.1980460177144996e-08
2420,1.1739957420633508e-08,-6.669849431877249e-15,1.1739944080934645e-08,-6.669849431877249e-15,1.1961893886995074e-08
2421,1.174173734514514e-08,-6.661514773614709e-15,1.1741724022115592e-08,-6.661514773614709e-15,1.1965118947375982e-08
2422,1.1714047511928474e-08,-6.6099847531889025e-15,1.1714034291958968e-08,-6.6099847531889025e-15,1.194169188140847e-08
2423,1.1453174191774881e-08,-6.243684431125111e-15,1.145316170440602e-08,-6.243684431125111e-15,1.1700767092036845e-08
2424,1.1622315941513306e-08,-6.418587668822071e-15,1.1622303104337969e-08,-6.418587668822071e-15,1.1803535344356048e-08
2425,1.1904172482636505e-08,-6.834914158008266e-15,1.190415881280819e-08,-6.834914158008266e-15,1.2107442198896353e-08
2426,1.1824606390397127e-08,-6.794467488191992e-15,1.182459280146215e-08,-6.794467488191992e-15,1.202629591838651e-08
2427,1.1748374074021885e-08,-6.753219108323606e-15,1.1748360567583668e-08,-6.753219108323606e-15,1.1922049878174798e-08
2428,1.1713769945013861e-08,-6.717951697184568e-15,1.1713756509110466e-08,-6.717951697184568e-15,1.1957824458178636e-08
2429,1.174168779287211e-08,-6.714235355746842e-15,1.1741674364401398e-08,-6.714235355746842e-15,1.1969189765591792e-08
2430,1.1747055611932011e-08,-6.7033266994587584e-15,1.1747042205278613e-08,-6.7033266994587584e-15,1.1972273252160217e-08
2431,1.1748241126024248e-08,-6.6899635858424866e-15,1.1748227746097077e-08,-6.6899635858424866e-15,1.1974130730597976e-08
2432,1.174661978500533e-08,-6.673516877102656e-15,1.1746606437971577e-08,-6.673516877102656e-15,1.197261158720351e-08
2433,1.1740573774808926e-08,-6.6512496329357256e-15,1.174056047230966e-08,-6.6512496329357256e-15,1.1967414238460516e-08
2434,1.1722734566584095e-08,-6.6115071339391475e-15,1.1722721343569827e-08,-6.6115071339391475e-15,1.1950812762010644e-08
2435,1.1694639872583812e-08,-6.553608134073154e-15,1.1694626765367544e-08,-6.553608134073154e-15,1.1927111733331904e-08
2436,1.1581768999421782e-08,-6.3740222010321864e-15,1.158175625137738e-08,-6.3740222010321864e-15,1.1826617552086909e-08
2437,5.323812186693107e-09,-1.2684082734242422e-15,5.323809649876561e-09,-1.2684082734242422e-15,5.570972088260311e-09
2438,1.2826486500212398e-08,-7.373409243455294e-15,1.2826471753393911e-08,-7.373409243455294e-15,1.3046039865108194e-08
2439,1.2547434572419267e-08,-7.033564299620447e-15,1.2547420505290667e-08,-7.033564299620447e-15,1.2781811249477943e-08
2440,1.243086364932325e-08,-6.949778316828946e-15,1.2430849749766616e-08,-6.949778316828946e-15,1.265398580556791e-08
2441,1.2065372140010101e-08,-6.813187329741815e-15,1.2065358513635441e-08,-6.813187329741815e-15,1.195362017190266e-08
2442,1.1706362631827308e-08,-6.700082962012871e-15,1.1706349231661385e-08,-6.700082962012871e-15,1.1949758087002741e-08
2443,1.171466496691973e-08,-6.664987240368463e-15,1.171465163694525e-08,-6.664987240368463e-15,1.1937588760255057e-08
2444,1.1617947699328629e-08,-6.514168090134859e-15,1.161793467099245e-08,-6.514168090134859e-15,1.1843866649467944e-08
2445,9.596059974401031e-09,-4.210401803754328e-15,9.596051553597423e-09,-4.210401803754328e-15,9.767520397570886e-09
2446,1.184506817920072e-08,-6.78609193990477e-15,1.1845054607016841e-08,-6.78609193990477e-15,1.2056934150539542e-08
2447,1.1795494493252016e-08,-6.76256379011259e-15,1.1795480968124435e-08,-6.76256379011259e-15,1.2006885056014483e-08
2448,1.1750856295490876e-08,-6.723969367983725e-15,1.175084284755214e-08,-6.723969367983725e-15,1.194993823665744e-08
2449,1.1703938066380384e-08,-6.667584063639447e-15,1.1703924731212257e-08,-6.667584063639447e-15,1.1925235880537595e-08
2450,1.1722860567959944e-08,-6.6858942392460386e-15,1.1722847196171465e-08,-6.6858942392460386e-15,1.1951494888402147e-08
2451,1.1730522497258666e-08,-6.679847668322217e-15,1.173050913756333e-08,-6.679847668322217e-15,1.1955560080519703e-08
2452,1.1733360919515886e-08,-6.671807968246748e-15,1.173334757589995e-08,-6.671807968246748e-15,1.1958245445823812e-08
2453,1.1735273743562494e-08,-6.663633530220905e-15,1.1735260416295434e-08,-6.663633530220905e-15,1.1960356808948419e-08
2454,1.1735963824391854e-08,-6.6558501538779734e-15,1.1735950512691545e-08,-6.6558501538779734e-15,1.1961024377918708e-08
2455,1.1735918986151239e-08,-6.646649828580363e-15,1.1735905692851581e-08,-6.646649828580363e-15,1.1960548013991601e-08
2456,1.1732401697734024e-08,-6.633103347639721e-15,1.1732388431527329e-08,-6.633103347639721e-15,1.1957483450310236e-08
2457,1.1701059277171197e-08,-6.581517246173587e-15,1.1701046114136705e-08,-6.581517246173587e-15,1.1928814554718278e-08
2458,1.1575144136130226e-08,-6.4095298104696545e-15,1.1575131317070606e-08,-6.4095298104696545e-15,1.17849848444126e-08
2459,1.1744515031617473e-08,-6.63827832308709e-15,1.1744501755060826e-08,-6.63827832308709e-15,1.1965785367750622e-08
2460,1.169463567324808e-08,-6.579541554806841e-15,1.169462251416497e-08,-6.579541554806841e-15,1.1914621813090338e-08
2461,1.171912602237136e-08,-6.611248543108445e-15,1.1719112799874274e-08,-6.611248543108445e-15,1.1938107297530188e-08
2462,1.1718947280635016e-08,-6.5971496791426916e-15,1.1718934086335657e-08,-6.5971496791426916e-15,1.19529803267901e-08
2463,1.1707230399430376e-08,-6.562422379003403e-15,1.1707217274585618e-08,-6.562422379003403e-15,1.1933587175483151e-08
2464,1.1725778881623864e-08,-6.574611230051422e-15,1.1725765732401404e-08,-6.574611230051422e-15,1.195397236553128e-08
2465,1.1724588120515143e-08,-6.560816217819647e-15,1.1724574998882708e-08,-6.560816217819647e-15,1.1952651339887871e-08
2466,1.1721327246215232e-08,-6.543249473456607e-15,1.1721314159716285e-08,-6.543249473456607e-15,1.1949936166065842e-08
2467,1.1717035809438504e-08,-6.522806172989531e-15,1.1717022763826158e-08,-6.522806172989531e-15,1.1946780363357833e-08
2468,1.171036452735355e-08,-6.498706646527586e-15,1.1710351529940257e-08,-6.498706646527586e-15,1.1941587432194815e-08
2469,1.1701688904068482e-08,-6.468698929375878e-15,1.1701675966670624e-08,-6.468698929375878e-15,1.1934117526755535e-08
2470,1.1688358721480304e-08,-6.429759917637633e-15,1.168834586196047e-08,-6.429759917637633e-15,1.1923120010049752e-08
2471,1.1668431943204981e-08,-6.3780045253179305e-15,1.1668419187195931e-08,-6.3780045253179305e-15,1.1906980011444271e-08
2472,1.1638106076698845e-08,-6.306175328264451e-15,1.163809346434819e-08,-6.306175328264451e-15,1.1881069796714867e-08
2473,1.1551555519674629e-08,-6.15484574279769e-15,1.1551543209983143e-08,-6.15484574279769e-15,1.18007630117504e-08
2474,1.1313824931192931e-08,-5.810096202531384e-15,1.1313813311000526e-08,-5.810096202531384e-15,1.1570491331895879e-08
2475,1.1233876415701392e-08,-5.632804234636061e-15,1.1233865150092923e-08,-5.632804234636061e-15,1.1526825708775035e-08
2476,1.028116302504521e-08,-4.472177901998882e-15,1.0281154080689405e-08,-4.472177901998882e-15,1.065656288387752e-08
2477,1.1917366221781267e-09,-1.3830738082694598e-16,1.191736345563365e-09,-1.3830738082694598e-16,1.327516783427452e-09
2478,1.5781618490313018e-08,-9.088028026353788e-15,1.5781600314256966e-08,-9.088028026353788e-15,1.6142548827195312e-08
2479,1.5022257485427713e-08,-8.335295660129143e-15,1.5022240814836392e-08,-8.335295660129143e-15,1.5384420744333907e-08
2480,1.4306230233578057e-08,-7.869150840032664e-15,1.4306214495276377e-08,-7.869150840032664e-15,1.4534751511351581e-08
2481,1.2819420411956554e-08,-7.340821895605799e-15,1.2819405730312762e-08,-7.340821895605799e-15,1.1881388300718198e-08
2482,1.155574817556259e-08,-6.929810997292425e-15,1.1555734315940595e-08,-6.929810997292425e-15,1.1848779143061193e-08
2483,1.164434300786657e-08,-6.905526202944998e-15,1.1644329196814164e-08,-6.905526202944998e-15,1.188177360531846e-08
2484,1.164727014094582e-08,-6.851468776332908e-15,1.1647256438008267e-08,-6.851468776332908e-15,1.186146581692451e-08
2485,1.1657303548943217e-08,-6.832453243237574e-15,1.165728988403673e-08,-6.832453243237574e-15,1.1892052270930532e-08
2486,1.1670945749870349e-08,-6.814940628199691e-15,1.1670932119989091e-08,-6.814940628199691e-15,1.191137017182848e-08
2487,1.1685576325478402e-08,-6.799172417094274e-15,1.1685562727133568e-08,-6.799172417094274e-15,1.1921618302762919e-08
2488,1.1640429750378952e-08,-6.711298264292175e-15,1.1640416327782423e-08,-6.711298264292175e-15,1.1873058971192698e-08
2489,1.1701550207797549e-08,-6.772082947180918e-15,1.1701536663631655e-08,-6.772082947180918e-15,1.1933942717928135e-08
2490,1.1707678412524143e-08,-6.762369195357148e-15,1.1707664887785752e-08,-6.762369195357148e-15,1.1938641051817197e-08
2491,1.1712231678301786e-08,-6.751931908562441e-15,1.1712218174437968e-08,-6.751931908562441e-15,1.1942091325629637e-08
2492,1.1715839747238666e-08,-6.742684326596963e-15,1.1715826261870013e-08,-6.742684326596963e-15,1.194600191928644e-08
2493,1.17196349177406e-08,-6.734893655484483e-15,1.171962144795329e-08,-6.734893655484483e-15,1.1948202508462368e-08
2494,1.1721691948378068e-08,-6.7268389838372266e-15,1.17216784947001e-08,-6.7268389838372266e-15,1.1949842955553697e-08
2495,1.1677545993752945e-08,-6.6587072551277104e-15,1.1677532676338434e-08,-6.6587072551277104e-15,1.1904251809037044e-08
2496,1.1723372501819491e-08,-6.711360779248693e-15,1.1723359079097932e-08,-6.711360779248693e-15,1.1950937079963658e-08
2497,1.1724464000346705e-08,-6.705041827348965e-15,1.172445059026305e-08,-6.705041827348965e-15,1.1951889676445008e-08
2498,1.172507951216761e-08,-6.69723558860314e-15,1.1725066117696433e-08,-6.69723558860314e-15,1.1952446571064473e-08
2499,1.172538000715907e-08,-6.689669937722354e-15,1.1725366627819196e-08,-6.689669937722354e-15,1.1953830197465262e-08
2500,1.1726139891608145e-08,-6.682255047797346e-15,1.1726126527098049e-08,-6.682255047797346e-15,1.195374430748494e-08
2501,1.1724918803564194e-08,-6.672882551763474e-15,1.172490545779909e-08,-6.672882551763474e-15,1.1952780137424209e-08
2502,1.172041732030912e-08,-6.6589317680234885e-15,1.1720404002445584e-08,-6.6589317680234885e-15,1.1949307064398974e-08
2503,1.1695920258136264e-08,-6.616528687954368e-15,1.1695907025078888e-08,-6.616528687954368e-15,1.1926442432923614e-08
2504,1.0752698393792733e-08,-5.450243928335745e-15,1.0752687493304876e-08,-5.450243928335745e-15,1.094134695357368e-08
2505,1.1720424190433097e-08,-6.665234621618603e-15,1.1720410859963853e-08,-6.665234621618603e-15,1.1943110414393984e-08
2506,1.1697349436939743e-08,-6.655398147190083e-15,1.1697336126143449e-08,-6.655398147190083e-15,1.1920403051129474e-08
2507,1.1690212977528874e-08,-6.640069992366039e-15,1.1690199697388889e-08,-6.640069992366039e-15,1.1910444275019764e-08
2508,1.16965565653834e-08,-6.623441449200815e-15,1.16965433185005e-08,-6.623441449200815e-15,1.1941055088942685e-08
2509,1.1714260233713672e-08,-6.6231365616590695e-15,1.1714246987440549e-08,-6.6231365616590695e-15,1.1945307942525034e-08
2510,1.1715977037396203e-08,-6.614225610978713e-15,1.1715963808944981e-08,-6.614225610978713e-15,1.1946329434251998e-08
2511,1.1715813656754088e-08,-6.603371123666229e-15,1.1715800450011841e-08,-6.603371123666229e-15,1.194660824725028e-08
2512,1.1714482798471708e-08,-6.590743607694589e-15,1.1714469616984492e-08,-6.590743607694589e-15,1.1945236170878463e-08
2513,1.1711152454371833e-08,-6.576193461453885e-15,1.171113930198491e-08,-6.576193461453885e-15,1.1942705618835068e-08
2514,1.17068026805732e-08,-6.558248530425595e-15,1.170678956407614e-08,-6.558248530425595e-15,1.1938749574483708e-08
2515,1.169876634696808e-08,-6.533928567188832e-15,1.1698753279110947e-08,-6.533928567188832e-15,1.1932031865308e-08
2516,1.16846197215852e-08,-6.499759712933783e-15,1.1684606722065775e-08,-6.499759712933783e-15,1.1920446538195781e-08
2517,1.1654100034547786e-08,-6.438778314690611e-15,1.1654087156991157e-08,-6.438778314690611e-15,1.189283493672069e-08
2518,1.1597447834271575e-08,-6.336373028480979e-15,1.1597435161525518e-08,-6.336373028480979e-15,1.1843779557946714e-08
2519,1.1356047629357586e-08,-5.98515192283889e-15,1.135603565905374e-08,-5.98515192283889e-15,1.1625497867705142e-08
2520,3.0619317211880553e-09,-5.141521931641316e-16,3.061930692883669e-09,-5.141521931641316e-16,3.2183744661263452e-09
2521,1.3015913382437785e-08,-7.380361658039127e-15,1.301589862171447e-08,-7.380361658039127e-15,1.3240948218487441e-08
2522,1.2706308780280366e-08,-7.056073272491643e-15,1.2706294668133821e-08,-7.056073272491643e-15,1.2945328106577464e-08
2523,1.2518500255888591e-08,-6.904292276422289e-15,1.2518486447304038e-08,-6.904292276422289e-15,1.2731038697639148e-08
2524,1.2063598871055342e-08,-6.725321007129612e-15,1.2063585420413327e-08,-6.725321007129612e-15,1.1902159618682289e-08
2525,1.1648079152006476e-08,-6.6027464348042656e-15,1.1648065946513607e-08,-6.6027464348042656e-15,1.1900825821034794e-08
2526,1.1675487820686755e-08,-6.5861981551040176e-15,1.1675474648290445e-08,-6.5861981551040176e-15,1.1903067778983926e-08
2527,1.1528958160548263e-08,-6.3776893476924255e-15,1.1528945405169567e-08,-6.3776893476924255e-15,1.1745602598600188e-08
2528,1.1652840150382715e-08,-6.524096763537699e-15,1.1652827102189188e-08,-6.524096763537699e-15,1.188644603078707e-08
2529,1.1645587109115093e-08,-6.494240879633405e-15,1.1645574120633334e-08,-6.494240879633405e-15,1.1884275392704015e-08
2530,1.1634720278602212e-08,-6.45226139960425e-15,1.1634707374079413e-08,-6.45226139960425e-15,1.1874832668779606e-08
2531,1.159992271623827e-08,-6.374590070379861e-15,1.1599909967058128e-08,-6.374590070379861e-15,1.184440986658702e-08
2532,1.1567604466032246e-08,-6.295333918035122e-15,1.156759187536441e-08,-6.295333918035122e-15,1.1817137438763512e-08
2533,1.1417933273832585e-08,-6.057064339925991e-15,1.1417921159703904e-08,-6.057064339925991e-15,1.1680739392826837e-08
2534,1.0763089322680558e-08,-5.204535510670078e-15,1.0763078913609537e-08,-5.204535510670078e-15,1.1073679954508007e-08
2535,2.457813907940688e-09,-3.6430702987688774e-16,2.457813179326628e-09,-3.6430702987688774e-16,2.6162619085284158e-09
2536,1.3643469072601261e-08,-7.727584355996422e-15,1.364345361743255e-08,-7.727584355996422e-15,1.3883859469151413e-08
2537,1.3225311751037956e-08,-7.305145198459834e-15,1.322529714074756e-08,-7.305145198459834e-15,1.347419144875613e-08
2538,1.290876869338981e-08,-7.0946567674869035e-15,1.2908754504076274e-08,-7.0946567674869035e-15,1.3083692362937193e-08
2539,1.2215051322489594e-08,-6.845092216735964e-15,1.2215037632305161e-08,-6.845092216735964e-15,1.188707259614921e-08
2540,1.1618160573959681e-08,-6.66805937770318e-15,1.1618147237840926e-08,-6.66805937770318e-15,1.1874169124539653e-08
2541,1.1654458042709193e-08,-6.65352745860657e-15,1.1654444735654276e-08,-6.65352745860657e-15,1.1878860697980738e-08
2542,1.1652491394607272e-08,-6.631131958311758e-15,1.1652478132343355e-08,-6.631131958311758e-15,1.1868970309092621e-08
2543,1.1618529831633574e-08,-6.572643978310642e-15,1.1618516686345617e-08,-6.572643978310642e-15,1.1848868430204733e-08
2544,1.1519442363497592e-08,-6.426589108434327e-15,1.1519429510319376e-08,-6.426589108434327e-15,1.1751243457655948e-08
2545,1.1650128809740278e-08,-6.579787533345504e-15,1.1650115650165211e-08,-6.579787533345504e-15,1.1884072077652107e-08
2546,1.1654630958716065e-08,-6.570912395378728e-15,1.1654617816891274e-08,-6.570912395378728e-15,1.1888080177752922e-08
2547,1.165755020015439e-08,-6.558707802573858e-15,1.1657537082738784e-08,-6.558707802573858e-15,1.1891371789410223e-08
2548,1.1662017899860505e-08,-6.548589339848972e-15,1.1662004802681826e-08,-6.548589339848972e-15,1.18963593917719e-08
2549,1.1665159061339095e-08,-6.539371589660205e-15,1.1665145982595916e-08,-6.539371589660205e-15,1.1897683138051723e-08
2550,1.1620592220269346e-08,-6.470060581110532e-15,1.1620579280148183e-08,-6.470060581110532e-15,1.1851276391483646e-08
2551,1.1665317817772924e-08,-6.5188011058135695e-15,1.1665304780170712e-08,-6.5188011058135695e-15,1.1897982463806488e-08
2552,1.1665432575763884e-08,-6.508712246129914e-15,1.1665419558339391e-08,-6.508712246129914e-15,1.1897568878001548e-08
2553,1.1390808570475551e-08,-6.149498660642565e-15,1.1390796271478229e-08,-6.149498660642565e-15,1.1613096708669876e-08
2554,1.1656393844844298e-08,-6.482071337630579e-15,1.1656380880701622e-08,-6.482071337630579e-15,1.188949176223108e-08
2555,1.1656897357302801e-08,-6.475847146116997e-15,1.1656884405608509e-08,-6.475847146116997e-15,1.1889196179109297e-08
2556,1.165550407975501e-08,-6.4604480452529836e-15,1.165549115885892e-08,-6.4604480452529836e-15,1.1888132919472998e-08
2557,1.1656466767207608e-08,-6.4448077980113806e-15,1.1656453877592012e-08,-6.4448077980113806e-15,1.1894200347230674e-08
2558,1.165881814961301e-08,-6.43295558979682e-15,1.165880528370183e-08,-6.43295558979682e-15,1.18930639986499e-08
2559,1.165593183678819e-08,-6.416195811417167e-15,1.1655919004396567e-08,-6.416195811417167e-15,1.1890844383438776e-08
2560,1.1651751477060674e-08,-6.396421654557593e-15,1.1651738684217366e-08,-6.396421654557593e-15,1.1887544444040135e-08
2561,1.1645752489958857e-08,-6.373819415089262e-15,1.1645739742320028e-08,-6.373819415089262e-15,1.1882967161700303e-08
2562,1.1638081320879424e-08,-6.346164130175563e-15,1.1638068628551165e-08,-6.346164130175563e-15,1.1876135106399183e-08
2563,1.1622552122856134e-08,-6.306334719219576e-15,1.1622539510186696e-08,-6.306334719219576e-15,1.1862377029152553e-08
2564,1.1235511992329983e-08,-5.811026083251924e-15,1.1235500370277817e-08,-5.811026083251924e-15,1.1464490735345932e-08
2565,1.1564417870755274e-08,-6.1897060269426955e-15,1.156440549134322e-08,-6.1897060269426955e-15,1.1810700296441995e-08
2566,1.150722667908e-08,-6.0863001298377916e-15,1.150721450647974e-08,-6.0863001298377916e-15,1.1760875592473952e-08
2567,1.137580209058953e-08,-5.866943469347687e-15,1.1375790356702592e-08,-5.866943469347687e-15,1.1644135298658192e-08
2568,1.0896124156009698e-08,-5.2195064490971204e-15,1.08961137169968e-08,-5.2195064490971204e-15,1.1211028818786479e-08
2569,2.070532194663886e-09,-2.8301056688676594e-16,2.0705316286427524e-09,-2.8301056688676594e-16,2.214833060588706e-09
2570,1.365799621709185e-08,-7.499427666888463e-15,1.3657981218236516e-08,-7.499427666888463e-15,1.3862972279198415e-08
2571,1.337561472298428e-08,-7.352458348031166e-15,1.3375600018067583e-08,-7.352458348031166e-15,1.3612162081370993e-08
2572,1.2953570813892088e-08,-7.0665098177392025e-15,1.2953556680872453e-08,-7.0665098177392025e-15,1.3136637095459292e-08
2573,1.2154626533985209e-08,-6.7570619642907634e-15,1.2154613019861281e-08,-6.7570619642907634e-15,1.175505150315542e-08
2574,1.1494195877625289e-08,-6.537566546295152e-15,1.1494182802492197e-08,-6.537566546295152e-15,1.1785057365476457e-08
2575,1.1570792116657597e-08,-6.5203645897591656e-15,1.1570779075928418e-08,-6.5203645897591656e-15,1.1813143504588656e-08
2576,1.1585037574391656e-08,-6.4913035651931705e-15,1.1585024591784525e-08,-6.4913035651931705e-15,1.1811750167621552e-08
2577,1.1584953622336872e-08,-6.460079402723513e-15,1.1584940702178066e-08,-6.460079402723513e-15,1.1826908486459048e-08
2578,1.1573661819679445e-08,-6.412833880575736e-15,1.1573648994011684e-08,-6.412833880575736e-15,1.1819245769177795e-08
2579,1.1600858036054811e-08,-6.415860440423737e-15,1.1600845204333931e-08,-6.415860440423737e-15,1.1843537274391962e-08
2580,1.1606583803346543e-08,-6.3963869521259316e-15,1.1606571010572639e-08,-6.3963869521259316e-15,1.1848232137784989e-08
2581,1.1610080448206599e-08,-6.3761377961876284e-15,1.1610067695931007e-08,-6.3761377961876284e-15,1.1851026636359508e-08
2582,1.1611862785159602e-08,-6.356064810170359e-15,1.1611850073029981e-08,-6.356064810170359e-15,1.1853011954085701e-08
2583,1.1613299346410694e-08,-6.3357340902180484e-15,1.1613286674942514e-08,-6.3357340902180484e-15,1.1853483943460097e-08
2584,1.1612978251904717e-08,-6.314245566001319e-15,1.1612965623413586e-08,-6.314245566001319e-15,1.1853198655507646e-08
2585,1.1611398770105865e-08,-6.291500741235258e-15,1.1611386187104383e-08,-6.291500741235258e-15,1.1852359358380932e-08
2586,1.1609657486491895e-08,-6.2680043577985946e-15,1.1609644950483179e-08,-6.2680043577985946e-15,1.1850555309777795e-08
2587,1.1606268551259727e-08,-6.241836314045192e-15,1.1606256067587099e-08,-6.241836314045192e-15,1.1847803181811976e-08
2588,1.16016291266566e-08,-6.212905577697782e-15,1.1601616700845444e-08,-6.212905577697782e-15,1.1844035521150944e-08
2589,1.1581668258239228e-08,-6.1645903015133525e-15,1.1581655929058625e-08,-6.1645903015133525e-15,1.1825219684285452e-08
2590,1.1576841211913142e-08,-6.132316008680168e-15,1.1576828947281124e-08,-6.132316008680168e-15,1.1821426478749898e-08
2591,1.1575976765095124e-08,-6.102696395593439e-15,1.1575964559702332e-08,-6.102696395593439e-15,1.1822837708594002e-08
2592,1.1561095774587692e-08,-6.053176167667486e-15,1.1561083668235357e-08,-6.053176167667486e-15,1.1810925828386218e-08
2593,1.1392855358231108e-08,-5.815601129773053e-15,1.1392843727028849e-08,-5.815601129773053e-15,1.1639161673658598e-08
2594,1.150744043273627e-08,-5.913167241861079e-15,1.1507428606401787e-08,-5.913167241861079e-15,1.1764023989961921e-08
2595,1.1466839326790982e-08,-5.8180157702414504e-15,1.146682769075944e-08,-5.8180157702414504e-15,1.1730070648158441e-08
2596,1.1399145678537355e-08,-5.6758163711747305e-15,1.1399134326904612e-08,-5.6758163711747305e-15,1.1671119109776701e-08
2597,1.1280572656067946e-08,-5.458695301290778e-15,1.1280561738677344e-08,-5.458695301290778e-15,1.1570529921459165e-08
2598,1.10230946273163e-08,-5.0709535746365294e-15,1.1023084485409152e-08,-5.0709535746365294e-15,1.1338471239527295e-08
2599,1.0252232121972062e-08,-4.162665272427593e-15,1.0252223796641518e-08,-4.162665272427593e-15,1.062891141681959e-08
2600,2.946617386907601e-09,-4.0800791705608724e-16,2.946616570891767e-09,-4.0800791705608724e-16,3.2079542002891385e-09
2601,5.618005849582786e-09,-9.722842815422121e-16,5.618003905014223e-09,-9.722842815422121e-16,6.007242144671412e-09
2602,1.6166421706707648e-08,-8.610881209935521e-15,1.616640448494523e-08,-8.610881209935521e-15,1.6461032666704726e-08
2603,1.521722124703783e-08,-7.830307363428634e-15,1.5217205586423103e-08,-7.830307363428634e-15,1.543323776612372e-08
2604,1.3813544278240102e-08,-7.231051719324741e-15,1.3813529816136664e-08,-7.231051719324741e-15,1.3247105618800153e-08
2605,1.210653343290388e-08,-6.656095744353556e-15,1.2106520120712392e-08,-6.656095744353556e-15,1.1675330149048892e-08
2606,1.1383843238154886e-08,-6.362433926222335e-15,1.1383830513287034e-08,-6.362433926222335e-15,1.1669972665717562e-08
2607,1.1344793847684169e-08,-6.171426070993372e-15,1.1344781504832027e-08,-6.171426070993372e-15,1.15807769563471e-08
2608,1.1425965656578373e-08,-6.1973541850889224e-15,1.1425953261870002e-08,-6.1973541850889224e-15,1.1668973148867873e-08
2609,1.1401461692375665e-08,-6.095675064718864e-15,1.1401449501025535e-08,-6.095675064718864e-15,1.1669159074271816e-08
2610,1.1343218846291179e-08,-5.942975469277404e-15,1.134320696034024e-08,-5.942975469277404e-15,1.1613643036449586e-08
2611,1.1406949111876761e-08,-5.939578481450879e-15,1.1406937232719798e-08,-5.939578481450879e-15,1.1681141014022749e-08
2612,1.1393723671177154e-08,-5.844863784010905e-15,1.1393711981449585e-08,-5.844863784010905e-15,1.1669166923535152e-08
2613,1.1369533664843918e-08,-5.7349603696639274e-15,1.1369522194923179e-08,-5.7349603696639274e-15,1.1649309112513783e-08
2614,1.1334310954673559e-08,-5.606106940458637e-15,1.1334299742459678e-08,-5.606106940458637e-15,1.1619957925224102e-08
2615,1.128323712991167e-08,-5.453826419279758e-15,1.1283226222258832e-08,-5.453826419279758e-15,1.1575433524990531e-08
2616,1.1202347638413373e-08,-5.260147180369343e-15,1.1202337118119012e-08,-5.260147180369343e-15,1.1506226470287131e-08
2617,1.1044907986926986e-08,-4.9736844618155144e-15,1.1044898039558061e-08,-4.9736844618155144e-15,1.1362067101570496e-08
2618,1.0887192220540357e-08,-4.674624366444422e-15,1.0887182871291624e-08,-4.674624366444422e-15,1.1230243160222411e-08
2619,1.0572047395132284e-08,-4.208966046377394e-15,1.0572038977200192e-08,-4.208966046377394e-15,1.095062852267873e-08
2620,9.99684001973761e-09,-3.5231806327610464e-15,9.996832973376345e-09,-3.5231806327610464e-15,1.0429596418563513e-08
2621,8.809007259540709e-09,-2.4786037329319757e-15,8.809002302333244e-09,-2.4786037329319757e-15,9.316640403221789e-09
2622,5.950589840784871e-09,-1.0156838806796008e-15,5.95058780941711e-09,-1.0156838806796008e-15,6.480833131538905e-09
2623,6.077216835369756e-10,-4.393709002882071e-17,6.077215956627955e-10,-4.393709002882071e-17,6.954785760761801e-10
2624,3.1694363807699556e-09,-2.5531842622942765e-16,3.169435870133103e-09,-2.5531842622942765e-16,3.6244282169117398e-09
2625,1.8493890365751124e-08,-6.39847075411131e-15,1.8493877568809617e-08,-6.39847075411131e-15,1.9599820566416718e-08
2626,2.1279342689468876e-08,-9.871823263439982e-15,2.127932294582235e-08,-9.871823263439982e-15,2.157862946640307e-08
2627,1.8884879350245852e-08,-9.678590839027929e-15,1.8884859993064175e-08,-9.678590839027929e-15,1.7758832892438525e-08
2628,1.4840589209921496e-08,-8.558810493889865e-15,1.4840572092300508e-08,-8.558810493889865e-15,1.3110883519579468e-08
2629,1.2097912624538566e-08,-7.71780413034038e-15,1.2097897188930306e-08,-7.71780413034038e-15,1.1855258985400579e-08
2630,1.1477075788501862e-08,-7.435649336877545e-15,1.1477060917203188e-08,-7.435649336877545e-15,1.1658236979718327e-08
2631,1.1397243551495788e-08,-7.327431254512034e-15,1.1397228896633279e-08,-7.327431254512034e-15,1.1649553239755546e-08
2632,1.1405716003074235e-08,-7.257511629522755e-15,1.1405701488050976e-08,-7.257511629522755e-15,1.1665498771361069e-08
2633,1.1424359415381381e-08,-7.198972719399676e-15,1.1424345017435943e-08,-7.198972719399676e-15,1.1684616960109507e-08
2634,1.144460756942485e-08,-7.14923753859261e-15,1.1444593270949773e-08,-7.14923753859261e-15,1.1702794331726133e-08
2635,1.14633299551065e-08,-7.105854416242535e-15,1.1463315743397668e-08,-7.105854416242535e-15,1.1718472367424482e-08
2636,1.1479553453826157e-08,-7.067604951528832e-15,1.1479539318616254e-08,-7.067604951528832e-15,1.173173645271474e-08
2637,1.1493138372757477e-08,-7.033751608768795e-15,1.1493124305254259e-08,-7.033751608768795e-15,1.1742846767008602e-08
2638,1.1504909039011062e-08,-7.0034822175043056e-15,1.1504895032046627e-08,-7.0034822175043056e-15,1.1752222195887805e-08
2639,1.151476303739026e-08,-6.976182315876447e-15,1.1514749085025627e-08,-6.976182315876447e-15,1.1760167455428029e-08
2640,1.152309601612442e-08,-6.951550951666622e-15,1.1523082113022516e-08,-6.951550951666622e-15,1.1767081516405968e-08
2641,1.1530001985960926e-08,-6.928791527303362e-15,1.1529988128377871e-08,-6.928791527303362e-15,1.1772455129160303e-08
2642,1.1536243051644864e-08,-6.90835607573869e-15,1.1536229234932713e-08,-6.90835607573869e-15,1.1777529008675608e-08
2643,1.1540916992723877e-08,-6.888422706357144e-15,1.1540903215878464e-08,-6.888422706357144e-15,1.178129238798474e-08
2644,1.1544483148051426e-08,-6.8697991895147005e-15,1.1544469408453046e-08,-6.8697991895147005e-15,1.1784356513092022e-08
2645,1.1359521025477906e-08,-6.593447898491278e-15,1.1359507838582108e-08,-6.593447898491278e-15,1.1592431778002e-08
2646,1.154204863188058e-08,-6.826660016679587e-15,1.1542034978560547e-08,-6.826660016679587e-15,1.1780112676928141e-08
2647,1.155008910603392e-08,-6.821300152414135e-15,1.1550075463433614e-08,-6.821300152414135e-15,1.1788171844032678e-08
2648,1.1552357173432826e-08,-6.805489646387154e-15,1.1552343562453533e-08,-6.805489646387154e-15,1.1789847300025194e-08
2649,1.1554942507387547e-08,-6.78950190089642e-15,1.1554928928383745e-08,-6.78950190089642e-15,1.1794043090997939e-08
2650,1.1557045509011875e-08,-6.774702295292276e-15,1.1557031959607284e-08,-6.774702295292276e-15,1.1794589913344292e-08
2651,1.1555844654865655e-08,-6.7575433385128725e-15,1.1555831139778978e-08,-6.7575433385128725e-15,1.1793798081766878e-08
2652,1.1553123632615767e-08,-6.737352067052468e-15,1.1553110157911632e-08,-6.737352067052468e-15,1.1791151680084846e-08
2653,1.1545629312546509e-08,-6.710069207562208e-15,1.1545615892408095e-08,-6.710069207562208e-15,1.1784468173999126e-08
2654,1.1526875057147926e-08,-6.665525796308704e-15,1.1526861726096334e-08,-6.665525796308704e-15,1.1767862728155882e-08
2655,1.146614637654921e-08,-6.558837307417792e-15,1.1466133258874594e-08,-6.558837307417792e-15,1.171153291322669e-08
2656,8.76456551795697e-09,-3.554630047202746e-15,8.764558408696875e-09,-3.554630047202746e-15,8.979664960839576e-09
2657,8.801108995253182e-09,-3.540470722322703e-15,8.801101914311737e-09,-3.540470722322703e-15,8.954360431549897e-09
2658,1.1755348193225752e-08,-6.855282548540051e-15,1.1755334482660654e-08,-6.855282548540051e-15,1.1969597949522304e-08
2659,1.1674800347625196e-08,-6.816029543086208e-15,1.167478671556611e-08,-6.816029543086208e-15,1.1885676609558796e-08
2660,1.1574035077940279e-08,-6.7499346068323e-15,1.1574021578071065e-08,-6.7499346068323e-15,1.1740548616282183e-08
2661,1.1508011577497013e-08,-6.706553195866828e-15,1.1507998164390621e-08,-6.706553195866828e-15,1.1754873037972005e-08
2662,1.1528592531341903e-08,-6.7061389318325846e-15,1.1528579119064038e-08,-6.7061389318325846e-15,1.1770496109519442e-08
2663,1.153971200003748e-08,-6.698725439010774e-15,1.1539698602586601e-08,-6.698725439010774e-15,1.1777006987188187e-08
2664,1.1544896047343454e-08,-6.690378675843767e-15,1.1544882666586103e-08,-6.690378675843767e-15,1.178240694295344e-08
2665,1.1548185596882093e-08,-6.682572106795397e-15,1.154817223173788e-08,-6.682572106795397e-15,1.1785577220726871e-08
2666,1.1460726191543135e-08,-6.553976811066621e-15,1.1460713083589513e-08,-6.553976811066621e-15,1.1693787301943245e-08
2667,1.1551641318799805e-08,-6.668353936101977e-15,1.1551627982091932e-08,-6.668353936101977e-15,1.1787179563526529e-08
2668,1.1553765533379386e-08,-6.664826848633625e-15,1.1553752203725688e-08,-6.664826848633625e-15,1.178939394920813e-08
2669,1.1555571212917836e-08,-6.658743377998755e-15,1.155555789543108e-08,-6.658743377998755e-15,1.1790619011992467e-08
2670,1.1557496495247545e-08,-6.6528707540463e-15,1.1557483189506037e-08,-6.6528707540463e-15,1.1793501938096769e-08
2671,1.1559038615365707e-08,-6.6479639220586084e-15,1.1559025319437864e-08,-6.6479639220586084e-15,1.17944256126773e-08
2672,1.1560144578749193e-08,-6.6432890347548545e-15,1.1560131292171124e-08,-6.6432890347548545e-15,1.1795127291983928e-08
2673,1.1560686988806537e-08,-6.638124665852474e-15,1.1560673712557206e-08,-6.638124665852474e-15,1.1795685360209937e-08
2674,1.1560988248076637e-08,-6.632705825053475e-15,1.1560974982664986e-08,-6.632705825053475e-15,1.1795982257675236e-08
2675,1.155884324602413e-08,-6.624961756038599e-15,1.1558829996100618e-08,-6.624961756038599e-15,1.1794185288043054e-08
2676,1.1229855637870538e-08,-6.189729299418825e-15,1.122984325841194e-08,-6.189729299418825e-15,1.1453627072873073e-08
2677,1.1549628795484123e-08,-6.608561718287258e-15,1.1549615578360686e-08,-6.608561718287258e-15,1.1784265724161036e-08
2678,1.1552011581856626e-08,-6.6114523771127006e-15,1.1551998358951871e-08,-6.6114523771127006e-15,1.178724823568756e-08
2679,1.1552317519433523e-08,-6.603783919063871e-15,1.1552304311865685e-08,-6.603783919063871e-15,1.1787317011729247e-08
2680,1.1555279848343704e-08,-6.5964140011939405e-15,1.1555266655515701e-08,-6.5964140011939405e-15,1.1794620189247935e-08
2681,1.1558910465947053e-08,-6.5926691435283934e-15,1.1558897280608765e-08,-6.5926691435283934e-15,1.1794888815553712e-08
2682,1.1557576279217352e-08,-6.585683905260096e-15,1.1557563107849542e-08,-6.585683905260096e-15,1.1794213008992575e-08
2683,1.1555957385741084e-08,-6.576937694065088e-15,1.1555944231865697e-08,-6.576937694065088e-15,1.1792584432480352e-08
2684,1.155159610209805e-08,-6.5642362947536926e-15,1.155158297362546e-08,-6.5642362947536926e-15,1.1788687387943876e-08
2685,1.153945357263159e-08,-6.5402216830328445e-15,1.1539440492188224e-08,-6.5402216830328445e-15,1.1778019592026372e-08
2686,1.1464809854158816e-08,-6.430213265816449e-15,1.1464796993732284e-08,-6.430213265816449e-15,1.1705712504358443e-08
2687,7.722044839126916e-09,-2.6942732577411466e-15,7.722039450580401e-09,-2.6942732577411466e-15,7.853927967977903e-09
2688,1.1527552976771561e-08,-6.548690786796369e-15,1.1527539879389987e-08,-6.548690786796369e-15,1.174840829170272e-08
2689,1.1518676334623537e-08,-6.59635819795942e-15,1.1518663141907141e-08,-6.59635819795942e-15,1.1743497268298931e-08
2690,1.1489992034458306e-08,-6.557552952221395e-15,1.1489978919352402e-08,-6.557552952221395e-15,1.1710107734265585e-08
2691,1.1493487469239101e-08,-6.528543378397062e-15,1.1493474412152343e-08,-6.528543378397062e-15,1.1752554643439188e-08
2692,1.1524146028794154e-08,-6.5393182105296304e-15,1.1524132950157733e-08,-6.5393182105296304e-15,1.1768331762932682e-08
2693,1.153411806101353e-08,-6.536524122617459e-15,1.1534104987965286e-08,-6.536524122617459e-15,1.1773786943336558e-08
2694,1.1538128209606907e-08,-6.531390073841255e-15,1.153811514682676e-08,-6.531390073841255e-15,1.1777541183853088e-08
2695,1.1540900823913628e-08,-6.52619770462264e-15,1.1540887771518219e-08,-6.52619770462264e-15,1.1779457760435694e-08
2696,1.1542236681870267e-08,-6.5215911285431776e-15,1.154222363868801e-08,-6.5215911285431776e-15,1.1780533731637988e-08
2697,1.1543519412128984e-08,-6.516729247287347e-15,1.154350637867049e-08,-6.516729247287347e-15,1.1781208130527248e-08
2698,1.1544021158325288e-08,-6.511553186915729e-15,1.1544008135218915e-08,-6.511553186915729e-15,1.1781657872641004e-08
2699,1.1543868159346617e-08,-6.505975359711269e-15,1.1543855147395898e-08,-6.505975359711269e-15,1.1781958082887803e-08
2700,1.1544397862179332e-08,-6.501138934066976e-15,1.1544384859901465e-08,-6.501138934066976e-15,1.1782138662231195e-08
2701,1.1544419888682438e-08,-6.4956939247171576e-15,1.1544406897294588e-08,-6.4956939247171576e-15,1.1782263576950795e-08
2702,1.1544339765639594e-08,-6.489956273268597e-15,1.1544326785727047e-08,-6.489956273268597e-15,1.1782315847125001e-08
2703,1.154000785617845e-08,-6.479453222188956e-15,1.1539994897272006e-08,-6.479453222188956e-15,1.1778437629488025e-08
2704,1.1538058579088988e-08,-6.471065808430214e-15,1.1538045636957371e-08,-6.471065808430214e-15,1.1776135626571297e-08
2705,1.1543322283930883e-08,-6.472279674317248e-15,1.1543309339371535e-08,-6.472279674317248e-15,1.1781783528395135e-08
2706,1.1542536563892525e-08,-6.466171148684701e-15,1.1542523631550227e-08,-6.466171148684701e-15,1.1781644210759856e-08
2707,1.1542479789491239e-08,-6.459635757280548e-15,1.1542466870219724e-08,-6.459635757280548e-15,1.1781399102257531e-08
2708,1.1518166178330743e-08,-6.421791279030012e-15,1.1518153334748185e-08,-6.421791279030012e-15,1.1756447557154185e-08
2709,1.153181023177249e-08,-6.433927542798055e-15,1.1531797363917404e-08,-6.433927542798055e-15,1.1771229259811389e-08
2710,1.1540092700660534e-08,-6.438692605236519e-15,1.1540079823275324e-08,-6.438692605236519e-15,1.177961193725587e-08
2711,1.1539461412475928e-08,-6.430998370556251e-15,1.1539448550479187e-08,-6.430998370556251e-15,1.1779232417364467e-08
2712,1.1538985454011921e-08,-6.422579619196685e-15,1.1538972608852683e-08,-6.422579619196685e-15,1.1779380507167531e-08
2713,1.1538000224188282e-08,-6.414230971928483e-15,1.1537987395726338e-08,-6.414230971928483e-15,1.1778982912894697e-08
2714,1.1537823554071525e-08,-6.405852076828016e-15,1.1537810742367372e-08,-6.405852076828016e-15,1.177852885121681e-08
2715,1.1536535564884358e-08,-6.396124362907803e-15,1.1536522772635632e-08,-6.396124362907803e-15,1.1777586850171937e-08
2716,1.153506702252819e-08,-6.386016032460975e-15,1.1535054250496125e-08,-6.386016032460975e-15,1.1776915805398864e-08
2717,1.1534279009906334e-08,-6.376105124583765e-15,1.1534266257696084e-08,-6.376105124583765e-15,1.177599629340386e-08
2718,1.1532719445343852e-08,-6.3647823595423475e-15,1.1532706715779133e-08,-6.3647823595423475e-15,1.1774841473369675e-08
2719,1.153101547505525e-08,-6.352590373307386e-15,1.1531002769874502e-08,-6.352590373307386e-15,1.1773529961985869e-08
2720,1.1528691316671492e-08,-6.339935689942251e-15,1.1528678636800113e-08,-6.339935689942251e-15,1.1772144004613515e-08
2721,1.1526993606079803e-08,-6.326353314498911e-15,1.1526980953373174e-08,-6.326353314498911e-15,1.1770462674328489e-08
2722,1.152424741471685e-08,-6.311099868487297e-15,1.1524234792517114e-08,-6.311099868487297e-15,1.1768252456480416e-08
2723,1.1515809262218996e-08,-6.288093600375141e-15,1.1515796686031795e-08,-6.288093600375141e-15,1.1760731922704613e-08
2724,1.1389737568172613e-08,-6.116780759110967e-15,1.1389725334611095e-08,-6.116780759110967e-15,1.1630067223827848e-08
2725,1.150797216894661e-08,-6.2535024400195e-15,1.150795966194173e-08,-6.2535024400195e-15,1.1753810653273392e-08
2726,1.1503700586352642e-08,-6.234130884914162e-15,1.1503688118090872e-08,-6.234130884914162e-15,1.175049037027166e-08
2727,1.149697367673698e-08,-6.2073976314424395e-15,1.1496961261941717e-08,-6.2073976314424395e-15,1.174543607674004e-08
2728,1.1491821745227432e-08,-6.178190678423255e-15,1.1491809388846075e-08,-6.178190678423255e-15,1.1743109116137428e-08
2729,1.1484900285279793e-08,-6.146466653978426e-15,1.1484887992346486e-08,-6.146466653978426e-15,1.1735923539395518e-08
2730,1.1472939485216193e-08,-6.107403685969953e-15,1.147292727040882e-08,-6.107403685969953e-15,1.172631144932323e-08
2731,1.1458087865489023e-08,-6.061270744278073e-15,1.1458075742947535e-08,-6.061270744278073e-15,1.1713223208885434e-08
2732,1.143761013303407e-08,-6.004203053365617e-15,1.1437598124627963e-08,-6.004203053365617e-15,1.1695573663503455e-08
2733,1.140893378372342e-08,-5.9317919299165414e-15,1.140892192013956e-08,-5.9317919299165414e-15,1.1670721855668929e-08
2734,1.1365936477050369e-08,-5.836277537472298e-15,1.1365924804495295e-08,-5.836277537472298e-15,1.1633570276294758e-08
2735,1.1260232151493752e-08,-5.657196172756097e-15,1.1260220837101407e-08,-5.657196172756097e-15,1.1533017372486678e-08
2736,1.1184523856792796e-08,-5.501752560073237e-15,1.1184512853287676e-08,-5.501752560073237e-15,1.1470886360716922e-08
2737,1.0967989049954173e-08,-5.171447371836663e-15,1.0967978707059428e-08,-5.171447371836663e-15,1.1274816623626106e-08
2738,1.0438394135477608e-08,-4.499851831695064e-15,1.0438385135773944e-08,-4.499851831695064e-15,1.0781455119026534e-08
2739,7.877288466487392e-09,-2.334038919522841e-15,7.877283798409553e-09,-2.334038919522841e-15,8.27283824954811e-09
2740,7.694345860309264e-10,-7.744980105918528e-17,7.694344311313243e-10,-7.744980105918528e-17,8.29005760988675e-10
2741,9.175306459227807e-09,-2.5653365040947946e-15,9.175301328554799e-09,-2.5653365040947946e-15,9.474438966552623e-09
2742,1.4920155149659257e-08,-7.929035795161043e-15,1.4920139291587666e-08,-7.929035795161043e-15,1.5056129706883154e-08
2743,1.4047089433604355e-08,-7.517683512782172e-15,1.404707439823733e-08,-7.517683512782172e-15,1.3949421960457873e-08
2744,1.2638877249720396e-08,-7.049455089561327e-15,1.2638863150810217e-08,-7.049455089561327e-15,1.2072718312783353e-08
2745,1.1465202259210676e-08,-6.649802033870109e-15,1.1465188959606608e-08,-6.649802033870109e-15,1.1469276073343064e-08
2746,1.1230409604161627e-08,-6.498576575850387e-15,1.1230396607008476e-08,-6.498576575850387e-15,1.1515333786731576e-08
2747,1.1287050852382086e-08,-6.446834027510699e-15,1.128703795871403e-08,-6.446834027510699e-15,1.1545727297619679e-08
2748,1.1308303702071904e-08,-6.392449674206602e-15,1.1308290917172555e-08,-6.392449674206602e-15,1.1572117541354268e-08
2749,1.1324749371604152e-08,-6.342387625998754e-15,1.13247366868289e-08,-6.342387625998754e-15,1.1595806706730864e-08
2750,1.1342564667756451e-08,-6.297718635417052e-15,1.134255207231918e-08,-6.297718635417052e-15,1.1611322182232527e-08
2751,1.1354423300267278e-08,-6.2541231944827575e-15,1.1354410792020889e-08,-6.2541231944827575e-15,1.1620399686567728e-08
2752,1.1303838084363308e-08,-6.1370653692500136e-15,1.1303825810232569e-08,-6.1370653692500136e-15,1.156535248846665e-08
2753,1.1361191987012791e-08,-6.162380282675243e-15,1.1361179662252226e-08,-6.162380282675243e-15,1.1623722732362738e-08
2754,1.136328253011974e-08,-6.119872279245616e-15,1.1363270290375182e-08,-6.119872279245616e-15,1.1625873385668456e-08
2755,1.1359462603011382e-08,-6.0692167878769065e-15,1.1359450464577806e-08,-6.0692167878769065e-15,1.1621782773383874e-08
2756,1.135282190228618e-08,-6.014180712455541e-15,1.1352809873924756e-08,-6.014180712455541e-15,1.1616849749343253e-08
2757,1.1343249014192051e-08,-5.954827096357644e-15,1.1343237104537859e-08,-5.954827096357644e-15,1.1607906588069462e-08
2758,1.1328711361846057e-08,-5.8888928672705685e-15,1.1328699584060323e-08,-5.8888928672705685e-15,1.1595759285583805e-08
2759,1.1309800968154328e-08,-5.813737441805251e-15,1.1309789340679445e-08,-5.813737441805251e-15,1.1578937323285161e-08
2760,1.1282451098304572e-08,-5.724971524162576e-15,1.1282439648361524e-08,-5.724971524162576e-15,1.1555103574435573e-08
2761,1.1246111202877453e-08,-5.620580129692888e-15,1.1246099961717194e-08,-5.620580129692888e-15,1.152396485696912e-08
2762,1.1199892545529746e-08,-5.497769440344094e-15,1.1199881549990865e-08,-5.497769440344094e-15,1.1483280734260532e-08
2763,1.1137643956470837e-08,-5.348438788144665e-15,1.113763325959326e-08,-5.348438788144665e-15,1.1428893729178854e-08
2764,1.1047632832669589e-08,-5.1584594072219616e-15,1.1047622515750774e-08,-5.1584594072219616e-15,1.1349413536163497e-08
2765,1.0917549653390918e-08,-4.915335995496345e-15,1.0917539822718927e-08,-4.915335995496345e-15,1.123425115238145e-08
2766,1.071858897506204e-08,-4.588815158394419e-15,1.0718579797431723e-08,-4.588815158394419e-15,1.105489195558826e-08
2767,1.0402460761379416e-08,-4.1417835899004e-15,1.0402452477812236e-08,-4.1417835899004e-15,1.0767419056588183e-08
2768,9.845357484366045e-09,-3.4948330073805872e-15,9.84535049470003e-09,-3.4948330073805872e-15,1.0251699291697087e-08
2769,8.772267226882936e-09,-2.5454468404314207e-15,8.772262135989255e-09,-2.5454468404314207e-15,9.2300305242586e-09
2770,6.365403305971353e-09,-1.212357348635371e-15,6.3654008812566554e-09,-1.212357348635371e-15,6.837929269304861e-09
2771,1.0202231040655867e-09,-8.25745232998992e-17,1.02022293891654e-09,-8.25745232998992e-17,1.1365395318426173e-09
2772,4.955042384347793e-10,-3.323139919121363e-17,4.95504171971981e-10,-3.323139919121363e-17,5.583594674217688e-10
2773,1.0169334531188758e-08,-1.851225422618525e-15,1.0169330828737913e-08,-1.851225422618525e-15,1.0904882621965961e-08
2774,1.8187636012344258e-08,-7.127968681915178e-15,1.8187621756406896e-08,-7.127968681915178e-15,1.8498444765070844e-08
2775,1.8056015265158365e-08,-8.585676840969023e-15,1.8055998093804683e-08,-8.585676840969023e-15,1.7365091085814975e-08
2776,1.5228562107024032e-08,-8.254089116424665e-15,1.52285455988458e-08,-8.254089116424665e-15,1.3825626335574098e-08
2777,1.2507894632205865e-08,-7.566911167548366e-15,1.250787949838353e-08,-7.566911167548366e-15,1.1840658942657648e-08
2778,1.1363047239066209e-08,-7.235283083304063e-15,1.1363032768500042e-08,-7.235283083304063e-15,1.1439384149605392e-08
2779,1.1172859655602371e-08,-7.132900230724705e-15,1.1172845389801909e-08,-7.132900230724705e-15,1.140551026130402e-08
2780,1.1169421741518927e-08,-7.082849707309924e-15,1.1169407575819512e-08,-7.082849707309924e-15,1.1427805201412005e-08
2781,1.1193483993977182e-08,-7.041734936704345e-15,1.1193469910507309e-08,-7.041734936704345e-15,1.1455180050173621e-08
2782,1.1204312400864385e-08,-6.982356431878978e-15,1.1204298436151521e-08,-6.982356431878978e-15,1.1465313153125133e-08
2783,1.122077633879811e-08,-6.9374496068599155e-15,1.1220762463898897e-08,-6.9374496068599155e-15,1.1479400116937597e-08
2784,1.126377410301418e-08,-6.938974438605288e-15,1.1263760225065303e-08,-6.938974438605288e-15,1.1520512369046843e-08
2785,1.1281710452753088e-08,-6.911270384479629e-15,1.128169663021232e-08,-6.911270384479629e-15,1.1536175413195737e-08
2786,1.1297005856895147e-08,-6.886050812575517e-15,1.1296992084793521e-08,-6.886050812575517e-15,1.1549226589769765e-08
2787,1.130956757427259e-08,-6.86250829632633e-15,1.1309553849255997e-08,-6.86250829632633e-15,1.156001035490107e-08
2788,1.1320602491184991e-08,-6.841592334451376e-15,1.1320588808000323e-08,-6.841592334451376e-15,1.1569344377484577e-08
2789,1.1329670500699524e-08,-6.82249148067684e-15,1.1329656855716563e-08,-6.82249148067684e-15,1.157724520984077e-08
2790,1.133763247840928e-08,-6.80478716826214e-15,1.1337618868834943e-08,-6.80478716826214e-15,1.1583868192587425e-08
2791,1.1344054343753874e-08,-6.78806158172884e-15,1.134404076763071e-08,-6.78806158172884e-15,1.1589304062713798e-08
2792,1.1349340755289644e-08,-6.772331039009624e-15,1.1349327210627567e-08,-6.772331039009624e-15,1.1594067130326e-08
2793,1.1354541306422115e-08,-6.7583677005377355e-15,1.1354527789686714e-08,-6.7583677005377355e-15,1.159836045974965e-08
2794,1.1355415014729732e-08,-6.740174842771709e-15,1.1355401534380047e-08,-6.740174842771709e-15,1.1598534602079222e-08
2795,1.128750433904385e-08,-6.628418131154251e-15,1.1287491082207588e-08,-6.628418131154251e-15,1.152774519967604e-08
2796,1.1362310628877356e-08,-6.717359479210932e-15,1.1362297194158397e-08,-6.717359479210932e-15,1.1604662178988226e-08
2797,1.1367907212389476e-08,-6.710813248049038e-15,1.136789379076298e-08,-6.710813248049038e-15,1.1609674796291703e-08
2798,1.1370774740562943e-08,-6.7004632926261095e-15,1.1370761339636357e-08,-6.7004632926261095e-15,1.1612232197369492e-08
2799,1.137334990139893e-08,-6.690314484462219e-15,1.1373336520769961e-08,-6.690314484462219e-15,1.1615521077177868e-08
2800,1.1376309951863017e-08,-6.6819314217679815e-15,1.1376296588000173e-08,-6.6819314217679815e-15,1.1617367335282481e-08
2801,1.1378004357690793e-08,-6.673056582589262e-15,1.1377991011577628e-08,-6.673056582589262e-15,1.161884916596283e-08
2802,1.137911104006568e-08,-6.663912163304137e-15,1.1379097712241353e-08,-6.663912163304137e-15,1.1619818312473248e-08
2803,1.1378751183488652e-08,-6.653968379159724e-15,1.1378737875551894e-08,-6.653968379159724e-15,1.161958063772474e-08
2804,1.1363188577378878e-08,-6.623057841185229e-15,1.1363175331263195e-08,-6.623057841185229e-15,1.1603027680457013e-08
2805,1.0349550117315574e-08,-5.329465900426262e-15,1.0349539458383773e-08,-5.329465900426262e-15,1.0556796205697055e-08
2806,1.1175602328230201e-08,-6.370777256178825e-15,1.1175589586675689e-08,-6.370777256178825e-15,1.1409083784311529e-08
2807,1.1352505511235356e-08,-6.615498611078776e-15,1.1352492280238133e-08,-6.615498611078776e-15,1.1591378275702029e-08
2808,1.1355947489816567e-08,-6.6071300088318056e-15,1.135593427555655e-08,-6.6071300088318056e-15,1.1595047114595806e-08
2809,1.1365853742704453e-08,-6.595987051563634e-15,1.1365840550730351e-08,-6.595987051563634e-15,1.1615503586095799e-08
2810,1.1378739998028252e-08,-6.595957863872982e-15,1.1378726806112523e-08,-6.595957863872982e-15,1.1621387018136313e-08
2811,1.138208776803233e-08,-6.591300702477945e-15,1.1382074585430925e-08,-6.591300702477945e-15,1.1622852711391101e-08
2812,1.1383061577203245e-08,-6.584903418259697e-15,1.1383048407396408e-08,-6.584903418259697e-15,1.162391116197593e-08
2813,1.1383423211434109e-08,-6.5786218565134194e-15,1.1383410054190395e-08,-6.5786218565134194e-15,1.1624441670797931e-08
2814,1.1384122542962016e-08,-6.572342968130194e-15,1.138410939827608e-08,-6.572342968130194e-15,1.162471339868733e-08
2815,1.1384181178710692e-08,-6.565651081810898e-15,1.1384168047408529e-08,-6.565651081810898e-15,1.162484892066454e-08
2816,1.1383631261581295e-08,-6.55836407062007e-15,1.1383618144853154e-08,-6.55836407062007e-15,1.1624780580159416e-08
2817,1.1383552719115213e-08,-6.551441655382128e-15,1.1383539616231903e-08,-6.551441655382128e-15,1.1624489004462298e-08
2818,1.1382784834344375e-08,-6.543515495786299e-15,1.1382771747313383e-08,-6.543515495786299e-15,1.1623893859185749e-08
2819,1.1381286762416635e-08,-6.534302589010733e-15,1.1381273693811457e-08,-6.534302589010733e-15,1.1622600013273197e-08
2820,1.134306976333337e-08,-6.476548959498299e-15,1.1343056810235451e-08,-6.476548959498299e-15,1.1583739436936924e-08
2821,1.1269318932473371e-08,-6.371781221249935e-15,1.1269306188910929e-08,-6.371781221249935e-15,1.1507394409242422e-08
2822,1.1368310426443339e-08,-6.497364879947128e-15,1.1368297431713579e-08,-6.497364879947128e-15,1.1610371175783537e-08
2823,1.1364272494279652e-08,-6.484395845565036e-15,1.1364259525487961e-08,-6.484395845565036e-15,1.1607315519158101e-08
2824,1.135889362530207e-08,-6.465491566851893e-15,1.1358880694318936e-08,-6.465491566851893e-15,1.1602812936343105e-08
2825,1.1347482334788329e-08,-6.436157818278317e-15,1.1347469462472691e-08,-6.436157818278317e-15,1.1593468793276748e-08
2826,1.1324063699703732e-08,-6.389336556589063e-15,1.132405092103062e-08,-6.389336556589063e-15,1.1570671452221865e-08
2827,1.1263086021395977e-08,-6.290242425041543e-15,1.1263073440911127e-08,-6.290242425041543e-15,1.151322463184941e-08
2828,1.0926839432048717e-08,-5.833259995885018e-15,1.0926827765528724e-08,-5.833259995885018e-15,1.1180775475315902e-08
2829,4.354150783620069e-09,-9.278939260954596e-16,4.354148927832217e-09,-9.278939260954596e-16,4.4409643104070555e-09
2830,6.874706510313161e-09,-2.135762995995246e-15,6.874702238787169e-09,-2.135762995995246e-15,6.976823572651585e-09
2831,1.1363545344880367e-08,-6.513029406952938e-15,1.1363532318821553e-08,-6.513029406952938e-15,1.1559386875251276e-08
2832,1.1298918254891238e-08,-6.532009142402193e-15,1.1298905190872954e-08,-6.532009142402193e-15,1.1487681081822302e-08
2833,1.1219598545069366e-08,-6.456284459955267e-15,1.1219585632500447e-08,-6.456284459955267e-15,1.1432840306312989e-08
2834,1.1222699364410295e-08,-6.43600661273469e-15,1.122268649239707e-08,-6.43600661273469e-15,1.149938422406038e-08
2835,1.1274139521317652e-08,-6.44574791597212e-15,1.1274126629821821e-08,-6.44574791597212e-15,1.1530089351193217e-08
2836,1.129480911738269e-08,-6.44017611036063e-15,1.1294796237030468e-08,-6.44017611036063e-15,1.1544836721971053e-08
2837,1.1305564315568393e-08,-6.432240925610475e-15,1.1305551451086542e-08,-6.432240925610475e-15,1.155472250050044e-08
2838,1.1313613035190115e-08,-6.425491907655811e-15,1.13136001842063e-08,-6.425491907655811e-15,1.1560465501620263e-08
2839,1.1318694550227962e-08,-6.418345848663158e-15,1.1318681713536265e-08,-6.418345848663158e-15,1.1564004339709272e-08
2840,1.1321736647267275e-08,-6.410640036189122e-15,1.1321723825987202e-08,-6.410640036189122e-15,1.1566286974240551e-08
2841,1.1323183366779254e-08,-6.40290382707998e-15,1.13231705609716e-08,-6.40290382707998e-15,1.1567713769918964e-08
2842,1.1324709846487915e-08,-6.395163649858938e-15,1.1324697056160615e-08,-6.395163649858938e-15,1.1568610265782063e-08
2843,1.1325278287829966e-08,-6.386994683998202e-15,1.1325265513840599e-08,-6.386994683998202e-15,1.1569087406423094e-08
2844,1.13250393290863e-08,-6.378285583203568e-15,1.1325026572515135e-08,-6.378285583203568e-15,1.1569277673519801e-08
2845,1.13253435347549e-08,-6.370173909437712e-15,1.132533079440708e-08,-6.370173909437712e-15,1.1569251277703242e-08
2846,1.1324867203680455e-08,-6.361090054595598e-15,1.1324854481500346e-08,-6.361090054595598e-15,1.156890541075566e-08
2847,1.132417798444014e-08,-6.351501028226005e-15,1.1324165281438084e-08,-6.351501028226005e-15,1.1568396374558238e-08
2848,1.1322924704538236e-08,-6.341828212031453e-15,1.1322912020881812e-08,-6.341828212031453e-15,1.1567770069963056e-08
2849,1.1322128710824448e-08,-6.3315703018481855e-15,1.1322116047683843e-08,-6.3315703018481855e-15,1.1566817609919732e-08
2850,1.1320717069954319e-08,-6.3203929833569775e-15,1.1320704429168351e-08,-6.3203929833569775e-15,1.1565690820899916e-08
2851,1.1318756001805428e-08,-6.308956277815455e-15,1.1318743383892872e-08,-6.308956277815455e-15,1.156447067675515e-08
2852,1.1317173417625634e-08,-6.296602076775967e-15,1.1317160824421482e-08,-6.296602076775967e-15,1.1562831273647126e-08
2853,1.1314999208259215e-08,-6.28332377332847e-15,1.1314986641611668e-08,-6.28332377332847e-15,1.156103180352195e-08
2854,1.1312006547996431e-08,-6.2686915085164976e-15,1.1311994010613414e-08,-6.2686915085164976e-15,1.1558890990956331e-08
2855,1.129973055472282e-08,-6.241249749263254e-15,1.1299718072223321e-08,-6.241249749263254e-15,1.1546287496195446e-08
2856,1.128640211170408e-08,-6.212066131847166e-15,1.1286389687571816e-08,-6.212066131847166e-15,1.1533091224241662e-08
2857,1.130067820354146e-08,-6.217584522896063e-15,1.1300665768372414e-08,-6.217584522896063e-15,1.1548683074126192e-08
2858,1.1295742788548604e-08,-6.197894632266307e-15,1.129573039275934e-08,-6.197894632266307e-15,1.1544931698971493e-08
2859,1.1290942610605532e-08,-6.1755278627688915e-15,1.1290930259549807e-08,-6.1755278627688915e-15,1.1540613229790086e-08
2860,1.1284987820095856e-08,-6.150588903125485e-15,1.128497551891805e-08,-6.150588903125485e-15,1.153571285192414e-08
2861,1.127730626702305e-08,-6.12249895842826e-15,1.1277294022025133e-08,-6.12249895842826e-15,1.1529259033846838e-08
2862,1.126880751182861e-08,-6.091570920660954e-15,1.1268795328686768e-08,-6.091570920660954e-15,1.1521431665366315e-08
2863,1.1258107609809136e-08,-6.055868390241731e-15,1.1258095498072356e-08,-6.055868390241731e-15,1.1512053729036006e-08
2864,1.124498607919778e-08,-6.0146006595305026e-15,1.1244974049996461e-08,-6.0146006595305026e-15,1.1500490050190358e-08
2865,1.1228592091017207e-08,-5.967381951778256e-15,1.1228580156253304e-08,-5.967381951778256e-15,1.1486425187559825e-08
2866,1.1208851869890684e-08,-5.911661727144587e-15,1.120884004656723e-08,-5.911661727144587e-15,1.1468436630939916e-08
2867,1.1181993915042187e-08,-5.8435732198630236e-15,1.1181982227895748e-08,-5.8435732198630236e-15,1.1444412621058763e-08
2868,1.1147633131481431e-08,-5.7616735367387486e-15,1.1147621608134357e-08,-5.7616735367387486e-15,1.1414051456802091e-08
2869,1.1103133625083499e-08,-5.66140878243527e-15,1.1103122302265935e-08,-5.66140878243527e-15,1.137349365292003e-08
2870,1.1041033389989259e-08,-5.53310134962389e-15,1.104102232378656e-08,-5.53310134962389e-15,1.1317170895053104e-08
2871,1.095162024715163e-08,-5.364543364641359e-15,1.09516095180649e-08,-5.364543364641359e-15,1.1235409801655573e-08
2872,1.081435929114806e-08,-5.1327328266132785e-15,1.0814349025682407e-08,-5.1327328266132785e-15,1.1109155537768541e-08
2873,1.0597990751751144e-08,-4.804593908107806e-15,1.0597981142563328e-08,-4.804593908107806e-15,1.0907213673807968e-08
2874,1.0227197390792219e-08,-4.315170774837062e-15,1.0227188760450669e-08,-4.315170774837062e-15,1.0558381153601788e-08
2875,9.490043967601362e-09,-3.5164729782127216e-15,9.490036934655406e-09,-3.5164729782127216e-15,9.851859897061406e-09
2876,7.693436045531599e-09,-2.124799575820754e-15,7.693431795932447e-09,-2.124799575820754e-15,8.076561642391522e-09
2877,1.7382039879447852e-09,-1.8775649050908447e-16,1.7382036124318043e-09,-1.8775649050908447e-16,1.866030122309584e-09
2878,3.9303920370302474e-10,-3.2875892402215394e-17,3.9303913795123995e-10,-3.2875892402215394e-17,4.236293747644521e-10
2879,3.895890206226108e-09,-4.716012637809759e-16,3.89588926302358e-09,-4.716012637809759e-16,4.114970845166895e-09
2880,1.4386162650617906e-08,-5.922393169565928e-15,1.4386150805831566e-08,-5.922393169565928e-15,1.4434273963665733e-08
2881,1.4797664010970344e-08,-7.371491617523018e-15,1.479764926798711e-08,-7.371491617523018e-15,1.4374533504733842e-08
2882,1.3288151775889568e-08,-7.329698465540521e-15,1.3288137116492637e-08,-7.329698465540521e-15,1.2633499176541709e-08
2883,1.1652730703480469e-08,-6.968840881007712e-15,1.1652716765798706e-08,-6.968840881007712e-15,1.1177133315290289e-08
2884,1.0869765555720663e-08,-6.7540013771100036e-15,1.0869752047717908e-08,-6.7540013771100036e-15,1.1084932473391072e-08
2885,1.0881096354399104e-08,-6.7276294891795335e-15,1.0881082899140126e-08,-6.7276294891795335e-15,1.114754629980203e-08
2886,1.0929802165630959e-08,-6.701231753461473e-15,1.0929788763167452e-08,-6.701231753461473e-15,1.1195461637339459e-08
2887,1.0799461846940524e-08,-6.433497508889427e-15,1.0799448979945506e-08,-6.433497508889427e-15,1.1059597627280094e-08
2888,1.0954888553876962e-08,-6.581606217901567e-15,1.0954875390664527e-08,-6.581606217901567e-15,1.1216807427902925e-08
2889,1.1046431614659128e-08,-6.650605621974507e-15,1.1046418313447885e-08,-6.650605621974507e-15,1.1306608640947206e-08
2890,1.107296882775597e-08,-6.6348021506850784e-15,1.1072955558151669e-08,-6.6348021506850784e-15,1.1329719649077757e-08
2891,1.109437745675818e-08,-6.6183656551466495e-15,1.109436422002687e-08,-6.6183656551466495e-15,1.1349545039674399e-08
2892,1.1111889882105e-08,-6.60386849264174e-15,1.1111876674368015e-08,-6.60386849264174e-15,1.1364433960340572e-08
2893,1.1125739925996046e-08,-6.590656461188132e-15,1.1125726744683124e-08,-6.590656461188132e-15,1.137589083530564e-08
2894,1.1136572652198128e-08,-6.577783561804317e-15,1.1136559496631003e-08,-6.577783561804317e-15,1.138525604848145e-08
2895,1.1145556699368787e-08,-6.5656962286237565e-15,1.1145543567976329e-08,-6.5656962286237565e-15,1.1393085870034412e-08
2896,1.1152893610978439e-08,-6.554722217301844e-15,1.1152880501534004e-08,-6.554722217301844e-15,1.1399706911816426e-08
2897,1.1159632952311796e-08,-6.5446585893421985e-15,1.1159619862994618e-08,-6.5446585893421985e-15,1.140538034168549e-08
2898,1.1165221912593736e-08,-6.5352372137231945e-15,1.1165208842119309e-08,-6.5352372137231945e-15,1.1410299390705372e-08
2899,1.1169860697789441e-08,-6.526459297516115e-15,1.1169847644870847e-08,-6.526459297516115e-15,1.1414643094589046e-08
2900,1.1174020400052317e-08,-6.518360691965391e-15,1.1174007363330933e-08,-6.518360691965391e-15,1.1418068366109516e-08
2901,1.1177602415352939e-08,-6.510724743638294e-15,1.1177589393903451e-08,-6.510724743638294e-15,1.1421256848355769e-08
2902,1.118059329723931e-08,-6.5032218149430155e-15,1.118058029079568e-08,-6.5032218149430155e-15,1.1423952678259047e-08
2903,1.1182999619792559e-08,-6.496442387545352e-15,1.1182986626907784e-08,-6.496442387545352e-15,1.1426459042698176e-08
2904,1.1185742062548483e-08,-6.4901226207509e-15,1.1185729082303241e-08,-6.4901226207509e-15,1.1428650636350722e-08
2905,1.1187817104923965e-08,-6.48389065027678e-15,1.1187804137142664e-08,-6.48389065027678e-15,1.1430575560519206e-08
2906,1.1189309745139183e-08,-6.477668342574051e-15,1.1189296789802498e-08,-6.477668342574051e-15,1.1432266471468506e-08
2907,1.1191148370123674e-08,-6.472218654205673e-15,1.1191135425686366e-08,-6.472218654205673e-15,1.1433666931783416e-08
2908,1.1187129329757357e-08,-6.45937838930089e-15,1.118711641100058e-08,-6.45937838930089e-15,1.1429375349534154e-08
2909,1.1183976828195977e-08,-6.44811165207922e-15,1.1183963931972673e-08,-6.44811165207922e-15,1.1425994796821323e-08
2910,1.1194331182598994e-08,-6.4562907580152596e-15,1.1194318270017479e-08,-6.4562907580152596e-15,1.1436969437908667e-08
2911,1.1196169688329417e-08,-6.452332261676907e-15,1.1196156783664894e-08,-6.452332261676907e-15,1.1438444615995298e-08
2912,1.1197252128124935e-08,-6.447710427601076e-15,1.119723923270408e-08,-6.447710427601076e-15,1.1439570517533232e-08
2913,1.1197984742485504e-08,-6.443058203536433e-15,1.1197971856369096e-08,-6.443058203536433e-15,1.1440714861236496e-08
2914,1.1199200305263174e-08,-6.4392050689144005e-15,1.1199187426853036e-08,-6.4392050689144005e-15,1.1441496465232473e-08
2915,1.1199801942863274e-08,-6.434841003861309e-15,1.1199789073181266e-08,-6.434841003861309e-15,1.1442131632551517e-08
2916,1.1200507393282942e-08,-6.430638629662302e-15,1.1200494532005682e-08,-6.430638629662302e-15,1.1442868816895826e-08
2917,1.120066188204959e-08,-6.4265693521904695e-15,1.1200649028910887e-08,-6.4265693521904695e-15,1.1443447291706266e-08
2918,1.1201574621022575e-08,-6.422775069034316e-15,1.1201561775472436e-08,-6.422775069034316e-15,1.1444044127364714e-08
2919,1.120206971755705e-08,-6.418875263697564e-15,1.1202056879806523e-08,-6.418875263697564e-15,1.144457798778345e-08
2920,1.1202034368479414e-08,-6.4146062238992466e-15,1.1202021539266965e-08,-6.4146062238992466e-15,1.144500082391533e-08
2921,1.1202772485163359e-08,-6.411224533469753e-15,1.1202759662714292e-08,-6.411224533469753e-15,1.1445430003384066e-08
2922,1.1203026284934132e-08,-6.4073153837905084e-15,1.1203013470303364e-08,-6.4073153837905084e-15,1.1445766053005846e-08
2923,1.1203260373301013e-08,-6.403283560788312e-15,1.1203247566733892e-08,-6.403283560788312e-15,1.1446098281923958e-08
2924,1.1203151067632968e-08,-6.399573405830853e-15,1.1203138268486156e-08,-6.399573405830853e-15,1.1446450149038623e-08
2925,1.1203715174412186e-08,-6.395923289996465e-15,1.1203702382565605e-08,-6.395923289996465e-15,1.1446736374427397e-08
2926,1.12039135704605e-08,-6.3920015393331596e-15,1.1203900786457421e-08,-6.3920015393331596e-15,1.1447022794511985e-08
2927,1.120367723324224e-08,-6.388290741734572e-15,1.1203664456660756e-08,-6.388290741734572e-15,1.1447265292972586e-08
2928,1.1204146986191981e-08,-6.384633348445417e-15,1.1204134216925284e-08,-6.384633348445417e-15,1.144745670145135e-08
2929,1.1204188898117782e-08,-6.380750272017422e-15,1.1204176136617238e-08,-6.380750272017422e-15,1.144759870400335e-08
2930,1.120379343251373e-08,-6.3765218873349575e-15,1.1203780679469955e-08,-6.3765218873349575e-15,1.1447720365609117e-08
2931,1.1204177969995874e-08,-6.373051808524486e-15,1.1204165223892257e-08,-6.373051808524486e-15,1.1447840328521396e-08
2932,1.120418439639846e-08,-6.3690744875240685e-15,1.1204171658249485e-08,-6.3690744875240685e-15,1.1447960672403916e-08
2933,1.1204162204126438e-08,-6.364922288790561e-15,1.120414947428186e-08,-6.364922288790561e-15,1.1448058191913517e-08
2934,1.1203718976476104e-08,-6.360959921509695e-15,1.120370625455626e-08,-6.360959921509695e-15,1.1448132875959943e-08
2935,1.1204000194142827e-08,-6.357013328143904e-15,1.1203987480116171e-08,-6.357013328143904e-15,1.1448138510133013e-08
2936,1.1203862962773322e-08,-6.352791454549703e-15,1.1203850257190413e-08,-6.352791454549703e-15,1.1448132006031563e-08
2937,1.1203321220994487e-08,-6.3482423195434534e-15,1.1203308524509848e-08,-6.3482423195434534e-15,1.1448132186949947e-08
2938,1.120358159123843e-08,-6.344447685770395e-15,1.1203568902343057e-08,-6.344447685770395e-15,1.1448123195656518e-08
2939,1.1203394273350755e-08,-6.3400513556596675e-15,1.1203381593248043e-08,-6.3400513556596675e-15,1.1448064469796163e-08
2940,1.1203210913266027e-08,-6.335472804360118e-15,1.1203198242320418e-08,-6.335472804360118e-15,1.1448015451074885e-08
2941,1.1202627048850466e-08,-6.331099208045335e-15,1.120261438665205e-08,-6.331099208045335e-15,1.1447977337677578e-08
2942,1.1202772112169084e-08,-6.326685936939124e-15,1.120275945879721e-08,-6.326685936939124e-15,1.1447851900021393e-08
2943,1.1202468450952323e-08,-6.321951302252654e-15,1.1202455807049718e-08,-6.321951302252654e-15,1.1447689077974618e-08
2944,1.1201637163292575e-08,-6.316701606667384e-15,1.1201624529889362e-08,-6.316701606667384e-15,1.1447427974189596e-08
2945,1.1201319297101284e-08,-6.3117742066667886e-15,1.1201306673552871e-08,-6.3117742066667886e-15,1.1446838811436655e-08
2946,1.1188243353759044e-08,-6.2901375285721394e-15,1.1188230773483987e-08,-6.2901375285721394e-15,1.1433437106020642e-08
2947,1.117044187496587e-08,-6.2624479027105854e-15,1.1170429350070064e-08,-6.2624479027105854e-15,1.1415136496068075e-08
2948,1.1196421033988616e-08,-6.293106537361689e-15,1.1196408447775541e-08,-6.293106537361689e-15,1.1442701545815522e-08
2949,1.1198376209185425e-08,-6.290864655173021e-15,1.1198363627456115e-08,-6.290864655173021e-15,1.1444481943610333e-08
2950,1.1198071977334065e-08,-6.28498617884556e-15,1.1198059407361707e-08,-6.28498617884556e-15,1.1444535068722891e-08
2951,1.1197575204984034e-08,-6.278737491558355e-15,1.119756264750905e-08,-6.278737491558355e-15,1.1444928285172641e-08
2952,1.1197845213472872e-08,-6.273485054614308e-15,1.1197832666502764e-08,-6.273485054614308e-15,1.1444624656731435e-08
2953,1.1197365780177991e-08,-6.267423987793153e-15,1.1197353245330016e-08,-6.267423987793153e-15,1.1444295178947338e-08
2954,1.1196901260596837e-08,-6.26112404650192e-15,1.1196888738348744e-08,-6.26112404650192e-15,1.1443998077444893e-08
2955,1.1195688466332076e-08,-6.2545770918594995e-15,1.1195675957177893e-08,-6.2545770918594995e-15,1.1443392834385408e-08
2956,1.1195444418009993e-08,-6.248155275122127e-15,1.1195431921699443e-08,-6.248155275122127e-15,1.1442881328771238e-08
2957,1.1194749194675023e-08,-6.241361268618229e-15,1.1194736711952486e-08,-6.241361268618229e-15,1.1442368415699116e-08
2958,1.1193467364209964e-08,-6.233904370999827e-15,1.1193454896401222e-08,-6.233904370999827e-15,1.144173900220528e-08
2959,1.1192711880138396e-08,-6.2266984094733504e-15,1.1192699426741578e-08,-6.2266984094733504e-15,1.1440713397501009e-08
2960,1.1185421197063726e-08,-6.210945657586498e-15,1.118540877517241e-08,-6.210945657586498e-15,1.1433377820563393e-08
2961,1.1185050379571529e-08,-6.203913982431301e-15,1.1185037971743564e-08,-6.203913982431301e-15,1.1433252174446627e-08
2962,1.1188848995781301e-08,-6.2029386537252166e-15,1.1188836589903994e-08,-6.2029386537252166e-15,1.1437933741787025e-08
2963,1.1188335827424914e-08,-6.194938256500929e-15,1.1188323437548401e-08,-6.194938256500929e-15,1.1437220579908952e-08
2964,1.1187177779171973e-08,-6.185830619155647e-15,1.1187165407510735e-08,-6.185830619155647e-15,1.1436403357108326e-08
2965,1.1185631855644437e-08,-6.176832884826434e-15,1.1185619501978667e-08,-6.176832884826434e-15,1.1435565713117719e-08
2966,1.1184792597127025e-08,-6.16756093047446e-15,1.1184780262005164e-08,-6.16756093047446e-15,1.1434444141536965e-08
2967,1.118337087643211e-08,-6.157708261317992e-15,1.1183358561015587e-08,-6.157708261317992e-15,1.143324416407747e-08
2968,1.1179245046620524e-08,-6.144444232819355e-15,1.1179232757732058e-08,-6.144444232819355e-15,1.1429746428799568e-08
2969,1.1136710787870546e-08,-6.0820413877873874e-15,1.113669862378777e-08,-6.0820413877873874e-15,1.1385359962113907e-08
2970,1.1134924364192e-08,-6.0721804938280405e-15,1.1134912219831014e-08,-6.0721804938280405e-15,1.1383806467629717e-08
2971,1.1171567315219347e-08,-6.11101662708816e-15,1.1171555093186093e-08,-6.11101662708816e-15,1.1422263493169264e-08
2972,1.117106233635374e-08,-6.10184397739074e-15,1.1171050132665785e-08,-6.10184397739074e-15,1.1422664528144324e-08
2973,1.1169965148841183e-08,-6.08880015346852e-15,1.1169952971240876e-08,-6.08880015346852e-15,1.1422104244108021e-08
2974,1.1168945155283638e-08,-6.075741514872468e-15,1.1168933003800608e-08,-6.075741514872468e-15,1.1421528778626207e-08
2975,1.1167131833445474e-08,-6.062378069497421e-15,1.1167119708689336e-08,-6.062378069497421e-15,1.142001082088861e-08
2976,1.1165109545502201e-08,-6.048482598394836e-15,1.1165097448537004e-08,-6.048482598394836e-15,1.1417842803397464e-08
2977,1.1162686374038849e-08,-6.033705387514923e-15,1.1162674306628073e-08,-6.033705387514923e-15,1.1415720863638106e-08
2978,1.115953148240028e-08,-6.017458617161496e-15,1.1159519447483045e-08,-6.017458617161496e-15,1.1412864654053177e-08
2979,1.114588498200462e-08,-5.98864628187497e-15,1.1145873004712056e-08,-5.98864628187497e-15,1.139969815445085e-08
2980,1.1134932650283987e-08,-5.961911697741387e-15,1.1134920726460591e-08,-5.961911697741387e-15,1.1388307994230023e-08
2981,1.1146827446912728e-08,-5.96361718799394e-15,1.1146815519678352e-08,-5.96361718799394e-15,1.140131580831828e-08
2982,1.1143680873018475e-08,-5.945832358887249e-15,1.1143668981353757e-08,-5.945832358887249e-15,1.1399274843105366e-08
2983,1.1139774351108785e-08,-5.9254032799230314e-15,1.1139762500302225e-08,-5.9254032799230314e-15,1.1395588589805932e-08
2984,1.1135154937330858e-08,-5.903147893318108e-15,1.1135143131035072e-08,-5.903147893318108e-15,1.1391722950064105e-08
2985,1.1131199879847082e-08,-5.88097969953043e-15,1.1131188117887684e-08,-5.88097969953043e-15,1.1388078533008235e-08
2986,1.1124610196515348e-08,-5.855947473866854e-15,1.1124598484620401e-08,-5.855947473866854e-15,1.1382651736378004e-08
2987,1.112001496395871e-08,-5.831336728137575e-15,1.1120003301285252e-08,-5.831336728137575e-15,1.137809278381277e-08
2988,1.1112559216359662e-08,-5.802797660710386e-15,1.1112547610764341e-08,-5.802797660710386e-15,1.1371326366982384e-08
2989,1.1105679468349356e-08,-5.774177316276166e-15,1.1105667919994723e-08,-5.774177316276166e-15,1.1365736852932925e-08
2990,1.1098140744100582e-08,-5.743436271704741e-15,1.1098129257228038e-08,-5.743436271704741e-15,1.1358387666887394e-08
2991,1.108901157952972e-08,-5.7096323068456e-15,1.1089000160265106e-08,-5.7096323068456e-15,1.1350202824280233e-08
2992,1.1078753821430839e-08,-5.672941050194499e-15,1.1078742475548738e-08,-5.672941050194499e-15,1.1340843726504862e-08
2993,1.106754021943626e-08,-5.634631784090516e-15,1.1067528950172692e-08,-5.634631784090516e-15,1.1331301274423596e-08
2994,1.1055162505161527e-08,-5.592132871489266e-15,1.1055151320895784e-08,-5.592132871489266e-15,1.1319557742432593e-08
2995,1.1040921654544597e-08,-5.546068819864558e-15,1.1040910562406956e-08,-5.546068819864558e-15,1.1306613352480691e-08
2996,1.1025199369421181e-08,-5.4966553294629014e-15,1.1025188376110523e-08,-5.4966553294629014e-15,1.1292855878473794e-08
2997,1.10077314024216e-08,-5.442912947861012e-15,1.1007720516595703e-08,-5.442912947861012e-15,1.1276433120553744e-08
2998,1.0986710830087925e-08,-5.382820358121514e-15,1.098670006444721e-08,-5.382820358121514e-15,1.1257159046207213e-08
2999,1.096411314195088e-08,-5.318250506729963e-15,1.0964102505449866e-08,-5.318250506729963e-15,1.1236457060373794e-08
3000,1.0936769884568755e-08,-5.2467266439372456e-15,1.0936759391115468e-08,-5.2467266439372456e-15,1.1211995706453041e-08
3001,1.0905185517594881e-08,-5.166313541956187e-15,1.0905175184967798e-08,-5.166313541956187e-15,1.1182337394760643e-08
3002,1.0871597367075821e-08,-5.080687128190371e-15,1.0871587205701564e-08,-5.080687128190371e-15,1.1151373518712467e-08
3003,1.0828125093713783e-08,-4.982209227636299e-15,1.0828115129295327e-08,-4.982209227636299e-15,1.111184440197168e-08
3004,1.0778077968048634e-08,-4.871828088385514e-15,1.0778068224392457e-08,-4.871828088385514e-15,1.106485491208892e-08
3005,1.0716948018692842e-08,-4.746443558967019e-15,1.0716938525805724e-08,-4.746443558967019e-15,1.1007910721636331e-08
3006,1.0640564332096174e-08,-4.601634208811934e-15,1.0640555128827757e-08,-4.601634208811934e-15,1.0937573950883253e-08
3007,1.054903592857496e-08,-4.4372561284703014e-15,1.0549027054062703e-08,-4.4372561284703014e-15,1.0851411111031766e-08
3008,1.0434837634289713e-08,-4.247073610501955e-15,1.0434829140142492e-08,-4.247073610501955e-15,1.0744349529458238e-08
3009,1.0296766595760957e-08,-4.031379837141997e-15,1.0296758533001282e-08,-4.031379837141997e-15,1.0614498183674356e-08
3010,1.0112426330375804e-08,-3.774720154138367e-15,1.0112418780935496e-08,-3.774720154138367e-15,1.0440644985512183e-08
3011,9.87602555032026e-09,-3.475675237091753e-15,9.876018598969786e-09,-3.475675237091753e-15,1.021474918946684e-08
3012,9.555646977958282e-09,-3.1206224381784927e-15,9.555640736713405e-09,-3.1206224381784927e-15,9.907263388961781e-09
3013,9.116932773968868e-09,-2.7019402982457045e-15,9.11692737008827e-09,-2.7019402982457045e-15,9.483621624515262e-09
3014,8.508321168428844e-09,-2.2177024456492283e-15,8.508316733023953e-09,-2.2177024456492283e-15,8.887228623398407e-09
3015,7.635366232036278e-09,-1.6695913109306947e-15,7.635362892853656e-09,-1.6695913109306947e-15,8.020837357971017e-09
3016,6.379486042325028e-09,-1.0940349188705431e-15,6.37948385425519e-09,-1.0940349188705431e-15,6.751981542152673e-09
3017,4.522131300302038e-09,-5.516492753769574e-16,4.522130197003487e-09,-5.516492753769574e-16,4.833066669948871e-09
3018,1.7726077198796236e-09,-1.3900741937646761e-16,1.772607441864785e-09,-1.3900741937646761e-16,1.9138013281464095e-09
3019,2.810126294619259e-10,-1.7698968856586292e-17,2.810125940639882e-10,-1.7698968856586292e-17,3.0432198425728713e-10
3020,1.8077435900599954e-10,-1.0659573611608162e-17,1.8077433768685232e-10,-1.0659573611608162e-17,1.9543706948177062e-10
3021,9.085588513106267e-10,-5.3234081071874317e-17,9.085587448424646e-10,-5.3234081071874317e-17,9.716409135033455e-10
3022,5.780566784803512e-09,-5.576005447594168e-16,5.780565669602422e-09,-5.576005447594168e-16,5.9545723864653346e-09
3023,1.0708330859202645e-08,-1.99965973336932e-15,1.0708326859883179e-08,-1.99965973336932e-15,1.0610960359328752e-08
3024,1.284659763904677e-08,-3.654855468176304e-15,1.2846590329335834e-08,-3.654855468176304e-15,1.2287083956456076e-08
3025,1.2770247949021533e-08,-4.7768199597263585e-15,1.2770238395381613e-08,-4.7768199597263585e-15,1.1849249167942065e-08
3026,1.1758091977171479e-08,-5.327725801157774e-15,1.1758081321719876e-08,-5.327725801157774e-15,1.1073800951377748e-08
3027,1.093599986370261e-08,-5.642562558393847e-15,1.0935988578577492e-08,-5.642562558393847e-15,1.064411936661443e-08
3028,1.0527816130052373e-08,-5.866526608557478e-15,1.0527804396999155e-08,-5.866526608557478e-15,1.0502118787439062e-08
3029,1.0382959725152724e-08,-6.0366157462244406e-15,1.0382947651921231e-08,-6.0366157462244406e-15,1.0503606880033258e-08
3030,1.0364565808276241e-08,-6.166531517052039e-15,1.0364553475213207e-08,-6.166531517052039e-15,1.055196352405758e-08
3031,1.039249290373275e-08,-6.262236092137481e-15,1.0392480379260566e-08,-6.262236092137481e-15,1.0608648691070999e-08
3032,1.0431675839616584e-08,-6.3291829635438585e-15,1.0431663181250657e-08,-6.3291829635438585e-15,1.0661359825510626e-08
3033,1.0473125082706845e-08,-6.378091512397559e-15,1.0473112326523821e-08,-6.378091512397559e-15,1.0710059676576772e-08
3034,1.0510754434069713e-08,-6.410804793225695e-15,1.0510741612460127e-08,-6.410804793225695e-15,1.0751828831385655e-08
3035,1.0545243799380076e-08,-6.433800695190065e-15,1.0545230931778685e-08,-6.433800695190065e-15,1.0788735955165827e-08
3036,1.0575025346038901e-08,-6.447746939881201e-15,1.0575012450545021e-08,-6.447746939881201e-15,1.0819864309342107e-08
3037,1.0602110329726059e-08,-6.4572727769725865e-15,1.0602097415180505e-08,-6.4572727769725865e-15,1.0847750770179005e-08
3038,1.0625712992569398e-08,-6.462332389812985e-15,1.0625700067904619e-08,-6.462332389812985e-15,1.0871794510023395e-08
3039,1.064662814079006e-08,-6.464342367618218e-15,1.0646615212105324e-08,-6.464342367618218e-15,1.0892801605625094e-08
3040,1.066508402934527e-08,-6.464075931581165e-15,1.0665071101193406e-08,-6.464075931581165e-15,1.0911265319063343e-08
3041,1.0681330526787557e-08,-6.462274325964894e-15,1.0681317602238905e-08,-6.462274325964894e-15,1.0927473887387573e-08
3042,1.0695912686206995e-08,-6.4593450292114164e-15,1.0695899767516936e-08,-6.4593450292114164e-15,1.0941789496636113e-08
3043,1.0708750227267109e-08,-6.455509857547616e-15,1.0708737316247393e-08,-6.455509857547616e-15,1.0954373581588894e-08
3044,1.0720129698273434e-08,-6.451153688492192e-15,1.0720116795966057e-08,-6.451153688492192e-15,1.0965701213881665e-08
3045,1.0730552965164528e-08,-6.4467094101055254e-15,1.0730540071745708e-08,-6.4467094101055254e-15,1.0975751992327073e-08
3046,1.0739737916549258e-08,-6.441762828463852e-15,1.0739725033023602e-08,-6.441762828463852e-15,1.098476341387718e-08
3047,1.074809661471134e-08,-6.4366933093129916e-15,1.074808374132472e-08,-6.4366933093129916e-15,1.0992972605088753e-08
3048,1.0755455618233291e-08,-6.431607033182413e-15,1.0755442755019225e-08,-6.431607033182413e-15,1.10002950049684e-08
3049,1.0762469010390748e-08,-6.426598336532354e-15,1.0762456157194075e-08,-6.426598336532354e-15,1.1007043448810902e-08
3050,1.0768696269360639e-08,-6.421493008548555e-15,1.0768683426374621e-08,-6.421493008548555e-15,1.101312780453927e-08
3051,1.077422608674493e-08,-6.416355390657414e-15,1.0774213254034149e-08,-6.416355390657414e-15,1.101872193031649e-08
3052,1.0779585576054148e-08,-6.411665614401748e-15,1.077957275272292e-08,-6.411665614401748e-15,1.1023780354192752e-08
3053,1.0784337901350335e-08,-6.406868856717447e-15,1.0784325087612621e-08,-6.406868856717447e-15,1.102843538391196e-08
3054,1.0788610063252038e-08,-6.401993131297951e-15,1.0788597259265776e-08,-6.401993131297951e-15,1.1032625995511971e-08
3055,1.0792425289295535e-08,-6.397513120872485e-15,1.0792412494269293e-08,-6.397513120872485e-15,1.1036559960172038e-08
3056,1.0796164762864829e-08,-6.392993542529812e-15,1.0796151976877744e-08,-6.392993542529812e-15,1.1040057847057685e-08
3057,1.0799596413006314e-08,-6.388728101730035e-15,1.079958363555011e-08,-6.388728101730035e-15,1.1043430390734034e-08
3058,1.08023218637628e-08,-6.384104678656557e-15,1.0802309095553443e-08,-6.384104678656557e-15,1.1046346799637772e-08
3059,1.0805483212686365e-08,-6.3803889278810105e-15,1.080547045190851e-08,-6.3803889278810105e-15,1.1049258815218303e-08
3060,1.0807982524150353e-08,-6.376187930757379e-15,1.0807969771774492e-08,-6.376187930757379e-15,1.105173511639162e-08
3061,1.0810452423144703e-08,-6.372237656923276e-15,1.081043967866939e-08,-6.372237656923276e-15,1.1054202674947987e-08
3062,1.0812360891832158e-08,-6.368345172525735e-15,1.0812348155141813e-08,-6.368345172525735e-15,1.10563239471911e-08
3063,1.0814636674154703e-08,-6.3647073593938145e-15,1.0814623944739985e-08,-6.3647073593938145e-15,1.1058395427692026e-08
3064,1.0816487817754054e-08,-6.360969705366488e-15,1.0816475095814643e-08,-6.360969705366488e-15,1.106024223289293e-08
3065,1.081793447164285e-08,-6.35710286179e-15,1.0817921757437125e-08,-6.35710286179e-15,1.1061976782857184e-08
3066,1.0819784341387839e-08,-6.3538712519840276e-15,1.0819771633645335e-08,-6.3538712519840276e-15,1.1063596279371266e-08
3067,1.0821191231124804e-08,-6.3502847760410765e-15,1.0821178530555252e-08,-6.3502847760410765e-15,1.1065048255511413e-08
3068,1.0822615362124091e-08,-6.346827602690509e-15,1.0822602668468885e-08,-6.346827602690509e-15,1.1066490888275756e-08
3069,1.082352438690556e-08,-6.343412972310302e-15,1.0823511700079614e-08,-6.343412972310302e-15,1.1067700645780022e-08
3070,1.0824995594788548e-08,-6.340331187327266e-15,1.0824982914126174e-08,-6.340331187327266e-15,1.1068938837144526e-08
3071,1.0825974337197959e-08,-6.3369011481569234e-15,1.0825961663395663e-08,-6.3369011481569234e-15,1.1069947024877821e-08
3072,1.0826493837378236e-08,-6.333553434499338e-15,1.0826481170271367e-08,-6.333553434499338e-15,1.1070817382711134e-08
3073,1.0827420559845033e-08,-6.330196675508754e-15,1.0827407899451683e-08,-6.330196675508754e-15,1.1071557743698709e-08
3074,1.082811008853372e-08,-6.326777681079958e-15,1.0828097434978357e-08,-6.326777681079958e-15,1.1072356857826694e-08
3075,1.0828636953958552e-08,-6.3233359283258966e-15,1.0828624307286695e-08,-6.3233359283258966e-15,1.1073234088289278e-08
3076,1.0829564742387163e-08,-6.3203828163366134e-15,1.082955210162153e-08,-6.3203828163366134e-15,1.1073954175521041e-08
3077,1.0830068537138587e-08,-6.316999609249079e-15,1.0830055903139368e-08,-6.316999609249079e-15,1.1074518211987076e-08
3078,1.083044064379149e-08,-6.313425687348061e-15,1.0830428016940115e-08,-6.313425687348061e-15,1.1074976617522189e-08
3079,1.0830567473516801e-08,-6.31011031799304e-15,1.0830554853296165e-08,-6.31011031799304e-15,1.1075490032080909e-08
3080,1.0831236718055044e-08,-6.306865771054488e-15,1.0831224104323502e-08,-6.306865771054488e-15,1.1075957350067236e-08
3081,1.0831514839215428e-08,-6.303404664667614e-15,1.0831502232406098e-08,-6.303404664667614e-15,1.1076317334628028e-08
3082,1.083139055449398e-08,-6.299645560893867e-15,1.0831377955202859e-08,-6.299645560893867e-15,1.107657006041209e-08
3083,1.0831783024963116e-08,-6.296428909775884e-15,1.0831770432105297e-08,-6.296428909775884e-15,1.1076781821226995e-08
3084,1.0831860287698073e-08,-6.2927838476956866e-15,1.0831847702130377e-08,-6.2927838476956866e-15,1.1076957678986522e-08
3085,1.0831877110846748e-08,-6.288959120916693e-15,1.0831864532928506e-08,-6.288959120916693e-15,1.107707362499779e-08
3086,1.0831532297528826e-08,-6.2852620706789745e-15,1.0831519727004686e-08,-6.2852620706789745e-15,1.1077130491734822e-08
3087,1.0831734179121273e-08,-6.28159352824089e-15,1.0831721615934216e-08,-6.28159352824089e-15,1.1077125840411145e-08
3088,1.083158884140691e-08,-6.2776982647545386e-15,1.083157628601038e-08,-6.2776982647545386e-15,1.1077101866588211e-08
3089,1.0831008091707733e-08,-6.273357869783534e-15,1.0830995544991994e-08,-6.273357869783534e-15,1.107694931726676e-08
3090,1.0831007576727174e-08,-6.26957271744752e-15,1.083099503758174e-08,-6.26957271744752e-15,1.1076752634464723e-08
3091,1.0830431285257782e-08,-6.265004813489033e-15,1.0830418755248155e-08,-6.265004813489033e-15,1.1076277423458667e-08
3092,1.0827263684522383e-08,-6.256792340295606e-15,1.0827251170937703e-08,-6.256792340295606e-15,1.10731260279257e-08
3093,1.0815639343396337e-08,-6.237799174337584e-15,1.0815626867797989e-08,-6.237799174337584e-15,1.1061556858001866e-08
3094,1.0818718885919012e-08,-6.238077442666224e-15,1.0818706409764127e-08,-6.238077442666224e-15,1.1064556236505065e-08
3095,1.0826576472233822e-08,-6.245041474059983e-15,1.0826563982150873e-08,-6.245041474059983e-15,1.1072845547453029e-08
3096,1.0826652488859292e-08,-6.241284444577993e-15,1.0826640006290402e-08,-6.241284444577993e-15,1.1073454833963155e-08
3097,1.0826394081901383e-08,-6.236470292448842e-15,1.0826381608960798e-08,-6.236470292448842e-15,1.1073139964524157e-08
3098,1.0825783890458117e-08,-6.231128602994364e-15,1.0825771428200912e-08,-6.231128602994364e-15,1.1072649666678927e-08
3099,1.0824878332195974e-08,-6.2253282316062234e-15,1.082486588153951e-08,-6.2253282316062234e-15,1.1071809423913565e-08
3100,1.0823599745651585e-08,-6.21964900508385e-15,1.0823587306353575e-08,-6.21964900508385e-15,1.1070998483501449e-08
3101,1.0822932925678105e-08,-6.21389030296016e-15,1.0822920497897499e-08,-6.21389030296016e-15,1.1070132977877384e-08
3102,1.0821584895336019e-08,-6.207387862295489e-15,1.0821572480560295e-08,-6.207387862295489e-15,1.1068934089015846e-08
3103,1.0819971142440167e-08,-6.200601771998111e-15,1.0819958741236623e-08,-6.200601771998111e-15,1.1067807926544656e-08
3104,1.0818965097396192e-08,-6.1942737304753886e-15,1.081895270884873e-08,-6.1942737304753886e-15,1.1066615022488489e-08
3105,1.08172398538466e-08,-6.186849310553748e-15,1.0817227480147978e-08,-6.186849310553748e-15,1.1065061888974283e-08
3106,1.0815636794376453e-08,-6.1792826522374604e-15,1.0815624435811149e-08,-6.1792826522374604e-15,1.1063611970894313e-08
3107,1.0813588082000268e-08,-6.171629012636614e-15,1.0813575738742244e-08,-6.171629012636614e-15,1.1062081015329393e-08
3108,1.0811784740231713e-08,-6.163280833332394e-15,1.0811772413670046e-08,-6.163280833332394e-15,1.1060120170645094e-08
3109,1.0809794171439916e-08,-6.154625539675567e-15,1.0809781862188837e-08,-6.154625539675567e-15,1.10582912065223e-08
3110,1.0807327498532533e-08,-6.1458247434546e-15,1.0807315206883046e-08,-6.1458247434546e-15,1.1056364977717275e-08
3111,1.0804905122071143e-08,-6.135997052643439e-15,1.0804892850077038e-08,-6.135997052643439e-15,1.1053802905553357e-08
3112,1.0802354042798212e-08,-6.126019124052034e-15,1.0802341790759964e-08,-6.126019124052034e-15,1.1051425657318343e-08
3113,1.0799377902756304e-08,-6.11542811971307e-15,1.0799365671900065e-08,-6.11542811971307e-15,1.1049016886875594e-08
3114,1.0796146631028354e-08,-6.1039788285164954e-15,1.0796134423070697e-08,-6.1039788285164954e-15,1.1045673266535252e-08
3115,1.0792857230323103e-08,-6.09212602804292e-15,1.0792845046071046e-08,-6.09212602804292e-15,1.1042575050087384e-08
3116,1.0789715607620398e-08,-6.08001337623419e-15,1.0789703447593646e-08,-6.08001337623419e-15,1.1039640793545334e-08
3117,1.0785112333278832e-08,-6.0663711162118566e-15,1.07851002005366e-08,-6.0663711162118566e-15,1.103567647349113e-08
3118,1.078080416843021e-08,-6.051880516858837e-15,1.0780792064669176e-08,-6.051880516858837e-15,1.1031172393679657e-08
3119,1.0772466040364162e-08,-6.0320847020955174e-15,1.0772453976194759e-08,-6.0320847020955174e-15,1.1022939570269965e-08
3120,1.0760059376244932e-08,-6.006869277481598e-15,1.0760047362506376e-08,-6.006869277481598e-15,1.1010958214068084e-08
3121,1.0759831715701899e-08,-5.99692909084302e-15,1.0759819721843718e-08,-5.99692909084302e-15,1.1010813778051987e-08
3122,1.0758512688191797e-08,-5.98497234029883e-15,1.0758500718247117e-08,-5.98497234029883e-15,1.1009998634175847e-08
3123,1.0752012711306042e-08,-5.965215966603526e-15,1.0752000780874108e-08,-5.965215966603526e-15,1.100391842759604e-08
3124,1.0744728812971839e-08,-5.944324397876705e-15,1.0744716924323043e-08,-5.944324397876705e-15,1.0997488407903158e-08
3125,1.0737724201662482e-08,-5.9222916653879105e-15,1.073771235707915e-08,-5.9222916653879105e-15,1.0990374551300927e-08
3126,1.0729059853570869e-08,-5.897920855079439e-15,1.0729048057729158e-08,-5.897920855079439e-15,1.098202133174397e-08
3127,1.071859634181619e-08,-5.870802757215124e-15,1.0718584600210676e-08,-5.870802757215124e-15,1.0972349389129404e-08
3128,1.0708085788115208e-08,-5.8425811167290744e-15,1.0708074102952975e-08,-5.8425811167290744e-15,1.096184606900919e-08
3129,1.0696342447255136e-08,-5.811897344015995e-15,1.0696330823460448e-08,-5.811897344015995e-15,1.095055199237007e-08
3130,1.068225889230848e-08,-5.7771337165840384e-15,1.0682247338041047e-08,-5.7771337165840384e-15,1.0936983226397418e-08
3131,1.0666303240112258e-08,-5.739716139106945e-15,1.066629176067998e-08,-5.739716139106945e-15,1.0921982941766174e-08
3132,1.064991926938532e-08,-5.699634711127472e-15,1.0649907870115897e-08,-5.699634711127472e-15,1.0905733138479097e-08
3133,1.0630808774701227e-08,-5.655227780301189e-15,1.0630797464245667e-08,-5.655227780301189e-15,1.0887261500855703e-08
3134,1.0607550229922232e-08,-5.604585567244597e-15,1.0607539020751098e-08,-5.604585567244597e-15,1.0865126995189221e-08
3135,1.0582031548804096e-08,-5.549449276780099e-15,1.0582020449905543e-08,-5.549449276780099e-15,1.0839914827755778e-08
3136,1.0552446283265204e-08,-5.487674337099264e-15,1.055243530791653e-08,-5.487674337099264e-15,1.0811184931902576e-08
3137,1.0518667073722022e-08,-5.418840832208009e-15,1.0518656236040358e-08,-5.418840832208009e-15,1.0778344668268437e-08
3138,1.0479537369037528e-08,-5.3425708041427545e-15,1.047952668389592e-08,-5.3425708041427545e-15,1.07406356703318e-08
3139,1.0432797958799962e-08,-5.254442520919443e-15,1.043278744991492e-08,-5.254442520919443e-15,1.0694531690544352e-08
3140,1.0378552882940599e-08,-5.155817116957206e-15,1.0378542571306365e-08,-5.155817116957206e-15,1.064147345905281e-08
3141,1.0312284025843388e-08,-5.0415369426179414e-15,1.0312273942769504e-08,-5.0415369426179414e-15,1.0577061130394006e-08
3142,1.0231263333718503e-08,-4.908383031360592e-15,1.023125351695244e-08,-4.908383031360592e-15,1.049714736384021e-08
3143,1.0132976395093887e-08,-4.754275248417535e-15,1.0132966886543391e-08,-4.754275248417535e-15,1.0400509082075706e-08
3144,1.001306296823786e-08,-4.575424052104226e-15,1.0013053817389756e-08,-4.575424052104226e-15,1.0282455783626564e-08
3145,9.85690791371861e-09,-4.359544001402875e-15,9.856899194630608e-09,-4.359544001402875e-15,1.0128824124198103e-08
3146,9.665199836285297e-09,-4.1090597757263506e-15,9.665191618165746e-09,-4.1090597757263506e-15,9.938438323405277e-09
3147,9.408156388147078e-09,-3.802218453414225e-15,9.408148783710172e-09,-3.802218453414225e-15,9.683056433041246e-09
3148,9.071496722384368e-09,-3.43752992590775e-15,9.071489847324516e-09,-3.43752992590775e-15,9.347888099485405e-09
3149,8.6115554917092e-09,-2.9955172546800833e-15,8.611549500674691e-09,-2.9955172546800833e-15,8.88631542799689e-09
3150,7.963794116836406e-09,-2.463281774209743e-15,7.963789190272857e-09,-2.463281774209743e-15,8.233415376268822e-09
3151,7.053661550157493e-09,-1.853553540234168e-15,7.053657843050412e-09,-1.853553540234168e-15,7.309857515936174e-09
3152,5.7135324148843506e-09,-1.1837796663636352e-15,5.713530047325018e-09,-1.1837796663636352e-15,5.937006866927116e-09
3153,3.59461876033484e-09,-5.151727616929642e-16,3.5946177299893163e-09,-5.151727616929642e-16,3.744212736436373e-09
3154,1.013717755917035e-09,-9.660982332617843e-17,1.0137175626973884e-09,-9.660982332617843e-17,1.054171321459881e-09
3155,2.3714990752588486e-10,-2.0267130514832973e-17,2.371498669916238e-10,-2.0267130514832973e-17,2.455418625189065e-10
3156,1.6187475626812345e-10,-1.3585549722651646e-17,1.61874729097024e-10,-1.3585549722651646e-17,1.6667420313206327e-10
3157,4.072048250360678e-10,-3.438422599860552e-17,4.072047562676158e-10,-3.438422599860552e-17,4.1594124050742325e-10
3158,2.207426420205727e-09,-2.328989012003121e-16,2.2074259544079248e-09,-2.328989012003121e-16,2.2251687481599695e-09
3159,5.916639493146328e-09,-1.1557453633406693e-15,5.916637181655602e-09,-1.1557453633406693e-15,5.862240195810648e-09
3160,7.952041828465446e-09,-2.3351210131282597e-15,7.95203715822342e-09,-2.3351210131282597e-15,7.80358271908813e-09
3161,8.741509772581461e-09,-3.3042148915454357e-15,8.741503164151678e-09,-3.3042148915454357e-15,8.547178446377025e-09
3162,8.93221499004146e-09,-3.9911073480466786e-15,8.932207007826763e-09,-3.9911073480466786e-15,8.821368298828009e-09
3163,9.016471645145537e-09,-4.478041397750352e-15,9.016462689062741e-09,-4.478041397750352e-15,9.083506516234674e-09
3164,9.169779122613713e-09,-4.843141754312024e-15,9.169769436330204e-09,-4.843141754312024e-15,9.326286810692639e-09
3165,9.330182846288594e-09,-5.1123749588431195e-15,9.330172621538677e-09,-5.1123749588431195e-15,9.528538344423198e-09
3166,9.479432335904589e-09,-5.319802662514881e-15,9.479421696299264e-09,-5.319802662514881e-15,9.697908271126418e-09
3167,9.605204739800807e-09,-5.475761446828669e-15,9.605193788277914e-09,-5.475761446828669e-15,9.833970720124174e-09
3168,9.709365669864153e-09,-5.594167104267734e-15,9.709354481529944e-09,-5.594167104267734e-15,9.943875432195977e-09
3169,9.794250105420402e-09,-5.683346251936031e-15,9.794238738727898e-09,-5.683346251936031e-15,1.0032105257918719e-08
3170,9.852633476886037e-09,-5.735516190345256e-15,9.852622005853657e-09,-5.735516190345256e-15,1.009215359362049e-08
3171,9.836531637940469e-09,-5.685875243930436e-15,9.836520266189982e-09,-5.685875243930436e-15,1.0075062941063455e-08
3172,9.821734356937445e-09,-5.64012749101089e-15,9.821723076682463e-09,-5.64012749101089e-15,1.0059104059477554e-08
3173,9.948650957449414e-09,-5.790531206052449e-15,9.948639376387002e-09,-5.790531206052449e-15,1.0188852094488234e-08
3174,1.0047423342102752e-08,-5.9054897447207934e-15,1.0047411531123262e-08,-5.9054897447207934e-15,1.028973524304211e-08
3175,1.0088631259314988e-08,-5.941363729205366e-15,1.008861937658753e-08,-5.941363729205366e-15,1.0331556823599225e-08
3176,1.011887849138492e-08,-5.9633001070752545e-15,1.0118866564784704e-08,-5.9633001070752545e-15,1.0362285586564721e-08
3177,1.0144628623718223e-08,-5.980735064829562e-15,1.0144616662248093e-08,-5.980735064829562e-15,1.0387755769100248e-08
3178,1.0166626432667211e-08,-5.995123102359365e-15,1.0166614442421007e-08,-5.995123102359365e-15,1.0409553948968454e-08
3179,1.0185614340733362e-08,-6.006964152086591e-15,1.0185602326805057e-08,-6.006964152086591e-15,1.0428650117065232e-08
3180,1.0202486446622436e-08,-6.017073366097972e-15,1.0202474412475703e-08,-6.017073366097972e-15,1.0445353896474965e-08
3181,1.0217290919259135e-08,-6.0255014304454164e-15,1.0217278868256275e-08,-6.0255014304454164e-15,1.046010211085344e-08
3182,1.0230827647770827e-08,-6.033210493317808e-15,1.023081558134984e-08,-6.033210493317808e-15,1.0473650403727239e-08
3183,1.0242609767747355e-08,-6.039724012383517e-15,1.024259768829933e-08,-6.039724012383517e-15,1.0485553590077716e-08
3184,1.0253505247760947e-08,-6.045466513808898e-15,1.025349315682792e-08,-6.045466513808898e-15,1.0496296501542982e-08
3185,1.0263331279250204e-08,-6.050559518649668e-15,1.0263319178131168e-08,-6.050559518649668e-15,1.0506162502742984e-08
3186,1.0271937180378463e-08,-6.055029188272207e-15,1.0271925070320087e-08,-6.055029188272207e-15,1.051487362681991e-08
3187,1.0280104163120715e-08,-6.059182968584366e-15,1.0280092044754779e-08,-6.059182968584366e-15,1.0522893887309195e-08
3188,1.028737222745585e-08,-6.062841236996054e-15,1.0287360101773375e-08,-6.062841236996054e-15,1.0530170986046233e-08
3189,1.029381345300895e-08,-6.066039567446575e-15,1.0293801320929814e-08,-6.066039567446575e-15,1.053677864672165e-08
3190,1.0300060255487532e-08,-6.069373596346986e-15,1.0300048116740339e-08,-6.069373596346986e-15,1.054290207632852e-08
3191,1.0305624226636295e-08,-6.072217434006939e-15,1.0305612082201428e-08,-6.072217434006939e-15,1.0548459119831814e-08
3192,1.0310720259845026e-08,-6.0748009790509e-15,1.0310708110243067e-08,-6.0748009790509e-15,1.0553586295838056e-08
3193,1.0315195073051431e-08,-6.077347349406977e-15,1.0315182918356733e-08,-6.077347349406977e-15,1.055824559507511e-08
3194,1.0319623237121548e-08,-6.079789798477808e-15,1.0319611077541951e-08,-6.079789798477808e-15,1.0562497155515648e-08
3195,1.032353809048392e-08,-6.082037043875818e-15,1.0323525926409832e-08,-6.082037043875818e-15,1.0566505392205354e-08
3196,1.0327041596024976e-08,-6.084073075484576e-15,1.0327029427878825e-08,-6.084073075484576e-15,1.057024363689841e-08
3197,1.0330685263156008e-08,-6.08641572446484e-15,1.033067309032456e-08,-6.08641572446484e-15,1.0573762702933617e-08
3198,1.033389287116733e-08,-6.088418823937137e-15,1.0333880694329682e-08,-6.088418823937137e-15,1.0577042961683837e-08
3199,1.0336875965721735e-08,-6.0902853383477125e-15,1.0336863785151059e-08,-6.0902853383477125e-15,1.0580071419291605e-08
3200,1.0339493945884098e-08,-6.092290662773679e-15,1.0339481761302773e-08,-6.092290662773679e-15,1.0582953880480614e-08
3201,1.0342308990516551e-08,-6.0942428948722515e-15,1.0342296802030761e-08,-6.0942428948722515e-15,1.0585631535445185e-08
3202,1.0344714623243887e-08,-6.096026242277926e-15,1.0344702431191403e-08,-6.096026242277926e-15,1.0588108135323717e-08
3203,1.0346790389121137e-08,-6.097678157956978e-15,1.034677819376482e-08,-6.097678157956978e-15,1.0590442824843302e-08
3204,1.0349154062371984e-08,-6.099748350091787e-15,1.0349141862875283e-08,-6.099748350091787e-15,1.0592667115074707e-08
3205,1.0351137583974005e-08,-6.101464761769143e-15,1.0351125381044481e-08,-6.101464761769143e-15,1.0594726240530358e-08
3206,1.0352966450813211e-08,-6.103040321699485e-15,1.0352954244732568e-08,-6.103040321699485e-15,1.0596625480482373e-08
3207,1.0354562571248585e-08,-6.104877476571545e-15,1.0354550361493632e-08,-6.104877476571545e-15,1.0598510158383578e-08
3208,1.0356453198993049e-08,-6.106681933145073e-15,1.0356440985629183e-08,-6.106681933145073e-15,1.0600254809605765e-08
3209,1.0357981988015902e-08,-6.108319824324545e-15,1.0357969771376253e-08,-6.108319824324545e-15,1.0601862752114182e-08
3210,1.035919281047061e-08,-6.109786954460896e-15,1.03591805908967e-08,-6.109786954460896e-15,1.0603368484194019e-08
3211,1.0360840459379441e-08,-6.111795333894125e-15,1.0360828235788774e-08,-6.111795333894125e-15,1.0604866978488553e-08
3212,1.0362140867170618e-08,-6.113435370492992e-15,1.0362128640299877e-08,-6.113435370492992e-15,1.0606247486090682e-08
3213,1.0363324120561221e-08,-6.114931569834174e-15,1.0363311890698081e-08,-6.114931569834174e-15,1.0607510249537105e-08
3214,1.0364226127118576e-08,-6.116604178814424e-15,1.0364213893910218e-08,-6.116604178814424e-15,1.0608732350345135e-08
3215,1.0365603470799554e-08,-6.118398209582471e-15,1.0365591234003135e-08,-6.118398209582471e-15,1.0609954999106277e-08
3216,1.0366641342682545e-08,-6.120007503277238e-15,1.0366629102667539e-08,-6.120007503277238e-15,1.0611075847981704e-08
3217,1.0367332362713204e-08,-6.121375699011854e-15,1.0367320119961806e-08,-6.121375699011854e-15,1.0612095127831598e-08
3218,1.0368483265356064e-08,-6.123276607097313e-15,1.036847101880285e-08,-6.123276607097313e-15,1.0613085484569511e-08
3219,1.0369401346816395e-08,-6.124919095556534e-15,1.0369389096978203e-08,-6.124919095556534e-15,1.0614088697274438e-08
3220,1.0370233344126032e-08,-6.126409932009242e-15,1.0370221091306169e-08,-6.126409932009242e-15,1.0615006293768299e-08
3221,1.0370734847649445e-08,-6.128012302251203e-15,1.0370722591624841e-08,-6.128012302251203e-15,1.0615841289767598e-08
3222,1.0371701315484498e-08,-6.129687577093148e-15,1.0371689056109344e-08,-6.129687577093148e-15,1.0616646114228489e-08
3223,1.0372447992177825e-08,-6.131209325518139e-15,1.0372435729759174e-08,-6.131209325518139e-15,1.0617482155804982e-08
3224,1.0372868341734202e-08,-6.132833139011095e-15,1.0372856076067925e-08,-6.132833139011095e-15,1.0618245426502819e-08
3225,1.0373726271001499e-08,-6.134487116888441e-15,1.0373714002027265e-08,-6.134487116888441e-15,1.0618936089045912e-08
3226,1.0374287042335644e-08,-6.1359882794446286e-15,1.0374274770359085e-08,-6.1359882794446286e-15,1.0619584973169697e-08
3227,1.0374646036816398e-08,-6.137387538907043e-15,1.037463376204132e-08,-6.137387538907043e-15,1.0620291741389956e-08
3228,1.0375455412253888e-08,-6.139270981773265e-15,1.0375443133711925e-08,-6.139270981773265e-15,1.0620930780714781e-08
3229,1.0375944863374478e-08,-6.140786023211123e-15,1.0375932581802432e-08,-6.140786023211123e-15,1.06215021746939e-08
3230,1.0376369426936566e-08,-6.142155153535271e-15,1.0376357142626259e-08,-6.142155153535271e-15,1.0622014080407882e-08
3231,1.037658380780875e-08,-6.143768124822398e-15,1.03765715202725e-08,-6.143768124822398e-15,1.0622583145462294e-08
3232,1.0377283135950714e-08,-6.145424353203096e-15,1.0377270845102008e-08,-6.145424353203096e-15,1.0623111899618221e-08
3233,1.037767011583902e-08,-6.146907908241961e-15,1.0377657822023203e-08,-6.146907908241961e-15,1.0623587582628068e-08
3234,1.0377738470569676e-08,-6.1481423776535476e-15,1.0377726174284921e-08,-6.1481423776535476e-15,1.062401031665459e-08
3235,1.037834544796739e-08,-6.149948017404909e-15,1.0378333148071354e-08,-6.149948017404909e-15,1.0624454443722073e-08
3236,1.0378692633483238e-08,-6.151417361967484e-15,1.0378680330648515e-08,-6.151417361967484e-15,1.0624895052931781e-08
3237,1.0378997075416706e-08,-6.152743401609425e-15,1.0378984769929902e-08,-6.152743401609425e-15,1.0625295082737062e-08
3238,1.037899905031928e-08,-6.1541981956842895e-15,1.0378986741922889e-08,-6.1541981956842895e-15,1.062565896717635e-08
3239,1.0379524090334305e-08,-6.155718739213832e-15,1.0379511778896827e-08,-6.155718739213832e-15,1.0626017551255887e-08
3240,1.0379833317889191e-08,-6.15716524341162e-15,1.0379821003558705e-08,-6.15716524341162e-15,1.0626417530563575e-08
3241,1.0379825717302375e-08,-6.158356228707676e-15,1.0379813400589918e-08,-6.158356228707676e-15,1.062677230961452e-08
3242,1.0380316125554773e-08,-6.16007829819008e-15,1.0380303805398176e-08,-6.16007829819008e-15,1.0627081737852674e-08
3243,1.0380499402849875e-08,-6.161415906401514e-15,1.0380487080018062e-08,-6.161415906401514e-15,1.0627353197789624e-08
3244,1.0380723484643124e-08,-6.1627102463018274e-15,1.038071115922263e-08,-6.1627102463018274e-15,1.0627670792770435e-08
3245,1.0380667812214522e-08,-6.1641707744949144e-15,1.0380655483872972e-08,-6.1641707744949144e-15,1.0627974071758609e-08
3246,1.038111042875907e-08,-6.165677214739809e-15,1.0381098097404642e-08,-6.165677214739809e-15,1.062822905020754e-08
3247,1.0381233808103148e-08,-6.167004410204521e-15,1.0381221474094328e-08,-6.167004410204521e-15,1.0628435555654435e-08
3248,1.0381046002689259e-08,-6.168076973210725e-15,1.0381033666535313e-08,-6.168076973210725e-15,1.0628624766783024e-08
3249,1.0381401542650208e-08,-6.16969440044041e-15,1.0381389203261406e-08,-6.16969440044041e-15,1.0628811913751039e-08
3250,1.038148416276776e-08,-6.170930759012067e-15,1.0381471820906241e-08,-6.170930759012067e-15,1.0628998578494404e-08
3251,1.0381563137867598e-08,-6.172031868076104e-15,1.0381550793803862e-08,-6.172031868076104e-15,1.0629185634595228e-08
3252,1.0381365005304449e-08,-6.173275852052596e-15,1.0381352658752745e-08,-6.173275852052596e-15,1.0629373436418796e-08
3253,1.0381774824148346e-08,-6.1746518094347164e-15,1.0381762474844727e-08,-6.1746518094347164e-15,1.0629602402930304e-08
3254,1.0381932214304193e-08,-6.175919012507584e-15,1.0381919862466168e-08,-6.175919012507584e-15,1.0629842893879177e-08
3255,1.038175610489496e-08,-6.176927623180824e-15,1.0381743751039713e-08,-6.176927623180824e-15,1.06300305800337e-08
3256,1.0382090590513668e-08,-6.178488622700812e-15,1.0382078233536423e-08,-6.178488622700812e-15,1.063016448233247e-08
3257,1.0382107897735905e-08,-6.1796540344679064e-15,1.0382095538427836e-08,-6.1796540344679064e-15,1.0630268629778242e-08
3258,1.0382105579577922e-08,-6.180678409067799e-15,1.0382093218221105e-08,-6.180678409067799e-15,1.0630369206550202e-08
3259,1.0381819347858654e-08,-6.181847819946982e-15,1.0381806984163015e-08,-6.181847819946982e-15,1.0630468535419062e-08
3260,1.0382095728563788e-08,-6.183076888541694e-15,1.0382083362410011e-08,-6.183076888541694e-15,1.0630567591951252e-08
3261,1.0382089708722739e-08,-6.184025589021247e-15,1.038207734067156e-08,-6.184025589021247e-15,1.0630666951021702e-08
3262,1.0381797899647338e-08,-6.185119263530609e-15,1.0381785529408811e-08,-6.185119263530609e-15,1.063076671179561e-08
3263,1.0382135616886303e-08,-6.186363028757116e-15,1.0382123244160246e-08,-6.186363028757116e-15,1.0630910091355543e-08
3264,1.0382163115304721e-08,-6.187431179426023e-15,1.0382150740442362e-08,-6.187431179426023e-15,1.0631020179829483e-08
3265,1.038186042342394e-08,-6.1882414777109626e-15,1.0381848046940985e-08,-6.1882414777109626e-15,1.0631090268324134e-08
3266,1.0382092901362583e-08,-6.189618791096793e-15,1.0382080522125001e-08,-6.189618791096793e-15,1.0631119600056648e-08
3267,1.0382019363202847e-08,-6.1905964755642224e-15,1.0382006982009896e-08,-6.1905964755642224e-15,1.0631142051933418e-08
3268,1.0381938813492213e-08,-6.191436865535194e-15,1.0381926430618482e-08,-6.191436865535194e-15,1.0631162757129934e-08
3269,1.03815691725714e-08,-6.192427043967811e-15,1.0381556787717312e-08,-6.192427043967811e-15,1.0631182586244317e-08
3270,1.0381773919130248e-08,-6.193480680298721e-15,1.0381761532168887e-08,-6.193480680298721e-15,1.0631202296779244e-08
3271,1.0381694678616076e-08,-6.1943588009916614e-15,1.0381682289898475e-08,-6.1943588009916614e-15,1.0631225624334324e-08
3272,1.038132260442887e-08,-6.194982299350752e-15,1.038131021446427e-08,-6.194982299350752e-15,1.0631249235784609e-08
3273,1.0381559499038482e-08,-6.196232712259062e-15,1.0381547106573058e-08,-6.196232712259062e-15,1.063128722895534e-08
3274,1.0381485691665114e-08,-6.1970799377930434e-15,1.0381473297505239e-08,-6.1970799377930434e-15,1.063129847251894e-08
3275,1.0381380823218026e-08,-6.197788095018255e-15,1.0381368427641835e-08,-6.197788095018255e-15,1.0631280755540843e-08
3276,1.0380956597911533e-08,-6.1986440408457434e-15,1.038094420062345e-08,-6.1986440408457434e-15,1.0631233515256062e-08
3277,1.0381097878059164e-08,-6.1995605756450815e-15,1.0381085478938012e-08,-6.1995605756450815e-15,1.063118188649407e-08
3278,1.0380945816413496e-08,-6.200297726386206e-15,1.0380933415818043e-08,-6.200297726386206e-15,1.0631128773507687e-08
3279,1.0380495689258653e-08,-6.200778300441295e-15,1.0380483287702052e-08,-6.200778300441295e-15,1.0631074762140332e-08
3280,1.0380629629721852e-08,-6.2018448611348195e-15,1.0380617226032129e-08,-6.2018448611348195e-15,1.063101638551103e-08
3281,1.038047006620318e-08,-6.202506562737214e-15,1.0380457661190055e-08,-6.202506562737214e-15,1.0630953764157213e-08
3282,1.0380306561415544e-08,-6.203030303407044e-15,1.0380294155354937e-08,-6.203030303407044e-15,1.0630890783413483e-08
3283,1.0379838088655731e-08,-6.2036981213183125e-15,1.0379825681259489e-08,-6.2036981213183125e-15,1.0630812259723253e-08
3284,1.0379941531578113e-08,-6.204422006169458e-15,1.0379929122734101e-08,-6.204422006169458e-15,1.0630711789710297e-08
3285,1.0379733384479424e-08,-6.2049627367211155e-15,1.037972097455395e-08,-6.2049627367211155e-15,1.0630593273626204e-08
3286,1.0379207558789782e-08,-6.205242010825808e-15,1.037919514830576e-08,-6.205242010825808e-15,1.0630456370191086e-08
3287,1.03792636905152e-08,-6.2061174768013706e-15,1.0379251278280246e-08,-6.2061174768013706e-15,1.0630309980557256e-08
3288,1.0379021834427567e-08,-6.206587764864469e-15,1.0379009421252036e-08,-6.206587764864469e-15,1.0630161769399161e-08
3289,1.0378774982500234e-08,-6.2069189449458e-15,1.0378762568662344e-08,-6.2069189449458e-15,1.0630012459360693e-08
3290,1.0378231526542907e-08,-6.207408549293816e-15,1.0378219111725809e-08,-6.207408549293816e-15,1.062986477644826e-08
3291,1.037828460281694e-08,-6.207969196530643e-15,1.0378272186878548e-08,-6.207969196530643e-15,1.0629717822880103e-08
3292,1.0378001073180355e-08,-6.208296283551558e-15,1.0377988656587788e-08,-6.208296283551558e-15,1.0629528169635904e-08
3293,1.0377387770410316e-08,-6.208332287655479e-15,1.037737535374574e-08,-6.208332287655479e-15,1.0629309896432489e-08
3294,1.037736769397194e-08,-6.208974240888553e-15,1.0377355276023459e-08,-6.208974240888553e-15,1.0629082274670557e-08
3295,1.037704291540527e-08,-6.2092072480726624e-15,1.0377030496990774e-08,-6.2092072480726624e-15,1.0628845100575771e-08
3296,1.0376694047041951e-08,-6.209280207459145e-15,1.0376681628481536e-08,-6.209280207459145e-15,1.0628589389618313e-08
3297,1.0375862351082326e-08,-6.209265231390976e-15,1.0375849932551863e-08,-6.209265231390976e-15,1.0628146092722139e-08
3298,1.0375625840188224e-08,-6.209318900995793e-15,1.0375613421550421e-08,-6.209318900995793e-15,1.0627695464364935e-08
3299,1.0374700334313997e-08,-6.208549448861302e-15,1.03746879172151e-08,-6.208549448861302e-15,1.0626842763476263e-08
3300,1.0372577280033864e-08,-6.2067171353932146e-15,1.0372564866599593e-08,-6.2067171353932146e-15,1.0625064668054357e-08
3301,1.0364778387410904e-08,-6.1962992686009105e-15,1.0364765994812367e-08,-6.1962992686009105e-15,1.0616774425174196e-08
3302,1.0335725884876006e-08,-6.1569849726191066e-15,1.0335713570906061e-08,-6.1569849726191066e-15,1.0586754349033808e-08
3303,1.0289752981121623e-08,-6.095424773902068e-15,1.0289740790272075e-08,-6.095424773902068e-15,1.053950831406352e-08
3304,1.0283963054157208e-08,-6.089802607061078e-15,1.0283950874551994e-08,-6.089802607061078e-15,1.0533289616062928e-08
3305,1.0324559046359086e-08,-6.1487242965121425e-15,1.0324546748910492e-08,-6.1487242965121425e-15,1.057553751341521e-08
3306,1.0355007089142265e-08,-6.19080889557201e-15,1.0354994707524474e-08,-6.19080889557201e-15,1.0607511783033867e-08
3307,1.0364216847983148e-08,-6.202899997996028e-15,1.0364204442183152e-08,-6.202899997996028e-15,1.0617981506798947e-08
3308,1.0367535084707493e-08,-6.205452712326875e-15,1.0367522673802069e-08,-6.205452712326875e-15,1.0621320044102713e-08
3309,1.0368922456861676e-08,-6.206287872919104e-15,1.036891004428593e-08,-6.206287872919104e-15,1.062247589060899e-08
3310,1.0369061201934385e-08,-6.20641988312148e-15,1.0369048789094619e-08,-6.20641988312148e-15,1.062274112421847e-08
3311,1.036921888277192e-08,-6.206756552544488e-15,1.0369206469258815e-08,-6.206756552544488e-15,1.0622585388178117e-08
3312,1.0368942491530149e-08,-6.206623719567667e-15,1.036893007828271e-08,-6.206623719567667e-15,1.0622354314637058e-08
3313,1.036859209894601e-08,-6.206300696930911e-15,1.0368579686344616e-08,-6.206300696930911e-15,1.0622072875750075e-08
3314,1.0367708324786009e-08,-6.205866152867862e-15,1.0367695913053704e-08,-6.205866152867862e-15,1.0621574870537553e-08
3315,1.0367429380571318e-08,-6.2054992382218946e-15,1.0367416969572841e-08,-6.2054992382218946e-15,1.0621072060778948e-08
3316,1.0366837162513674e-08,-6.204945553544941e-15,1.0366824752622567e-08,-6.204945553544941e-15,1.062056620709112e-08
3317,1.0365820801906245e-08,-6.203975297321744e-15,1.036580839395565e-08,-6.203975297321744e-15,1.0619948392152776e-08
3318,1.0365355765260386e-08,-6.203537018299721e-15,1.036534335818635e-08,-6.203537018299721e-15,1.0619257353516379e-08
3319,1.0364369546229332e-08,-6.202380848541211e-15,1.0364357141467635e-08,-6.202380848541211e-15,1.0618344495518751e-08
3320,1.0363310228795184e-08,-6.200987029464155e-15,1.0363297826821125e-08,-6.200987029464155e-15,1.0617360284538349e-08
3321,1.0361514687530222e-08,-6.1991845737482685e-15,1.0361502289161074e-08,-6.1991845737482685e-15,1.061593698205014e-08
3322,1.0359666459570561e-08,-6.19653448427626e-15,1.0359654066501593e-08,-6.19653448427626e-15,1.0613813683616856e-08
3323,1.0356155782115489e-08,-6.191845183238872e-15,1.0356143398425122e-08,-6.191845183238872e-15,1.0610290064425629e-08
3324,1.0346140233287499e-08,-6.178426869518965e-15,1.034612787643376e-08,-6.178426869518965e-15,1.0600347553528544e-08
3325,1.0306260146051032e-08,-6.124023396365347e-15,1.030624789800424e-08,-6.124023396365347e-15,1.055877293361963e-08
3326,1.017283851133464e-08,-5.944468061903823e-15,1.0172826622398516e-08,-5.944468061903823e-15,1.0420496025231567e-08
3327,9.973579617116745e-09,-5.6850092095273995e-15,9.973568247098326e-09,-5.6850092095273995e-15,1.0213981956233745e-08
3328,9.930223476347697e-09,-5.6371204636491265e-15,9.93021220210677e-09,-5.6371204636491265e-15,1.0169436559005083e-08
3329,1.009622045596494e-08,-5.8637085459237114e-15,1.0096208728547848e-08,-5.8637085459237114e-15,1.0341622363720025e-08
3330,1.0250293767787112e-08,-6.073873032694761e-15,1.0250281620041047e-08,-6.073873032694761e-15,1.0502935317429815e-08
3331,1.0309046804817247e-08,-6.147696215275044e-15,1.0309034509424816e-08,-6.147696215275044e-15,1.0566586350612541e-08
3332,1.0328839839861665e-08,-6.1640936185645915e-15,1.0328827511674427e-08,-6.1640936185645915e-15,1.0587594909299828e-08
3333,1.0338450521315597e-08,-6.1692082684513535e-15,1.033843818289906e-08,-6.1692082684513535e-15,1.0596067414799326e-08
3334,1.0342875703848137e-08,-6.1712424908588565e-15,1.0342863361363156e-08,-6.1712424908588565e-15,1.0599175430494945e-08
3335,1.0344066478423313e-08,-6.171703266448833e-15,1.034405413501678e-08,-6.171703266448833e-15,1.0600177874640271e-08
3336,1.0344472798906434e-08,-6.171081722313715e-15,1.034446045674299e-08,-6.171081722313715e-15,1.0600102215708092e-08
3337,1.0344224200193976e-08,-6.169999076700396e-15,1.0344211860195822e-08,-6.169999076700396e-15,1.05998022411321e-08
3338,1.0343416200958758e-08,-6.1689278018827714e-15,1.0343403863103154e-08,-6.1689278018827714e-15,1.0599340259719064e-08
3339,1.0342924175287984e-08,-6.167538682927726e-15,1.0342911840210618e-08,-6.167538682927726e-15,1.0598589335770388e-08
3340,1.0342098217473326e-08,-6.1659496748776145e-15,1.0342085885573977e-08,-6.1659496748776145e-15,1.059783402717169e-08
3341,1.034076189872813e-08,-6.1638388830657736e-15,1.0340749571050364e-08,-6.1638388830657736e-15,1.0596903049970156e-08
3342,1.0339952994861404e-08,-6.162202612652237e-15,1.0339940670456179e-08,-6.162202612652237e-15,1.0595857261798768e-08
3343,1.0338840202454729e-08,-6.160142905930496e-15,1.0338827882168918e-08,-6.160142905930496e-15,1.0594823976249841e-08
3344,1.0337734844306564e-08,-6.157936289128935e-15,1.0337722528433987e-08,-6.157936289128935e-15,1.059380336111307e-08
3345,1.0336297218836743e-08,-6.155870232409139e-15,1.0336284907096279e-08,-6.155870232409139e-15,1.0592769249785444e-08
3346,1.0335188626700027e-08,-6.153447846705932e-15,1.0335176319804333e-08,-6.153447846705932e-15,1.0591419413869981e-08
3347,1.0333778983692651e-08,-6.150832838815693e-15,1.0333766682026973e-08,-6.150832838815693e-15,1.0590091499815731e-08
3348,1.0332061824151852e-08,-6.1479421142435525e-15,1.0332049528267624e-08,-6.1479421142435525e-15,1.0588785660272788e-08
3349,1.0331017688841185e-08,-6.14570862142565e-15,1.0331005397423943e-08,-6.14570862142565e-15,1.0587500926640152e-08
3350,1.0329500775789013e-08,-6.142807289701644e-15,1.0329488490174434e-08,-6.142807289701644e-15,1.0586054192132115e-08
3351,1.0327777063369033e-08,-6.139472511252262e-15,1.032776478442401e-08,-6.139472511252262e-15,1.0584408489272796e-08
3352,1.0325754379255024e-08,-6.136306919003915e-15,1.0325742106641186e-08,-6.136306919003915e-15,1.0582790897171261e-08
3353,1.0324411631019494e-08,-6.133221763232582e-15,1.0324399364575967e-08,-6.133221763232582e-15,1.0581201505840033e-08
3354,1.0322764553888853e-08,-6.129947218603861e-15,1.0322752293994417e-08,-6.129947218603861e-15,1.0579627633624458e-08
3355,1.0320448362463773e-08,-6.125912211511216e-15,1.032043611063935e-08,-6.125912211511216e-15,1.0577714113827772e-08
3356,1.0318685815320793e-08,-6.12235979155739e-15,1.031867357060121e-08,-6.12235979155739e-15,1.057569717516262e-08
3357,1.0316634844400615e-08,-6.118380088380976e-15,1.0316622607640438e-08,-6.118380088380976e-15,1.0573716347144328e-08
3358,1.0314614604586882e-08,-6.1142366697475325e-15,1.0314602376113543e-08,-6.1142366697475325e-15,1.057177197940901e-08
3359,1.0312287027988262e-08,-6.110280549711636e-15,1.0312274807427162e-08,-6.110280549711636e-15,1.0569836703913605e-08
3360,1.0310049524964415e-08,-6.105598534433818e-15,1.0310037313767347e-08,-6.105598534433818e-15,1.0567333749648553e-08
3361,1.0307473753499082e-08,-6.100675866237326e-15,1.030746155214735e-08,-6.100675866237326e-15,1.0564824436919504e-08
3362,1.0304606195882335e-08,-6.095456071521107e-15,1.0304594004970192e-08,-6.095456071521107e-15,1.056236177451924e-08
3363,1.0302452293677492e-08,-6.090909196151118e-15,1.03024401118591e-08,-6.090909196151118e-15,1.0559946431377769e-08
3364,1.0299985725131896e-08,-6.085906063706434e-15,1.0299973553319769e-08,-6.085906063706434e-15,1.0557523062301033e-08
3365,1.0296958849565504e-08,-6.079982796505664e-15,1.029694668959991e-08,-6.079982796505664e-15,1.0554548587215276e-08
3366,1.0293628726145358e-08,-6.074223269841275e-15,1.0293616577698818e-08,-6.074223269841275e-15,1.0551606133190726e-08
3367,1.0290726827569844e-08,-6.068173270745545e-15,1.0290714691223302e-08,-6.068173270745545e-15,1.0548426378414541e-08
3368,1.0287308354035576e-08,-6.061604370935161e-15,1.0287296230826834e-08,-6.061604370935161e-15,1.0545069474917971e-08
3369,1.0283596030283444e-08,-6.054728063595927e-15,1.0283583920827317e-08,-6.054728063595927e-15,1.0541740798866684e-08
3370,1.0280089412865124e-08,-6.047839778299111e-15,1.0280077317185567e-08,-6.047839778299111e-15,1.0537946835730716e-08
3371,1.0276311494338138e-08,-6.0405107797876425e-15,1.0276299413316579e-08,-6.0405107797876425e-15,1.053420504525868e-08
3372,1.0272254537767355e-08,-6.0326013514527836e-15,1.0272242472564653e-08,-6.0326013514527836e-15,1.0530183457186355e-08
3373,1.0267562303223443e-08,-6.024390823003338e-15,1.0267550254441797e-08,-6.024390823003338e-15,1.0525871042122233e-08
3374,1.0263610173875105e-08,-6.016269859026609e-15,1.0263598141335388e-08,-6.016269859026609e-15,1.0521602483561348e-08
3375,1.0258744368443618e-08,-6.006990691020928e-15,1.0258732354462235e-08,-6.006990691020928e-15,1.0516765885324129e-08
3376,1.0253541528638334e-08,-5.99780493472858e-15,1.0253529533028464e-08,-5.99780493472858e-15,1.051192904481318e-08
3377,1.0248751910209002e-08,-5.988265524127615e-15,1.0248739933677953e-08,-5.988265524127615e-15,1.0506809866374428e-08
3378,1.024296718487641e-08,-5.9775591241911575e-15,1.024295522975816e-08,-5.9775591241911575e-15,1.0501039167381134e-08
3379,1.0236916735589285e-08,-5.966566825947889e-15,1.0236904802455633e-08,-5.966566825947889e-15,1.0495338121287305e-08
3380,1.023092426752947e-08,-5.955327434222358e-15,1.0230912356874602e-08,-5.955327434222358e-15,1.0489005561519118e-08
3381,1.022437089692799e-08,-5.9432178261065486e-15,1.0224359010492337e-08,-5.9432178261065486e-15,1.0482445543926181e-08
3382,1.0217227071243214e-08,-5.930063298372579e-15,1.0217215211116618e-08,-5.930063298372579e-15,1.0475280747314114e-08
3383,1.0209447403821633e-08,-5.916597676602366e-15,1.020943557062628e-08,-5.916597676602366e-15,1.0467832484517028e-08
3384,1.0201759760365254e-08,-5.902283195182491e-15,1.0201747955798865e-08,-5.902283195182491e-15,1.0459763158037614e-08
3385,1.01932885248055e-08,-5.887059375587441e-15,1.0193276750686749e-08,-5.887059375587441e-15,1.0451251907846931e-08
3386,1.0183861499368215e-08,-5.870616270430868e-15,1.0183849758135675e-08,-5.870616270430868e-15,1.0442124774228942e-08
3387,1.0174473697337358e-08,-5.853856220943367e-15,1.0174461989624916e-08,-5.853856220943367e-15,1.0432323806108508e-08
3388,1.0164205097434304e-08,-5.83579014269548e-15,1.016419342585402e-08,-5.83579014269548e-15,1.0421970335154416e-08
3389,1.0152919141358391e-08,-5.816084076208339e-15,1.0152907509190238e-08,-5.816084076208339e-15,1.0410591992317589e-08
3390,1.014089387525402e-08,-5.795903813555227e-15,1.0140882283446394e-08,-5.795903813555227e-15,1.0398812480626354e-08
3391,1.0128034886154961e-08,-5.773640523621096e-15,1.0128023338873914e-08,-5.773640523621096e-15,1.0385468491686073e-08
3392,1.0114722095475927e-08,-5.750873294604102e-15,1.0114710593729338e-08,-5.750873294604102e-15,1.0372010440847123e-08
3393,1.0098557969179043e-08,-5.7244189497362746e-15,1.0098546520341143e-08,-5.7244189497362746e-15,1.0356019911644352e-08
3394,1.0083332690257429e-08,-5.6987744559785694e-15,1.0083321292708517e-08,-5.6987744559785694e-15,1.0340240507029109e-08
3395,1.0064567780186803e-08,-5.668425190390316e-15,1.0064556443336423e-08,-5.668425190390316e-15,1.0321176936750096e-08
3396,1.0043238595689773e-08,-5.6345142292676414e-15,1.0043227326661314e-08,-5.6345142292676414e-15,1.029950339450891e-08
3397,1.0020720833717989e-08,-5.599638149604393e-15,1.0020709634441689e-08,-5.599638149604393e-15,1.027697592669954e-08
3398,9.999470658864376e-09,-5.5654163404161575e-15,9.999459528031695e-09,-5.5654163404161575e-15,1.0255088564891965e-08
3399,9.976901102238745e-09,-5.529493851268374e-15,9.976890043251043e-09,-5.529493851268374e-15,1.0232264237008842e-08
3400,9.951693699698787e-09,-5.490047603749564e-15,9.95168271960358e-09,-5.490047603749564e-15,1.0207127417783092e-08
3401,9.923944910333928e-09,-5.446870489995282e-15,9.923934016592949e-09,-5.446870489995282e-15,1.0178615212258288e-08
3402,9.892125709873453e-09,-5.398417633547513e-15,9.892114913038187e-09,-5.398417633547513e-15,1.0146262117116132e-08
3403,9.856704333051737e-09,-5.345274290709812e-15,9.856693642503156e-09,-5.345274290709812e-15,1.0110196123129569e-08
3404,9.817185297008588e-09,-5.2876982331584924e-15,9.817174721612122e-09,-5.2876982331584924e-15,1.0070320371529778e-08
3405,9.774185846530307e-09,-5.225068178118833e-15,9.77417539639395e-09,-5.225068178118833e-15,1.00261367058382e-08
3406,9.726104184183283e-09,-5.156577682702217e-15,9.726093871027919e-09,-5.156577682702217e-15,9.977130314417213e-09
3407,9.671624036398445e-09,-5.0807101958120965e-15,9.671613874978053e-09,-5.0807101958120965e-15,9.921964717566308e-09
3408,9.609951555852098e-09,-4.996369188561391e-15,9.609941563113721e-09,-4.996369188561391e-15,9.858678182515423e-09
3409,9.5406274327606e-09,-4.903470651644652e-15,9.540617625819298e-09,-4.903470651644652e-15,9.787924408395306e-09
3410,9.462381657946541e-09,-4.800761310433929e-15,9.46237205642392e-09,-4.800761310433929e-15,9.708032071658053e-09
3411,9.37362374383495e-09,-4.687617857773307e-15,9.373614368599234e-09,-4.687617857773307e-15,9.617733570552271e-09
3412,9.274015926259202e-09,-4.562944442723056e-15,9.274006800370317e-09,-4.562944442723056e-15,9.515511315731133e-09
3413,9.15618916667914e-09,-4.42032359332053e-15,9.156180326031954e-09,-4.42032359332053e-15,9.394992496862178e-09
3414,9.018817824515484e-09,-4.260057700542783e-15,9.018809304400083e-09,-4.260057700542783e-15,9.254788701998107e-09
3415,8.867156799455435e-09,-4.087888171830626e-15,8.867148623679091e-09,-4.087888171830626e-15,9.099096026839516e-09
3416,8.683121006885168e-09,-3.888149975848321e-15,8.683113230585217e-09,-3.888149975848321e-15,8.910527020965163e-09
3417,8.468468787115495e-09,-3.665681635201546e-15,8.468461455752225e-09,-3.665681635201546e-15,8.690807534730703e-09
3418,8.21517223697282e-09,-3.4166777646074397e-15,8.215165403617291e-09,-3.4166777646074397e-15,8.430547649779512e-09
3419,7.908996625360582e-09,-3.134169821445822e-15,7.90899035702094e-09,-3.134169821445822e-15,8.116230353858329e-09
3420,7.542706740205771e-09,-2.8202600740759037e-15,7.542701099685623e-09,-2.8202600740759037e-15,7.739932065872867e-09
3421,7.109758387585462e-09,-2.4807080876678743e-15,7.109753426169287e-09,-2.4807080876678743e-15,7.295224403553725e-09
3422,6.575379368094062e-09,-2.104355118340454e-15,6.575375159383825e-09,-2.104355118340454e-15,6.745288914948559e-09
3423,5.925242911598252e-09,-1.704305110243288e-15,5.9252395029880315e-09,-1.704305110243288e-15,6.076336489357154e-09
3424,5.135066853999636e-09,-1.2940615896471887e-15,5.135064265876456e-09,-1.2940615896471887e-15,5.263382696735178e-09
3425,4.162827572509529e-09,-8.888251181752109e-16,4.162825794859293e-09,-8.888251181752109e-16,4.2626955964544835e-09
3426,2.942500942398902e-09,-5.093872358003921e-16,2.9424999236244306e-09,-5.093872358003921e-16,3.0080274279944373e-09
3427,1.6044605738535157e-09,-2.223730320430375e-16,1.6044601291074517e-09,-2.223730320430375e-16,1.6357376149919325e-09
3428,6.813916643343401e-10,-8.233784454390344e-17,6.81391499658651e-10,-8.233784454390344e-17,6.92847592941662e-10
3429,2.967303988172709e-10,-3.4180639960188776e-17,2.9673033045599095e-10,-3.4180639960188776e-17,3.0126680900157267e-10
3430,1.7053298332055707e-10,-1.9366541157395012e-17,1.7053294458747476e-10,-1.9366541157395012e-17,1.7314077578489061e-10
3431,1.4348799117783134e-10,-1.6203620651263458e-17,1.4348795877059004e-10,-1.6203620651263458e-17,1.4590896990935768e-10
3432,1.8112909909524745e-10,-2.0455255577487534e-17,1.811290581847363e-10,-2.0455255577487534e-17,1.8451629741246997e-10
3433,3.3095132691533096e-10,-3.793427173866379e-17,3.3095125104678746e-10,-3.793427173866379e-17,3.3741641685053017e-10
3434,7.700291119767309e-10,-9.400411760348934e-17,7.700289239684957e-10,-9.400411760348934e-17,7.84797886489838e-10
3435,1.7498325663518758e-09,-2.540278311792899e-16,1.7498320582962135e-09,-2.540278311792899e-16,1.7813267487260613e-09
3436,3.0257187722643104e-09,-5.669531911524942e-16,3.025717638357928e-09,-5.669531911524942e-16,3.077866259990554e-09
3437,4.100032480531671e-09,-9.62932728773937e-16,4.100030554666213e-09,-9.62932728773937e-16,4.172829594483952e-09
3438,4.9168590824171834e-09,-1.3730023608266294e-15,4.916856336412462e-09,-1.3730023608266294e-15,5.012704727024338e-09
3439,5.561873280967934e-09,-1.772198940394789e-15,5.561869736570053e-09,-1.772198940394789e-15,5.684992165412881e-09
3440,6.095978193840756e-09,-2.149423466029111e-15,6.095973894993824e-09,-2.149423466029111e-15,6.244761519765766e-09
3441,6.54072209509434e-09,-2.4920356772461108e-15,6.540717111022985e-09,-2.4920356772461108e-15,6.708193129198195e-09
3442,6.912720099459758e-09,-2.797799190701183e-15,6.912714503861377e-09,-2.797799190701183e-15,7.0936471168025005e-09
3443,7.222254206838089e-09,-3.0650197175997486e-15,7.222248076798654e-09,-3.0650197175997486e-15,7.413276118746363e-09
3444,7.484508850899333e-09,-3.3002433769905658e-15,7.48450225041258e-09,-3.3002433769905658e-15,7.683429583651577e-09
3445,7.706701671051726e-09,-3.505504195521398e-15,7.706694660043334e-09,-3.505504195521398e-15,7.911892675233113e-09
3446,7.896136910047719e-09,-3.684447440862373e-15,7.896129541152838e-09,-3.684447440862373e-15,8.106302512364906e-09
3447,8.058343057842337e-09,-3.84038622040413e-15,8.058335377069896e-09,-3.84038622040413e-15,8.272589116303095e-09
3448,8.197948462952728e-09,-3.976458761378802e-15,8.197940510035206e-09,-3.976458761378802e-15,8.415609353728648e-09
3449,8.31840193344246e-09,-4.09507207025803e-15,8.31839374329832e-09,-4.09507207025803e-15,8.538770150902474e-09
3450,8.423185685568557e-09,-4.1991516035121114e-15,8.42317728726535e-09,-4.1991516035121114e-15,8.64588636456705e-09
3451,8.51481513082931e-09,-4.290799118096108e-15,8.514806549231074e-09,-4.290799118096108e-15,8.739501645734362e-09
3452,8.595195101190941e-09,-4.371855874514985e-15,8.595186357479193e-09,-4.371855874514985e-15,8.821687351747811e-09
3453,8.666250905088934e-09,-4.443712822308459e-15,8.66624201766329e-09,-4.443712822308459e-15,8.894127785580964e-09
3454,8.727805458913434e-09,-4.506049965296944e-15,8.727796446813503e-09,-4.506049965296944e-15,8.956915542666059e-09
3455,8.782871774249026e-09,-4.562224686226184e-15,8.782862649799654e-09,-4.562224686226184e-15,9.013212890685322e-09
3456,8.833323733521262e-09,-4.614174845924898e-15,8.833314505171571e-09,-4.614174845924898e-15,9.064577374510696e-09
3457,8.877837489124838e-09,-4.660079604361528e-15,8.87782816896563e-09,-4.660079604361528e-15,9.10998892608499e-09
3458,8.918346487861689e-09,-4.7020735989087826e-15,8.918337083714492e-09,-4.7020735989087826e-15,9.15135768607373e-09
3459,8.95467212489492e-09,-4.7400969946267e-15,8.954662644700931e-09,-4.7400969946267e-15,9.18859419473716e-09
3460,8.98793901877146e-09,-4.7748581616871865e-15,8.987929469055137e-09,-4.7748581616871865e-15,9.222397698238879e-09
3461,9.017968551424037e-09,-4.8064826085405405e-15,9.01795893845882e-09,-4.8064826085405405e-15,9.253061269786313e-09
3462,9.045142958708244e-09,-4.835324437310396e-15,9.04513328805937e-09,-4.835324437310396e-15,9.280967955484718e-09
3463,9.070235727959137e-09,-4.862111275744009e-15,9.070226003736585e-09,-4.862111275744009e-15,9.306431864289327e-09
3464,9.092991494011386e-09,-4.886552909045645e-15,9.092981720905567e-09,-4.886552909045645e-15,9.32967172051122e-09
3465,9.113762847770021e-09,-4.9089707794421e-15,9.113753029828463e-09,-4.9089707794421e-15,9.350889258263391e-09
3466,9.133029688315066e-09,-4.930310715571388e-15,9.133019827693634e-09,-4.930310715571388e-15,9.370769152835261e-09
3467,9.150581061137294e-09,-4.949507868443753e-15,9.150571162121556e-09,-4.949507868443753e-15,9.388524042163589e-09
3468,9.167279006973028e-09,-4.968188118765843e-15,9.167269070596791e-09,-4.968188118765843e-15,9.405622686301754e-09
3469,9.181763768667465e-09,-4.984499621484785e-15,9.181753799668223e-09,-4.984499621484785e-15,9.42061907947818e-09
3470,9.196378802148754e-09,-5.001242249273019e-15,9.196368799664256e-09,-5.001242249273019e-15,9.43540837065113e-09
3471,9.208864649915866e-09,-5.015565992431473e-15,9.208854618783882e-09,-5.015565992431473e-15,9.44818426774654e-09
3472,9.221113408116343e-09,-5.029845117409204e-15,9.221103348426108e-09,-5.029845117409204e-15,9.460732729107396e-09
3473,9.231890317907161e-09,-5.04286547276177e-15,9.231880232176215e-09,-5.04286547276177e-15,9.471985565071613e-09
3474,9.242542235012607e-09,-5.0555485851436825e-15,9.242532123915436e-09,-5.0555485851436825e-15,9.482698311721723e-09
3475,9.25218760049636e-09,-5.067328582156238e-15,9.252177465839197e-09,-5.067328582156238e-15,9.49261535864716e-09
3476,9.260915161982273e-09,-5.07825259862333e-15,9.260905005477076e-09,-5.07825259862333e-15,9.501768439971737e-09
3477,9.26953340250098e-09,-5.089128823945767e-15,9.269523224243332e-09,-5.089128823945767e-15,9.510428404352548e-09
3478,9.276880830486786e-09,-5.098569993130725e-15,9.2768706333468e-09,-5.098569993130725e-15,9.517949324198759e-09
3479,9.284042905986512e-09,-5.107931927437743e-15,9.284032690122657e-09,-5.107931927437743e-15,9.52531197331904e-09
3480,9.290872004790195e-09,-5.117445393540009e-15,9.290861769899408e-09,-5.117445393540009e-15,9.532571879045304e-09
3481,9.298031922405793e-09,-5.127039674994612e-15,9.298021668326444e-09,-5.127039674994612e-15,9.53976730089401e-09
3482,9.304090457110632e-09,-5.135351408549528e-15,9.304080186407814e-09,-5.135351408549528e-15,9.546042141895155e-09
3483,9.30947445980364e-09,-5.143277610134533e-15,9.30946417324842e-09,-5.143277610134533e-15,9.551819582033904e-09
3484,9.315166317581105e-09,-5.151272407613611e-15,9.31515601503629e-09,-5.151272407613611e-15,9.557478931494423e-09
3485,9.320534806703351e-09,-5.159180985026519e-15,9.32052448834138e-09,-5.159180985026519e-15,9.563018829936094e-09
3486,9.325595755107775e-09,-5.1669120101369405e-15,9.325585421283755e-09,-5.1669120101369405e-15,9.568516632028744e-09
3487,9.330175942138461e-09,-5.1739010774893765e-15,9.330165594336306e-09,-5.1739010774893765e-15,9.573040023732826e-09
3488,9.334446714632361e-09,-5.1806089755815575e-15,9.33443635341441e-09,-5.1806089755815575e-15,9.577463966136952e-09
3489,9.338618509465205e-09,-5.1872526008889385e-15,9.338608134960004e-09,-5.1872526008889385e-15,9.581788424617557e-09
3490,9.342474394935925e-09,-5.194021307893297e-15,9.342464006893309e-09,-5.194021307893297e-15,9.5860138575307e-09
3491,9.346558919351192e-09,-5.2006280501439086e-15,9.346548518095091e-09,-5.2006280501439086e-15,9.590069030426514e-09
3492,9.349924112006311e-09,-5.20649246907296e-15,9.349913699021374e-09,-5.20649246907296e-15,9.593574989409904e-09
3493,9.352985371001671e-09,-5.212175791572806e-15,9.352974946650088e-09,-5.212175791572806e-15,9.597000409962456e-09
3494,9.356416238308372e-09,-5.218300192963111e-15,9.356405801707986e-09,-5.218300192963111e-15,9.600345377076278e-09
3495,9.35955832513722e-09,-5.224145820997133e-15,9.359547876845579e-09,-5.224145820997133e-15,9.603631334085548e-09
3496,9.362484550826454e-09,-5.229658410376034e-15,9.362474091509633e-09,-5.229658410376034e-15,9.606718102496202e-09
3497,9.364871358631229e-09,-5.234915116522339e-15,9.364860888800995e-09,-5.234915116522339e-15,9.60945953860779e-09
3498,9.367646067729465e-09,-5.2402184493782286e-15,9.367635587292566e-09,-5.2402184493782286e-15,9.612133875665951e-09
3499,9.370129163096674e-09,-5.245405234608145e-15,9.370118672286206e-09,-5.245405234608145e-15,9.614740857356355e-09
3500,9.372327774407617e-09,-5.250408769899024e-15,9.372317273590078e-09,-5.250408769899024e-15,9.617308575298885e-09
3501,9.374805294862241e-09,-5.255639361001927e-15,9.374794783583519e-09,-5.255639361001927e-15,9.619698613193014e-09
3502,9.376814582486456e-09,-5.260288982308062e-15,9.376804061908492e-09,-5.260288982308062e-15,9.621820973847903e-09
3503,9.378763325508958e-09,-5.2648358181196346e-15,9.378752795837321e-09,-5.2648358181196346e-15,9.623883604081307e-09
3504,9.380421775719102e-09,-5.269510680475407e-15,9.380411236697741e-09,-5.269510680475407e-15,9.625886085566578e-09
3505,9.382498760982927e-09,-5.2742330556664076e-15,9.382488212516815e-09,-5.2742330556664076e-15,9.627855410778988e-09
3506,9.384330086573556e-09,-5.2788294914331464e-15,9.384319528914572e-09,-5.2788294914331464e-15,9.62983064772053e-09
3507,9.385742506784963e-09,-5.283001379239011e-15,9.385731940782206e-09,-5.283001379239011e-15,9.631600678932337e-09
3508,9.387499686572928e-09,-5.2874942727537204e-15,9.387489111584384e-09,-5.2874942727537204e-15,9.63323140118465e-09
3509,9.388976486664434e-09,-5.291687498367967e-15,9.388965903289437e-09,-5.291687498367967e-15,9.634811838935568e-09
3510,9.39040172785856e-09,-5.295779445337639e-15,9.39039113629967e-09,-5.295779445337639e-15,9.636340997650715e-09
3511,9.391556905670919e-09,-5.299992714176833e-15,9.39154630568549e-09,-5.299992714176833e-15,9.637854386778558e-09
3512,9.39318072175311e-09,-5.304261621418659e-15,9.393170113229867e-09,-5.304261621418659e-15,9.63937301705248e-09
3513,9.394408997750983e-09,-5.308190468300238e-15,9.394398381370046e-09,-5.308190468300238e-15,9.64071213597638e-09
3514,9.395315999631002e-09,-5.311850623833787e-15,9.395305375929754e-09,-5.311850623833787e-15,9.641964037568892e-09
3515,9.396665711107303e-09,-5.315971845332696e-15,9.396655079163612e-09,-5.315971845332696e-15,9.643177841237354e-09
3516,9.397742482782406e-09,-5.319785782142263e-15,9.397731843210841e-09,-5.319785782142263e-15,9.644352770761025e-09
3517,9.398793132025037e-09,-5.323493604909871e-15,9.398782485037827e-09,-5.323493604909871e-15,9.645519789263394e-09
3518,9.399601964530992e-09,-5.327331319238329e-15,9.399591309868354e-09,-5.327331319238329e-15,9.64669135091153e-09
3519,9.40071802370895e-09,-5.330991237945072e-15,9.400707361726474e-09,-5.330991237945072e-15,9.647671485447629e-09
3520,9.401495984466124e-09,-5.3343236717486715e-15,9.40148531581878e-09,-5.3343236717486715e-15,9.648546000896704e-09
3521,9.401998309358397e-09,-5.3377801742544765e-15,9.401987633798049e-09,-5.3377801742544765e-15,9.649387489300004e-09
3522,9.402807024029307e-09,-5.34109014624658e-15,9.402796341849014e-09,-5.34109014624658e-15,9.650038935985167e-09
3523,9.40322501542264e-09,-5.344097576312749e-15,9.403214327227487e-09,-5.344097576312749e-15,9.650542986249092e-09
3524,9.40291528983637e-09,-5.346285888705269e-15,9.402904597264592e-09,-5.346285888705269e-15,9.650551690211103e-09
3525,9.402602864934681e-09,-5.3483164583632934e-15,9.402592168301765e-09,-5.3483164583632934e-15,9.65004837786565e-09
3526,9.400320882811615e-09,-5.34774739246483e-15,9.400310187316829e-09,-5.34774739246483e-15,9.647753086415026e-09
3527,9.393849912177538e-09,-5.341502148775751e-15,9.39383922917324e-09,-5.341502148775751e-15,9.641114292948826e-09
3528,9.379242213568151e-09,-5.32491829349956e-15,9.379231563731565e-09,-5.32491829349956e-15,9.626289574639955e-09
3529,9.356411092097161e-09,-5.297027290659838e-15,9.35640049804258e-09,-5.297027290659838e-15,9.602424603111812e-09
3530,9.332137628635484e-09,-5.267918272350223e-15,9.332127092798939e-09,-5.267918272350223e-15,9.577327923063727e-09
3531,9.319305130266997e-09,-5.254646952704616e-15,9.319294620973092e-09,-5.254646952704616e-15,9.564393299964509e-09
3532,9.329139999959684e-09,-5.271412849399293e-15,9.329129457133986e-09,-5.271412849399293e-15,9.574544283841998e-09
3533,9.352321416020356e-09,-5.30548556723494e-15,9.352310805049221e-09,-5.30548556723494e-15,9.598887488965658e-09
3534,9.375881836019894e-09,-5.339089312728744e-15,9.375871157841269e-09,-5.339089312728744e-15,9.623657627599312e-09
3535,9.39164734424278e-09,-5.361915729734061e-15,9.39163662041132e-09,-5.361915729734061e-15,9.640499434978968e-09
3536,9.400882273109524e-09,-5.375114490405966e-15,9.400871522880543e-09,-5.375114490405966e-15,9.649852838584941e-09
3537,9.405458645424085e-09,-5.382515219532861e-15,9.405447880393647e-09,-5.382515219532861e-15,9.6544905445642e-09
3538,9.40781718512418e-09,-5.387532928707811e-15,9.407806410058321e-09,-5.387532928707811e-15,9.657070103293864e-09
3539,9.409547192161952e-09,-5.391901571298843e-15,9.40953640835881e-09,-5.391901571298843e-15,9.658539155110894e-09
3540,9.410368148500044e-09,-5.395292501379722e-15,9.410357357915042e-09,-5.395292501379722e-15,9.659378185961243e-09
3541,9.411040166937335e-09,-5.398514352166714e-15,9.41102936990863e-09,-5.398514352166714e-15,9.660109345109221e-09
3542,9.41139729139308e-09,-5.401857756810051e-15,9.411386487677566e-09,-5.401857756810051e-15,9.660795417659835e-09
3543,9.412173489107761e-09,-5.4051855790466e-15,9.412162678736603e-09,-5.4051855790466e-15,9.661411687378088e-09
3544,9.41250362273897e-09,-5.4081243308351465e-15,9.412492806490309e-09,-5.4081243308351465e-15,9.661829344666022e-09
3545,9.41256054351556e-09,-5.410852435291566e-15,9.41254972181069e-09,-5.410852435291566e-15,9.662229133990591e-09
3546,9.413104212831493e-09,-5.4140720433875625e-15,9.413093384687406e-09,-5.4140720433875625e-15,9.662611603181997e-09
3547,9.413384699418401e-09,-5.416964155106982e-15,9.41337386549009e-09,-5.416964155106982e-15,9.662980595080116e-09
3548,9.41365582378629e-09,-5.419744377268395e-15,9.413644984297536e-09,-5.419744377268395e-15,9.663350718648343e-09
3549,9.413677006573256e-09,-5.42266136284464e-15,9.41366616125053e-09,-5.42266136284464e-15,9.663723152430164e-09
3550,9.414204222597648e-09,-5.425636774779536e-15,9.414193371324098e-09,-5.425636774779536e-15,9.664098257916137e-09
3551,9.414482399892356e-09,-5.42847068426686e-15,9.414471542950988e-09,-5.42847068426686e-15,9.664476336837459e-09
3552,9.414419028698463e-09,-5.430982619193598e-15,9.414408166733225e-09,-5.430982619193598e-15,9.664756327349492e-09
3553,9.414832362780027e-09,-5.433965136678056e-15,9.414821494849753e-09,-5.433965136678056e-15,9.665001911075106e-09
3554,9.414975413794617e-09,-5.436618106992391e-15,9.414964540558403e-09,-5.436618106992391e-15,9.665225896300833e-09
3555,9.415094576532799e-09,-5.4391572424107506e-15,9.415083698218315e-09,-5.4391572424107506e-15,9.66542782235098e-09
3556,9.41494730928202e-09,-5.441828467920993e-15,9.414936425625084e-09,-5.441828467920993e-15,9.665626286224831e-09
3557,9.415306563391187e-09,-5.444557200016825e-15,9.415295674276788e-09,-5.444557200016825e-15,9.66582576971082e-09
3558,9.41541315180766e-09,-5.447050270208192e-15,9.41540225770712e-09,-5.447050270208192e-15,9.666026869319827e-09
3559,9.415264904688316e-09,-5.449678714567143e-15,9.415254005330886e-09,-5.449678714567143e-15,9.666230023963043e-09
3560,9.4156199030953e-09,-5.452352679170212e-15,9.415608998389942e-09,-5.452352679170212e-15,9.666423965874174e-09
3561,9.415688387579489e-09,-5.454843440240726e-15,9.415677477892608e-09,-5.454843440240726e-15,9.666573264861213e-09
3562,9.41547826968805e-09,-5.4571161801816176e-15,9.415467355455689e-09,-5.4571161801816176e-15,9.666703934349235e-09
3563,9.415763037060294e-09,-5.459890414252506e-15,9.415752117279466e-09,-5.459890414252506e-15,9.666815587033763e-09
3564,9.41577913866906e-09,-5.462328744498868e-15,9.415768214011571e-09,-5.462328744498868e-15,9.666911881877308e-09
3565,9.415784357787118e-09,-5.464652422544875e-15,9.415773428482272e-09,-5.464652422544875e-15,9.667007924280953e-09
3566,9.415534349820271e-09,-5.467113725296932e-15,9.415523415592821e-09,-5.467113725296932e-15,9.6671049170226e-09
3567,9.415797091253622e-09,-5.469634763450773e-15,9.415786151984096e-09,-5.469634763450773e-15,9.66720323239266e-09
3568,9.415805498653112e-09,-5.472009951894029e-15,9.415794554633209e-09,-5.472009951894029e-15,9.667303186141491e-09
3569,9.415548724503874e-09,-5.474165058608669e-15,9.415537776173757e-09,-5.474165058608669e-15,9.667395039982586e-09
3570,9.41578270021175e-09,-5.476800019744582e-15,9.41577174661171e-09,-5.476800019744582e-15,9.667452552682422e-09
3571,9.415743224082754e-09,-5.479094174146976e-15,9.415732265894406e-09,-5.479094174146976e-15,9.667489050858514e-09
3572,9.4156803516932e-09,-5.481274305759167e-15,9.415669389144588e-09,-5.481274305759167e-15,9.667504108629823e-09
3573,9.415341832931973e-09,-5.483588550097291e-15,9.415330865754873e-09,-5.483588550097291e-15,9.667502377319604e-09
3574,9.415508986228667e-09,-5.48596026669611e-15,9.415498014308134e-09,-5.48596026669611e-15,9.667499780213627e-09
3575,9.415419220324946e-09,-5.488184523370197e-15,9.4154082439559e-09,-5.488184523370197e-15,9.66749759884495e-09
3576,9.41506875256105e-09,-5.49019472761135e-15,9.415057772171595e-09,-5.49019472761135e-15,9.667496243520772e-09
3577,9.415237422935376e-09,-5.492716469353655e-15,9.415226437502436e-09,-5.492716469353655e-15,9.667496050639698e-09
3578,9.415152458383636e-09,-5.494901088384127e-15,9.41514146858146e-09,-5.494901088384127e-15,9.667497074864967e-09
3579,9.415065617923951e-09,-5.496972947263608e-15,9.415054623978056e-09,-5.496972947263608e-15,9.667499332657155e-09
3580,9.414721684330618e-09,-5.4991850564191145e-15,9.414710685960504e-09,-5.4991850564191145e-15,9.667502832167724e-09
3581,9.414895764450716e-09,-5.5014584950906176e-15,9.414884761533726e-09,-5.5014584950906176e-15,9.66750757528346e-09
3582,9.414812956969602e-09,-5.5035843017900195e-15,9.414801949800998e-09,-5.5035843017900195e-15,9.667513562604895e-09
3583,9.414469086689458e-09,-5.50549531718232e-15,9.414458075698823e-09,-5.50549531718232e-15,9.667520794394345e-09
3584,9.414647064174361e-09,-5.50792198490169e-15,9.414636048330391e-09,-5.50792198490169e-15,9.667529270756998e-09
3585,9.414570450937617e-09,-5.510009509186723e-15,9.414559430918599e-09,-5.510009509186723e-15,9.667538991758438e-09
3586,9.414491974733755e-09,-5.511984104995228e-15,9.414480950765545e-09,-5.511984104995228e-15,9.667549957453242e-09
3587,9.414153437504829e-09,-5.514095488844821e-15,9.414142409313852e-09,-5.514095488844821e-15,9.6675601848336e-09
3588,9.414327260552264e-09,-5.516256178594719e-15,9.414316228039906e-09,-5.516256178594719e-15,9.667560413592342e-09
3589,9.414222110804508e-09,-5.518249512651996e-15,9.414211074305482e-09,-5.518249512651996e-15,9.66753072771244e-09
3590,9.413830648522542e-09,-5.520019640018112e-15,9.413819608483261e-09,-5.520019640018112e-15,9.667476957224588e-09
3591,9.413938785026419e-09,-5.522306750652025e-15,9.413927740412917e-09,-5.522306750652025e-15,9.667398656513358e-09
3592,9.413768769504293e-09,-5.524247935504135e-15,9.413757721008422e-09,-5.524247935504135e-15,9.667300945263986e-09
3593,9.41358511625851e-09,-5.526070855139762e-15,9.4135740641168e-09,-5.526070855139762e-15,9.667201602984375e-09
3594,9.413140401752977e-09,-5.5280354534308245e-15,9.413129345682071e-09,-5.5280354534308245e-15,9.66710206538985e-09
3595,9.41321669265397e-09,-5.530063086102278e-15,9.413205632527798e-09,-5.530063086102278e-15,9.667002794982892e-09
3596,9.413032510005163e-09,-5.531845182625706e-15,9.413021446314799e-09,-5.531845182625706e-15,9.666904171952849e-09
3597,9.412585802861228e-09,-5.5337675289487376e-15,9.41257473532617e-09,-5.5337675289487376e-15,9.6668062582692e-09
3598,9.41266329667246e-09,-5.535751008523672e-15,9.412652225170444e-09,-5.535751008523672e-15,9.666709072660053e-09
3599,9.412484101132057e-09,-5.537589694590341e-15,9.412473025952668e-09,-5.537589694590341e-15,9.6666126243855e-09
3600,9.412038209628798e-09,-5.539208470756126e-15,9.412027131211856e-09,-5.539208470756126e-15,9.666516915544267e-09
3601,9.412118628145239e-09,-5.541351116138524e-15,9.412107545443006e-09,-5.541351116138524e-15,9.66642194676002e-09
3602,9.411941613332995e-09,-5.5431504827321354e-15,9.411930527032029e-09,-5.5431504827321354e-15,9.6663277182659e-09
3603,9.411762180845161e-09,-5.544835499537169e-15,9.411751091174162e-09,-5.544835499537169e-15,9.666234230112834e-09
3604,9.41132173639725e-09,-5.5466636929612744e-15,9.411310643069864e-09,-5.5466636929612744e-15,9.666141482305282e-09
3605,9.411405686612238e-09,-5.5485563464170256e-15,9.411394589499545e-09,-5.5485563464170256e-15,9.666049474834578e-09
3606,9.41122883930673e-09,-5.550298958719736e-15,9.411217738708812e-09,-5.550298958719736e-15,9.665958207687127e-09
3607,9.410787057330577e-09,-5.551822841483198e-15,9.410775953684894e-09,-5.551822841483198e-15,9.665867680848111e-09
3608,9.410873324984115e-09,-5.553873973986714e-15,9.410862217236167e-09,-5.553873973986714e-15,9.665777894302462e-09
3609,9.410697523697211e-09,-5.555577659046178e-15,9.410686412541893e-09,-5.555577659046178e-15,9.66567905553338e-09
3610,9.41050552346931e-09,-5.557160914775852e-15,9.41049440914748e-09,-5.557160914775852e-15,9.665562705078313e-09
3611,9.410032779574213e-09,-5.558884835396248e-15,9.410021661804541e-09,-5.558884835396248e-15,9.665427232822981e-09
3612,9.410066927545115e-09,-5.560671571119814e-15,9.410055806201973e-09,-5.560671571119814e-15,9.665272258148908e-09
3613,9.409824773869657e-09,-5.562303344278411e-15,9.40981364926297e-09,-5.562303344278411e-15,9.66510849441656e-09
3614,9.409310391914458e-09,-5.5637123186746295e-15,9.40929926448982e-09,-5.5637123186746295e-15,9.66494270374224e-09
3615,9.409288085356145e-09,-5.565601163151562e-15,9.409276954153818e-09,-5.565601163151562e-15,9.664738971594797e-09
3616,9.409005072316558e-09,-5.567142936121962e-15,9.408993938030686e-09,-5.567142936121962e-15,9.664534689559983e-09
3617,9.408718323684341e-09,-5.568570074114128e-15,9.408707186544193e-09,-5.568570074114128e-15,9.664330026907872e-09
3618,9.408167900562405e-09,-5.570141098962121e-15,9.408156760280207e-09,-5.570141098962121e-15,9.664125021858673e-09
3619,9.408144285991745e-09,-5.571778749115672e-15,9.408133142434246e-09,-5.571778749115672e-15,9.663920360790998e-09
3620,9.407857943468866e-09,-5.5732647500938564e-15,9.407846796939365e-09,-5.5732647500938564e-15,9.663716100384533e-09
3621,9.40730481862055e-09,-5.574529958304037e-15,9.407293669560632e-09,-5.574529958304037e-15,9.663512255833588e-09
3622,9.407282429559592e-09,-5.57632801153655e-15,9.407271276903569e-09,-5.57632801153655e-15,9.663308841766896e-09
3623,9.406999981523043e-09,-5.577778738557081e-15,9.406988825965566e-09,-5.577778738557081e-15,9.663105860543752e-09
3624,9.406714781712949e-09,-5.579114128192302e-15,9.406703623484693e-09,-5.579114128192302e-15,9.662903312809817e-09
3625,9.406166071149277e-09,-5.580594740594868e-15,9.406154909959795e-09,-5.580594740594868e-15,9.662701198886485e-09
3626,9.406145927732387e-09,-5.582143206139493e-15,9.406134763445974e-09,-5.582143206139493e-15,9.66249951881845e-09
3627,9.4058624604866e-09,-5.5835395188759695e-15,9.405851293407563e-09,-5.5835395188759695e-15,9.662298272592747e-09
3628,9.405311578740567e-09,-5.584714509859358e-15,9.405300409311548e-09,-5.584714509859358e-15,9.662097460181944e-09
3629,9.405292768327535e-09,-5.586424948098311e-15,9.405281595477639e-09,-5.586424948098311e-15,9.661897081551587e-09
3630,9.405013269822646e-09,-5.587787113443982e-15,9.405002094248419e-09,-5.587787113443982e-15,9.661697136665519e-09
3631,9.404731006099407e-09,-5.589034016925889e-15,9.404719828031373e-09,-5.589034016925889e-15,9.661497625487079e-09
3632,9.404184579503224e-09,-5.590427114710882e-15,9.404173398648994e-09,-5.590427114710882e-15,9.661298547979487e-09
3633,9.40416892969732e-09,-5.5918927951771e-15,9.404157745911729e-09,-5.5918927951771e-15,9.661093962040521e-09
3634,9.403875835673654e-09,-5.59310426183618e-15,9.40386464946513e-09,-5.59310426183618e-15,9.66087518314513e-09
3635,9.403300816115384e-09,-5.5944582858663934e-15,9.403289627198811e-09,-5.5944582858663934e-15,9.660640882840571e-09
3636,9.403242416668283e-09,-5.595876131694762e-15,9.40323122491602e-09,-5.595876131694762e-15,9.660390753198447e-09
3637,9.402913148872906e-09,-5.597143271323804e-15,9.402901954586363e-09,-5.597143271323804e-15,9.660137361465072e-09
3638,9.402310734353382e-09,-5.598185526053895e-15,9.40229953798233e-09,-5.598185526053895e-15,9.659883371803171e-09
3639,9.402241313505813e-09,-5.5997667178085575e-15,9.402230113972377e-09,-5.5997667178085575e-15,9.659629172127497e-09
3640,9.401909743546835e-09,-5.60099759466643e-15,9.401898541551646e-09,-5.60099759466643e-15,9.659375065390342e-09
3641,9.401574988230776e-09,-5.602113302934821e-15,9.40156378400417e-09,-5.602113302934821e-15,9.659121130120835e-09
3642,9.400974973645896e-09,-5.603375734492691e-15,9.400963766894428e-09,-5.603375734492691e-15,9.658867384079893e-09
3643,9.400906193439105e-09,-5.604708027261735e-15,9.40089498402305e-09,-5.604708027261735e-15,9.65861383541659e-09
3644,9.400572401394582e-09,-5.6058874641806454e-15,9.400561189619654e-09,-5.6058874641806454e-15,9.6583604864604e-09
3645,9.399967462082111e-09,-5.606840993053233e-15,9.399956248400125e-09,-5.606840993053233e-15,9.65810517192708e-09
3646,9.399887912753936e-09,-5.608323785956056e-15,9.399876696106363e-09,-5.608323785956056e-15,9.657840466970198e-09
3647,9.39954590028307e-09,-5.609455427143225e-15,9.399534681372216e-09,-5.609455427143225e-15,9.657575750213048e-09
3648,9.399200659953941e-09,-5.6104718652134455e-15,9.399189439010211e-09,-5.6104718652134455e-15,9.657311017377374e-09
3649,9.398589550407331e-09,-5.611635765485673e-15,9.3985783271358e-09,-5.611635765485673e-15,9.657046303977423e-09
3650,9.398510579470866e-09,-5.612870332574195e-15,9.398499353730201e-09,-5.612870332574195e-15,9.656781785363936e-09
3651,9.398166120578494e-09,-5.613951831621739e-15,9.398154892674832e-09,-5.613951831621739e-15,9.65651747555151e-09
3652,9.397552116352415e-09,-5.614809804012231e-15,9.397540886732807e-09,-5.614809804012231e-15,9.656253378889646e-09
3653,9.397473749557309e-09,-5.616211967126108e-15,9.397462517133375e-09,-5.616211967126108e-15,9.655989499166224e-09
3654,9.397132662433155e-09,-5.617262290897547e-15,9.397121427908573e-09,-5.617262290897547e-15,9.655725836973834e-09
3655,9.396788558165463e-09,-5.618197631553156e-15,9.3967773217702e-09,-5.618197631553156e-15,9.65546239247086e-09
3656,9.39617830693786e-09,-5.619280875155359e-15,9.39616706837611e-09,-5.619280875155359e-15,9.655199165723657e-09
3657,9.39610127811993e-09,-5.6204356244887884e-15,9.396090037248682e-09,-5.6204356244887884e-15,9.654936156725465e-09
3658,9.395758288105238e-09,-5.621437154257645e-15,9.39574704523093e-09,-5.621437154257645e-15,9.65467336545435e-09
3659,9.395147874600461e-09,-5.622220279376307e-15,9.395136630159903e-09,-5.622220279376307e-15,9.654409965712075e-09
3660,9.395069386626201e-09,-5.623550892504764e-15,9.395058139524416e-09,-5.623550892504764e-15,9.654139084199763e-09
3661,9.39471568710795e-09,-5.624527185035091e-15,9.39470443805358e-09,-5.624527185035091e-15,9.65385577195009e-09
3662,9.394346709864313e-09,-5.625386441963031e-15,9.39433545909143e-09,-5.625386441963031e-15,9.65355978328592e-09
3663,9.393701574135133e-09,-5.626391807690647e-15,9.393690321351517e-09,-5.626391807690647e-15,9.65325745464181e-09
3664,9.393586905499262e-09,-5.627468412790363e-15,9.393575650562437e-09,-5.627468412790363e-15,9.652954254090132e-09
3665,9.393205025900634e-09,-5.6283914706440226e-15,9.393193769117692e-09,-5.6283914706440226e-15,9.652650696644823e-09
3666,9.392552124965321e-09,-5.629090154984928e-15,9.392540866785012e-09,-5.629090154984928e-15,9.652347023109086e-09
3667,9.392436353306532e-09,-5.630336707394188e-15,9.392425092633117e-09,-5.630336707394188e-15,9.652043362118195e-09
3668,9.392056752877443e-09,-5.6312304761389e-15,9.392045490416491e-09,-5.6312304761389e-15,9.65173973684871e-09
3669,9.391673932155861e-09,-5.6320089530719324e-15,9.391662668137955e-09,-5.6320089530719324e-15,9.651436155531923e-09
3670,9.39102395611912e-09,-5.6329364220919465e-15,9.391012690246275e-09,-5.6329364220919465e-15,9.65113262155118e-09
3671,9.390908712060042e-09,-5.633937338854375e-15,9.390897444185364e-09,-5.633937338854375e-15,9.650829135715834e-09
3672,9.390526057830628e-09,-5.634685431941571e-15,9.390514788459764e-09,-5.634685431941571e-15,9.650525698283712e-09
3673,9.389873738099659e-09,-5.635580430983381e-15,9.389862466938796e-09,-5.635580430983381e-15,9.650222309340342e-09
3674,9.389758133723403e-09,-5.636546912883073e-15,9.389746860629578e-09,-5.636546912883073e-15,9.649918968901451e-09
3675,9.389378852311761e-09,-5.637364814403835e-15,9.389367577582132e-09,-5.637364814403835e-15,9.64961567696439e-09
3676,9.388725634075188e-09,-5.63795589072745e-15,9.388714358163407e-09,-5.63795589072745e-15,9.649312433520834e-09
3677,9.388610784069129e-09,-5.639097553043453e-15,9.388599505874023e-09,-5.639097553043453e-15,9.649009238560414e-09
3678,9.388231700566838e-09,-5.639885702161866e-15,9.388220420795433e-09,-5.639885702161866e-15,9.648706092072226e-09
3679,9.387849387248651e-09,-5.640558936730907e-15,9.387838106130777e-09,-5.640558936730907e-15,9.648402994045138e-09
3680,9.387199388059369e-09,-5.641381693587717e-15,9.387188105295981e-09,-5.641381693587717e-15,9.648099944467966e-09
3681,9.387051375643294e-09,-5.64223216240969e-15,9.38704009117897e-09,-5.64223216240969e-15,9.647761863603745e-09
3682,9.386627424261477e-09,-5.642918061698748e-15,9.386616138425354e-09,-5.642918061698748e-15,9.647415025505218e-09
3683,9.385931073755159e-09,-5.643378824211594e-15,9.385919786997511e-09,-5.643378824211594e-15,9.647067306198202e-09
3684,9.385772885765298e-09,-5.644391759729513e-15,9.385761596981779e-09,-5.644391759729513e-15,9.646718687032951e-09
3685,9.385349463995534e-09,-5.645050098729869e-15,9.385338173895338e-09,-5.645050098729869e-15,9.646369801189585e-09
3686,9.384922618242331e-09,-5.645593171127945e-15,9.384911327055988e-09,-5.645593171127945e-15,9.646020843962506e-09
3687,9.384227663893791e-09,-5.646286102070458e-15,9.384216371321586e-09,-5.646286102070458e-15,9.645671839765769e-09
3688,9.384069196621744e-09,-5.647054536373495e-15,9.38405790251267e-09,-5.647054536373495e-15,9.645322830435922e-09
3689,9.383648544729421e-09,-5.6476791558433385e-15,9.38363724937111e-09,-5.6476791558433385e-15,9.644974711847721e-09
3690,9.382946278803444e-09,-5.648075120692347e-15,9.382934982653201e-09,-5.648075120692347e-15,9.644616384132237e-09
3691,9.382773832676822e-09,-5.649024160058257e-15,9.382762534628501e-09,-5.649024160058257e-15,9.644247649024846e-09
3692,9.382326417001004e-09,-5.649616644357589e-15,9.382315117767716e-09,-5.649616644357589e-15,9.643868509289734e-09
3693,9.3818698276613e-09,-5.6500922267478285e-15,9.381858527476846e-09,-5.6500922267478285e-15,9.64348807736082e-09
3694,9.381144139154618e-09,-5.650717866777481e-15,9.381132837718884e-09,-5.650717866777481e-15,9.643107057747016e-09
3695,9.380954913272148e-09,-5.651419301394597e-15,9.380943610433545e-09,-5.651419301394597e-15,9.64272564369142e-09
3696,9.380497129419327e-09,-5.651966607053831e-15,9.380485825486113e-09,-5.651966607053831e-15,9.642344032505192e-09
3697,9.37976692886007e-09,-5.652288035342099e-15,9.379755624284e-09,-5.652288035342099e-15,9.641962255641062e-09
3698,9.379576809528809e-09,-5.653164786530338e-15,9.379565503199236e-09,-5.653164786530338e-15,9.641580322198765e-09
3699,9.379121288484416e-09,-5.653686866961866e-15,9.379109981110683e-09,-5.653686866961866e-15,9.641198237096915e-09
3700,9.378662334058104e-09,-5.654093924857837e-15,9.378651025870254e-09,-5.654093924857837e-15,9.6408160014649e-09
3701,9.377934638790873e-09,-5.654651628796399e-15,9.377923329487616e-09,-5.654651628796399e-15,9.640433615654762e-09
3702,9.377744296717933e-09,-5.655285894810703e-15,9.377732986146143e-09,-5.655285894810703e-15,9.640051079821927e-09
3703,9.37728539845473e-09,-5.6557662936162645e-15,9.377274086922142e-09,-5.6557662936162645e-15,9.639668394023272e-09
3704,9.376553929332088e-09,-5.6560207263534856e-15,9.376542617290636e-09,-5.6560207263534856e-15,9.639285558290431e-09
3705,9.376363036157744e-09,-5.656831937767134e-15,9.376351722493868e-09,-5.656831937767134e-15,9.638902572647863e-09
3706,9.375906525277815e-09,-5.657287876335618e-15,9.375895210702062e-09,-5.657287876335618e-15,9.638519437117278e-09
3707,9.375446579834137e-09,-5.6576292930002184e-15,9.375435264575551e-09,-5.6576292930002184e-15,9.63813615171954e-09
3708,9.374717661123142e-09,-5.658121525979402e-15,9.37470634488009e-09,-5.658121525979402e-15,9.637752716475271e-09
3709,9.374526564969464e-09,-5.658691443188227e-15,9.374515247586578e-09,-5.658691443188227e-15,9.637369131405058e-09
3710,9.374066230066822e-09,-5.6590073082626294e-15,9.374054912052206e-09,-5.6590073082626294e-15,9.636985396529422e-09
3711,9.373334423026766e-09,-5.659471770294025e-15,9.373323104083226e-09,-5.659471770294025e-15,9.636601511868873e-09
3712,9.37314233456083e-09,-5.660011595857762e-15,9.373131014537637e-09,-5.660011595857762e-15,9.636217477443967e-09
3713,9.372684842426439e-09,-5.6604027095313675e-15,9.37267352162102e-09,-5.6604027095313675e-15,9.63583329327522e-09
3714,9.371951616842457e-09,-5.660565606215464e-15,9.371940295711244e-09,-5.660565606215464e-15,9.635448959383156e-09
3715,9.37175966175267e-09,-5.661286871653404e-15,9.371748339178927e-09,-5.661286871653404e-15,9.635064475788287e-09
3716,9.371301797561338e-09,-5.6616528672463085e-15,9.371290474255603e-09,-5.6616528672463085e-15,9.634679842511175e-09
3717,9.37084047356844e-09,-5.661904489969703e-15,9.37082914975946e-09,-5.661904489969703e-15,9.634295059572348e-09
3718,9.37010981348998e-09,-5.662307430459084e-15,9.37009848887512e-09,-5.662307430459084e-15,9.633910126992306e-09
3719,9.369917643142204e-09,-5.662788972162029e-15,9.369906317564261e-09,-5.662788972162029e-15,9.633525044791626e-09
3720,9.369456349640488e-09,-5.6631166249037726e-15,9.369445023407238e-09,-5.6631166249037726e-15,9.633139812990833e-09
3721,9.368721903576974e-09,-5.663218156707206e-15,9.36871057714066e-09,-5.663218156707206e-15,9.632754431610458e-09
3722,9.368521827623904e-09,-5.663868269897611e-15,9.368510499887365e-09,-5.663868269897611e-15,9.632359868467707e-09
3723,9.36803919433821e-09,-5.664141094977123e-15,9.368027866056019e-09,-5.664141094977123e-15,9.631945495983667e-09
3724,9.367545228626354e-09,-5.664298201703958e-15,9.36753390002995e-09,-5.664298201703958e-15,9.631522669106893e-09
3725,9.366773691124608e-09,-5.664606022765285e-15,9.366762361912562e-09,-5.664606022765285e-15,9.631091224735818e-09
3726,9.36653413390655e-09,-5.6649916811519194e-15,9.366522803923187e-09,-5.6649916811519194e-15,9.630653722857562e-09
3727,9.366021924348367e-09,-5.665222142653386e-15,9.366010593904082e-09,-5.665222142653386e-15,9.630215322537337e-09
3728,9.365235913324054e-09,-5.665226136913487e-15,9.36522458287178e-09,-5.665226136913487e-15,9.629776461450391e-09
3729,9.364991732754455e-09,-5.665790894939369e-15,9.364980401172666e-09,-5.665790894939369e-15,9.62933730111224e-09
3730,9.364481035556076e-09,-5.6659999268204766e-15,9.364469703556223e-09,-5.6659999268204766e-15,9.62889795849227e-09
3731,9.363966829401534e-09,-5.66609511219635e-15,9.363955497211309e-09,-5.66609511219635e-15,9.628458453424438e-09
3732,9.36318292063306e-09,-5.666342125589624e-15,9.36317158794881e-09,-5.666342125589624e-15,9.628018792325476e-09
3733,9.362938258368815e-09,-5.666669040141266e-15,9.362926925030734e-09,-5.666669040141266e-15,9.627578978236999e-09
3734,9.362424087275055e-09,-5.666842242812285e-15,9.362412753590569e-09,-5.666842242812285e-15,9.627139011892662e-09
3735,9.361636411534302e-09,-5.66678890574712e-15,9.361625077956491e-09,-5.66678890574712e-15,9.626698893541654e-09
3736,9.361391148557142e-09,-5.667297605938878e-15,9.36137981396193e-09,-5.667297605938878e-15,9.626258623296215e-09
3737,9.360879387104289e-09,-5.667450522059196e-15,9.360868052203244e-09,-5.667450522059196e-15,9.625818201206851e-09
3738,9.360364165724533e-09,-5.66748959854261e-15,9.360352830745336e-09,-5.66748959854261e-15,9.625377627307953e-09
3739,9.359579115911964e-09,-5.667681089796013e-15,9.359567780549785e-09,-5.667681089796013e-15,9.624936901629119e-09
3740,9.359333601828304e-09,-5.6679530100079655e-15,9.359322265922284e-09,-5.6679530100079655e-15,9.624496024198211e-09
3741,9.35881844172064e-09,-5.668071315951432e-15,9.358807105578009e-09,-5.668071315951432e-15,9.624054995042531e-09
3742,9.358029633814238e-09,-5.6679631140753045e-15,9.35801829788801e-09,-5.6679631140753045e-15,9.623613814189238e-09
3743,9.357783523100242e-09,-5.668417686526694e-15,9.357772186264868e-09,-5.668417686526694e-15,9.623172481665411e-09
3744,9.357270778881329e-09,-5.668516550501877e-15,9.357259441848228e-09,-5.668516550501877e-15,9.622730997498185e-09
3745,9.35675457075991e-09,-5.668502073868107e-15,9.356743233755762e-09,-5.668502073868107e-15,9.62228936171462e-09
3746,9.355968394306198e-09,-5.668640010507811e-15,9.355957057026176e-09,-5.668640010507811e-15,9.621847574341793e-09
3747,9.35572203417085e-09,-5.6688592881374415e-15,9.355710696452274e-09,-5.6688592881374415e-15,9.621405635406813e-09
3748,9.35520543812499e-09,-5.66882394217613e-15,9.355194100477105e-09,-5.66882394217613e-15,9.620963544936766e-09
3749,9.354416392079434e-09,-5.668938958350729e-15,9.354405054201517e-09,-5.668938958350729e-15,9.62052130295872e-09
3750,9.35416899334766e-09,-5.6691331072205615e-15,9.354157655081445e-09,-5.6691331072205615e-15,9.620078909499792e-09
3751,9.353655267895615e-09,-5.6691788461309155e-15,9.353643929537923e-09,-5.6691788461309155e-15,9.619636364587066e-09
3752,9.352864842804793e-09,-5.6689959172110094e-15,9.352853504812958e-09,-5.6689959172110094e-15,9.619193668247634e-09
3753,9.352617539686992e-09,-5.669377186637516e-15,9.35260620093262e-09,-5.669377186637516e-15,9.618750820508575e-09
3754,9.352098423210297e-09,-5.669395750705054e-15,9.352087084418795e-09,-5.669395750705054e-15,9.61830219287341e-09
3755,9.351541999768925e-09,-5.669256424354448e-15,9.351530661256077e-09,-5.669256424354448e-15,9.617815548201447e-09
3756,9.350708634871116e-09,-5.6692675848744705e-15,9.350697296335946e-09,-5.6692675848744705e-15,9.617321644616439e-09
3757,9.35040860382733e-09,-5.669360478974996e-15,9.350397265106372e-09,-5.669360478974996e-15,9.616820342025973e-09
3758,9.349831967233423e-09,-5.669298132666925e-15,9.349820628637157e-09,-5.669298132666925e-15,9.616312365449228e-09
3759,9.348977636485411e-09,-5.669007742609894e-15,9.348966298469925e-09,-5.669007742609894e-15,9.615803348685419e-09
3760,9.348666109617324e-09,-5.669282017818523e-15,9.348654771053288e-09,-5.669282017818523e-15,9.615293739295514e-09
3761,9.348087215451382e-09,-5.6692003178062116e-15,9.348075877050746e-09,-5.6692003178062116e-15,9.614783672662779e-09
3762,9.347504549375815e-09,-5.669005074191688e-15,9.347493211365666e-09,-5.669005074191688e-15,9.614273273406168e-09
3763,9.346651439130885e-09,-5.668962828248884e-15,9.346640101205227e-09,-5.668962828248884e-15,9.613762561828248e-09
3764,9.346338541885477e-09,-5.669002816440397e-15,9.346327203879844e-09,-5.669002816440397e-15,9.613251544063444e-09
3765,9.345755429928314e-09,-5.6688890361484054e-15,9.345744092150242e-09,-5.6688890361484054e-15,9.612740223332325e-09
3766,9.344898129318559e-09,-5.668548968289505e-15,9.344886792220622e-09,-5.668548968289505e-15,9.612228600426341e-09
3767,9.344584154340256e-09,-5.6687739657281384e-15,9.344572816792324e-09,-5.6687739657281384e-15,9.611716675634473e-09
3768,9.344003034279003e-09,-5.668643277861589e-15,9.343991696992447e-09,-5.668643277861589e-15,9.611204449113877e-09
3769,9.343418293839904e-09,-5.6683996523055174e-15,9.343406957040599e-09,-5.6683996523055174e-15,9.610691920957476e-09
3770,9.342563106831767e-09,-5.668308720238573e-15,9.342551770214327e-09,-5.668308720238573e-15,9.61017909124163e-09
3771,9.342248263549365e-09,-5.668300919989312e-15,9.342236926947524e-09,-5.668300919989312e-15,9.609665960037987e-09
3772,9.341663155395862e-09,-5.66813964794075e-15,9.341651819116566e-09,-5.66813964794075e-15,9.609152527416307e-09
3773,9.340803802182444e-09,-5.6677517954152725e-15,9.340792466678853e-09,-5.6677517954152725e-15,9.608638793445842e-09
3774,9.340487893438963e-09,-5.66792985567732e-15,9.340476557579253e-09,-5.66792985567732e-15,9.608124758195696e-09
3775,9.339904785796383e-09,-5.6677523955768595e-15,9.339893450291592e-09,-5.6677523955768595e-15,9.607610421734965e-09
3776,9.33931805592579e-09,-5.667462070927427e-15,9.339306721001648e-09,-5.667462070927427e-15,9.607095784132698e-09
3777,9.338460822660042e-09,-5.6673248006580345e-15,9.33844948801044e-09,-5.6673248006580345e-15,9.606580845457954e-09
3778,9.338144048554912e-09,-5.6672710622116434e-15,9.338132714012787e-09,-5.6672710622116434e-15,9.606065605779856e-09
3779,9.337556502340395e-09,-5.6669633038643175e-15,9.337545168413787e-09,-5.6669633038643175e-15,9.605550065167488e-09
3780,9.336695994493523e-09,-5.66680620302267e-15,9.336684660881117e-09,-5.66680620302267e-15,9.605034223689951e-09
3781,9.336377713882193e-09,-5.666730237874221e-15,9.336366380421718e-09,-5.666730237874221e-15,9.604518081416407e-09
3782,9.33579262254608e-09,-5.666506577060297e-15,9.335781289532926e-09,-5.666506577060297e-15,9.604001638415978e-09
3783,9.334930342987402e-09,-5.666054149457437e-15,9.334919010879102e-09,-5.666054149457437e-15,9.603484894757825e-09
3784,9.334611694641316e-09,-5.666168398933522e-15,9.334600362304518e-09,-5.666168398933522e-15,9.602967850511104e-09
3785,9.33402580297659e-09,-5.665927349441418e-15,9.334014471121891e-09,-5.665927349441418e-15,9.602450505745028e-09
3786,9.333436269881366e-09,-5.665573994676605e-15,9.333424938733377e-09,-5.665573994676605e-15,9.601932860528788e-09
3787,9.332576122799532e-09,-5.6653737972680935e-15,9.332564792051938e-09,-5.6653737972680935e-15,9.601414914931577e-09
3788,9.33225659734001e-09,-5.6652577465637366e-15,9.332245266824516e-09,-5.6652577465637366e-15,9.600896669022653e-09
3789,9.33166666954428e-09,-5.664988743391159e-15,9.331655339566793e-09,-5.664988743391159e-15,9.600378122871244e-09
3790,9.330802354037616e-09,-5.664493446274087e-15,9.330791025050724e-09,-5.664493446274087e-15,9.599859276546604e-09
3791,9.330481763317244e-09,-5.664565251634544e-15,9.33047043418674e-09,-5.664565251634544e-15,9.59934013011799e-09
3792,9.329855855859257e-09,-5.66422770369676e-15,9.32984452740385e-09,-5.66422770369676e-15,9.598778623015875e-09
3793,9.329218339767967e-09,-5.663772677377581e-15,9.329207012222613e-09,-5.663772677377581e-15,9.598208271484791e-09
3794,9.328304185034429e-09,-5.66347072918999e-15,9.32829285809297e-09,-5.66347072918999e-15,9.597631288789186e-09
3795,9.327924637076609e-09,-5.663252362490883e-15,9.327913310571884e-09,-5.663252362490883e-15,9.597047549901312e-09
3796,9.327270873620865e-09,-5.6628797480764616e-15,9.327259547861368e-09,-5.6628797480764616e-15,9.596462471101498e-09
3797,9.326342150254849e-09,-5.662280788198461e-15,9.326330825693272e-09,-5.662280788198461e-15,9.595876820177226e-09
3798,9.325956976873123e-09,-5.6622489957456e-15,9.325945652375132e-09,-5.6622489957456e-15,9.59529073836864e-09
3799,9.325304321911247e-09,-5.661862370180571e-15,9.325292998186507e-09,-5.661862370180571e-15,9.594704351965854e-09
3800,9.324648010668709e-09,-5.661363855934991e-15,9.324636687940996e-09,-5.661363855934991e-15,9.594117687655111e-09
3801,9.32372108992557e-09,-5.661018546701092e-15,9.323709767888478e-09,-5.661018546701092e-15,9.593530752224722e-09
3802,9.323334908667603e-09,-5.660758437181352e-15,9.32332358715073e-09,-5.660758437181352e-15,9.592943549090716e-09
3803,9.32267831091107e-09,-5.660345549884497e-15,9.32266699021997e-09,-5.660345549884497e-15,9.59235607919771e-09
3804,9.32174734442967e-09,-5.6597065997207595e-15,9.32173602501647e-09,-5.6597065997207595e-15,9.591768342866863e-09
3805,9.321360165019225e-09,-5.659635411799968e-15,9.321348845748402e-09,-5.659635411799968e-15,9.591180340268295e-09
3806,9.320705682784668e-09,-5.6592097230246055e-15,9.320694364365221e-09,-5.6592097230246055e-15,9.590592071503623e-09
3807,9.320047604937948e-09,-5.658672251741818e-15,9.320036287593444e-09,-5.658672251741818e-15,9.590003536654867e-09
3808,9.31911895330181e-09,-5.6582882256798516e-15,9.319107636725359e-09,-5.6582882256798516e-15,9.589414735798594e-09
3809,9.31873101092224e-09,-5.6579896951495754e-15,9.318719694942848e-09,-5.6579896951495754e-15,9.588825669009385e-09
3810,9.318072674781152e-09,-5.657538728892675e-15,9.318061359703694e-09,-5.657538728892675e-15,9.588236336361173e-09
3811,9.317139991126167e-09,-5.656861982712179e-15,9.317128677402201e-09,-5.656861982712179e-15,9.587646737927726e-09
3812,9.316751056635697e-09,-5.656753117652006e-15,9.316739743129462e-09,-5.656753117652006e-15,9.587056873782737e-09
3813,9.316094840789486e-09,-5.6562899631565735e-15,9.31608352820956e-09,-5.6562899631565735e-15,9.586466743999941e-09
3814,9.315435028996466e-09,-5.655715498788682e-15,9.315423717565469e-09,-5.655715498788682e-15,9.585876348653026e-09
3815,9.314504663742022e-09,-5.655294480629298e-15,9.314493353153061e-09,-5.655294480629298e-15,9.585285687815687e-09
3816,9.314114968782798e-09,-5.654959391145139e-15,9.314103658864015e-09,-5.654959391145139e-15,9.584694761561664e-09
3817,9.31345445010245e-09,-5.654371310138115e-15,9.313443141359829e-09,-5.654371310138115e-15,9.584103569964675e-09
3818,9.31252094553553e-09,-5.653934383818845e-15,9.312509637666762e-09,-5.653934383818845e-15,9.583512113098425e-09
3819,9.312129818015801e-09,-5.653581095249566e-15,9.312118510853611e-09,-5.653581095249566e-15,9.582920391036687e-09
3820,9.311471872461916e-09,-5.6530809109551975e-15,9.311460566300094e-09,-5.6530809109551975e-15,9.582328403853192e-09
3821,9.31053673934863e-09,-5.652352997337866e-15,9.310525434642636e-09,-5.652352997337866e-15,9.581736151621691e-09
3822,9.31014532030511e-09,-5.652193273660235e-15,9.310134015918563e-09,-5.652193273660235e-15,9.58114363441592e-09
3823,9.309486683903312e-09,-5.651679611968588e-15,9.309475380544088e-09,-5.651679611968588e-15,9.580550852309698e-09
3824,9.308824434259435e-09,-5.651055042317716e-15,9.30881313214935e-09,-5.651055042317716e-15,9.579957805376768e-09
3825,9.307891630449858e-09,-5.65058410145283e-15,9.307880329281656e-09,-5.65058410145283e-15,9.579364493690903e-09
3826,9.307499439297669e-09,-5.6501996491226986e-15,9.30748813889837e-09,-5.6501996491226986e-15,9.578770917325924e-09
3827,9.30683690395273e-09,-5.6496630864449666e-15,9.306825604626558e-09,-5.6496630864449666e-15,9.57817707635561e-09
3828,9.305900069499303e-09,-5.648901512291202e-15,9.305888771696278e-09,-5.648901512291202e-15,9.57758297085377e-09
3829,9.30550688704127e-09,-5.648707999112749e-15,9.305495589625271e-09,-5.648707999112749e-15,9.576988600894192e-09
3830,9.304846477134106e-09,-5.648161095910588e-15,9.304835180811915e-09,-5.648161095910588e-15,9.576393966550736e-09
3831,9.304182470284314e-09,-5.647503477184313e-15,9.30417117527736e-09,-5.647503477184313e-15,9.575799067897218e-09
3832,9.303247961534917e-09,-5.6469994258616804e-15,9.303236667536066e-09,-5.6469994258616804e-15,9.57520390500744e-09
3833,9.302854023889142e-09,-5.6465823384996685e-15,9.302842730724464e-09,-5.6465823384996685e-15,9.574608477955292e-09
3834,9.302189764201485e-09,-5.6460134963078365e-15,9.302178472174491e-09,-5.6460134963078365e-15,9.574012786814598e-09
3835,9.301251227411454e-09,-5.645219574908203e-15,9.301239936972304e-09,-5.645219574908203e-15,9.573416831659216e-09
3836,9.300773384396813e-09,-5.644880146795765e-15,9.30076209463652e-09,-5.644880146795765e-15,9.572732096884823e-09
3837,9.300017935740631e-09,-5.644179417606616e-15,9.300006647381797e-09,-5.644179417606616e-15,9.572036072508152e-09
3838,9.299252415974747e-09,-5.643368100898618e-15,9.299241129238545e-09,-5.643368100898618e-15,9.57133295492561e-09
3839,9.298209825919009e-09,-5.642708746052999e-15,9.298198540501516e-09,-5.642708746052999e-15,9.570622609013748e-09
3840,9.2977036588291e-09,-5.6421346087301935e-15,9.297692374559883e-09,-5.6421346087301935e-15,9.569910810394597e-09
3841,9.296926516697943e-09,-5.641408429037905e-15,9.296915233881085e-09,-5.641408429037905e-15,9.569198310373465e-09
3842,9.295874764010947e-09,-5.64045718413772e-15,9.29586348309658e-09,-5.64045718413772e-15,9.56848525465037e-09
3843,9.295366209160814e-09,-5.6400733835481e-15,9.295354929014047e-09,-5.6400733835481e-15,9.567771776850234e-09
3844,9.294590339345233e-09,-5.6393366978690355e-15,9.294579060671836e-09,-5.6393366978690355e-15,9.567057904087231e-09
3845,9.293810743589194e-09,-5.638489466180404e-15,9.293799466610262e-09,-5.638489466180404e-15,9.566343643451432e-09
3846,9.29276066294666e-09,-5.637795295190191e-15,9.29274938735607e-09,-5.637795295190191e-15,9.56562899859134e-09
3847,9.292250763336795e-09,-5.637188362538078e-15,9.292239488960069e-09,-5.637188362538078e-15,9.564913970538759e-09
3848,9.291470564408258e-09,-5.636429787479731e-15,9.291459291548682e-09,-5.636429787479731e-15,9.564198559685992e-09
3849,9.290416152199052e-09,-5.635446342763548e-15,9.290404881306366e-09,-5.635446342763548e-15,9.56348276626923e-09
3850,9.28990488775077e-09,-5.635030530586077e-15,9.289893617689709e-09,-5.635030530586077e-15,9.562766590452494e-09
3851,9.289126480423046e-09,-5.6342623701587296e-15,9.289115211898305e-09,-5.6342623701587296e-15,9.562050032379644e-09
3852,9.288344365407485e-09,-5.633383737495782e-15,9.28833309864001e-09,-5.633383737495782e-15,9.561333092188802e-09
3853,9.287291883636756e-09,-5.6326584874979665e-15,9.28728061831978e-09,-5.6326584874979665e-15,9.560615770015979e-09
3854,9.286779369076445e-09,-5.632020550724923e-15,9.286768105035344e-09,-5.632020550724923e-15,9.559898065996615e-09
3855,9.28599621695745e-09,-5.6311310005155595e-15,9.28598495469545e-09,-5.6311310005155595e-15,9.559179980265912e-09
3856,9.284940303018742e-09,-5.630392033990975e-15,9.284929042234675e-09,-5.630392033990975e-15,9.558461512959038e-09
3857,9.284425987360446e-09,-5.629738183955435e-15,9.284414727884079e-09,-5.629738183955435e-15,9.557742664211196e-09
3858,9.28364507930233e-09,-5.628938575074818e-15,9.28363382142518e-09,-5.628938575074818e-15,9.557023434157543e-09
3859,9.282587249172246e-09,-5.627912398980394e-15,9.282575993347448e-09,-5.627912398980394e-15,9.556303822933289e-09
3860,9.282072273594223e-09,-5.627453290827731e-15,9.282061018687641e-09,-5.627453290827731e-15,9.555583830673622e-09
3861,9.28128989600858e-09,-5.626542501319858e-15,9.281278642923577e-09,-5.626542501319858e-15,9.554863457513823e-09
3862,9.280504686381844e-09,-5.625796416726878e-15,9.28049343478901e-09,-5.625796416726878e-15,9.554142703589064e-09
3863,9.279448797052834e-09,-5.624996101960082e-15,9.27943754706063e-09,-5.624996101960082e-15,9.553421569034648e-09
3864,9.278932112979405e-09,-5.624182202533307e-15,9.278920864615e-09,-5.624182202533307e-15,9.55270005398587e-09
3865,9.2778727178561e-09,-5.6232736508881884e-15,9.277861471308798e-09,-5.6232736508881884e-15,9.551978158577974e-09
3866,9.277080008162585e-09,-5.62260438590298e-15,9.277068762953813e-09,-5.62260438590298e-15,9.551255882946288e-09
3867,9.276561397185705e-09,-5.621775888875079e-15,9.276550153633928e-09,-5.621775888875079e-15,9.55053322722617e-09
3868,9.275503715840757e-09,-5.6208564471756936e-15,9.275492474127864e-09,-5.6208564471756936e-15,9.549810191552901e-09
3869,9.274712214926019e-09,-5.620174787021515e-15,9.274700974576444e-09,-5.620174787021515e-15,9.54908677606186e-09
3870,9.274195461778436e-09,-5.619337015381112e-15,9.274184223104405e-09,-5.619337015381112e-15,9.548362980888464e-09
3871,9.273136912100526e-09,-5.618406224872957e-15,9.273125675288077e-09,-5.618406224872957e-15,9.547638806168026e-09
3872,9.272344483542862e-09,-5.6177129223670756e-15,9.272333248117017e-09,-5.6177129223670756e-15,9.546914252035985e-09
3873,9.271826707644343e-09,-5.616863918603784e-15,9.271815473916506e-09,-5.616863918603784e-15,9.546189318627797e-09
3874,9.270767182551179e-09,-5.615921736952092e-15,9.270755950707704e-09,-5.615921736952092e-15,9.545464006078826e-09
3875,9.269973697463738e-09,-5.6152172835675985e-15,9.26996246702917e-09,-5.6152172835675985e-15,9.544738314524553e-09
3876,9.2694548150206e-09,-5.614357067494635e-15,9.269443586306466e-09,-5.614357067494635e-15,9.544012244100487e-09
3877,9.268394726150103e-09,-5.6135038640333964e-15,9.268383499142375e-09,-5.6135038640333964e-15,9.543285794942037e-09
3878,9.267599291410486e-09,-5.6125144500995315e-15,9.267588066381585e-09,-5.6125144500995315e-15,9.54255896718477e-09
3879,9.2670797402773e-09,-5.611850241891831e-15,9.267068516576817e-09,-5.611850241891831e-15,9.541831760964136e-09
3880,9.266018637655163e-09,-5.610987574354635e-15,9.266007415680015e-09,-5.610987574354635e-15,9.541104176415684e-09
3881,9.2654949990325e-09,-5.610105380334957e-15,9.265483778821739e-09,-5.610105380334957e-15,9.540376213675012e-09
3882,9.264435151809183e-09,-5.609135036197446e-15,9.26442393353911e-09,-5.609135036197446e-15,9.539647872877598e-09
3883,9.263639496842783e-09,-5.6084047785529215e-15,9.263628280033225e-09,-5.6084047785529215e-15,9.538919154159054e-09
3884,9.263114753971628e-09,-5.607514015597798e-15,9.263103538943597e-09,-5.607514015597798e-15,9.538190057655012e-09
3885,9.26205148763395e-09,-5.606532609554091e-15,9.262040274568731e-09,-5.606532609554091e-15,9.537460583501008e-09
3886,9.26125409786166e-09,-5.605788878165562e-15,9.261242886283904e-09,-5.605788878165562e-15,9.53673073183269e-09
3887,9.260731102312683e-09,-5.604890236654177e-15,9.26071989253221e-09,-5.604890236654177e-15,9.536000502785741e-09
3888,9.259666821893973e-09,-5.603898705707304e-15,9.259655614096561e-09,-5.603898705707304e-15,9.535269896495738e-09
3889,9.258861069501096e-09,-5.603134523701871e-15,9.258849863232049e-09,-5.603134523701871e-15,9.534531113517733e-09
3890,9.258270641062936e-09,-5.6021331929969295e-15,9.25825943679655e-09,-5.6021331929969295e-15,9.53372906241495e-09
3891,9.257135159290773e-09,-5.6011376177556416e-15,9.257123957015538e-09,-5.6011376177556416e-15,9.532922092866576e-09
3892,9.256259726096503e-09,-5.600006358322391e-15,9.256248526083786e-09,-5.600006358322391e-15,9.532110115206103e-09
3893,9.255655682687394e-09,-5.599199003121255e-15,9.255644484289388e-09,-5.599199003121255e-15,9.531293515544248e-09
3894,9.254508198628714e-09,-5.598192787695067e-15,9.25449700224314e-09,-5.598192787695067e-15,9.530476067313723e-09
3895,9.253897452560689e-09,-5.597167355825523e-15,9.253886258225978e-09,-5.597167355825523e-15,9.529658069573536e-09
3896,9.252750835116262e-09,-5.596053813324718e-15,9.252739643008635e-09,-5.596053813324718e-15,9.528839611798448e-09
3897,9.251868085130026e-09,-5.595179991987972e-15,9.251856894770041e-09,-5.595179991987972e-15,9.528020778030986e-09
3898,9.251255954515946e-09,-5.5941464602340024e-15,9.251244766223026e-09,-5.5941464602340024e-15,9.527201582042835e-09
3899,9.250105869602055e-09,-5.593022429580387e-15,9.250094683557195e-09,-5.593022429580387e-15,9.526382028061852e-09
3900,9.249221405617825e-09,-5.592135655280761e-15,9.249210221346516e-09,-5.592135655280761e-15,9.525562118375556e-09
3901,9.248611049005572e-09,-5.591094668738936e-15,9.248599866816234e-09,-5.591094668738936e-15,9.52474185362575e-09
3902,9.247460040871056e-09,-5.589961091453633e-15,9.247448860948874e-09,-5.589961091453633e-15,9.523921234113489e-09
3903,9.24657460603351e-09,-5.5890647200970576e-15,9.24656342790407e-09,-5.5890647200970576e-15,9.523100260050671e-09
3904,9.245963237868306e-09,-5.588014297225558e-15,9.245952061839712e-09,-5.588014297225558e-15,9.522278931605438e-09
3905,9.244811799594857e-09,-5.5869708668866216e-15,9.244800625653124e-09,-5.5869708668866216e-15,9.521457248934523e-09
3906,9.243924496862617e-09,-5.58579250547666e-15,9.243913325277606e-09,-5.58579250547666e-15,9.52063521219152e-09
3907,9.24331251059187e-09,-5.5849383873191216e-15,9.243301340715096e-09,-5.5849383873191216e-15,9.51981282152864e-09
3908,9.242160165543164e-09,-5.583887094185616e-15,9.242148997768975e-09,-5.583887094185616e-15,9.518990077097821e-09
3909,9.241544132249361e-09,-5.582817306065429e-15,9.24153296661475e-09,-5.582817306065429e-15,9.518166979050896e-09
3910,9.240393109078643e-09,-5.581659874822326e-15,9.240381945758893e-09,-5.581659874822326e-15,9.51734352753957e-09
3911,9.239505714805247e-09,-5.580741899408865e-15,9.239494553321448e-09,-5.580741899408865e-15,9.516519722715631e-09
3912,9.238888628091538e-09,-5.5796651354569535e-15,9.238877468761268e-09,-5.5796651354569535e-15,9.515695564730878e-09
3913,9.237734296308138e-09,-5.578498395721795e-15,9.237723139311347e-09,-5.578498395721795e-15,9.514871053737004e-09
3914,9.23684524807608e-09,-5.577568483428574e-15,9.236834092939114e-09,-5.577568483428574e-15,9.514046189885818e-09
3915,9.23622995366083e-09,-5.576485430765034e-15,9.236218800689969e-09,-5.576485430765034e-15,9.513220973329108e-09
3916,9.235074713449668e-09,-5.575310048001994e-15,9.235063562829572e-09,-5.575310048001994e-15,9.512395404218601e-09
3917,9.23418470401891e-09,-5.574371572874614e-15,9.234173555275763e-09,-5.574371572874614e-15,9.511569482706098e-09
3918,9.233568404539602e-09,-5.573280056776369e-15,9.233557257979488e-09,-5.573280056776369e-15,9.510743208943423e-09
3919,9.23241229506151e-09,-5.572096419636662e-15,9.232401150868671e-09,-5.572096419636662e-15,9.509916583082294e-09
3920,9.231521310425011e-09,-5.571149557340223e-15,9.231510168125896e-09,-5.571149557340223e-15,9.509089605274533e-09
3921,9.230903959931556e-09,-5.570049819091402e-15,9.230892819831917e-09,-5.570049819091402e-15,9.50826227567198e-09
3922,9.229668685532468e-09,-5.56884949262315e-15,9.229657547833483e-09,-5.56884949262315e-15,9.507351759635613e-09
3923,9.228684415597264e-09,-5.56750101024063e-15,9.228673280595244e-09,-5.56750101024063e-15,9.506427501664547e-09
3924,9.22797123962514e-09,-5.5664760275164825e-15,9.227960106673085e-09,-5.5664760275164825e-15,9.505498900457466e-09
3925,9.226714724993743e-09,-5.565253796601907e-15,9.22670359448615e-09,-5.565253796601907e-15,9.50456587724714e-09
3926,9.225991172651392e-09,-5.564012538590596e-15,9.225980044626314e-09,-5.564012538590596e-15,9.50363159772256e-09
3927,9.224732996948647e-09,-5.56268341736245e-15,9.224721871581812e-09,-5.56268341736245e-15,9.502696686308617e-09
3928,9.223737769984201e-09,-5.56159291592943e-15,9.22372664679837e-09,-5.56159291592943e-15,9.501761239608726e-09
3929,9.223012205242492e-09,-5.560344433075158e-15,9.223001084553626e-09,-5.560344433075158e-15,9.500825335697016e-09
3930,9.221750219416642e-09,-5.559005961285106e-15,9.221739101404719e-09,-5.559005961285106e-15,9.499888994286369e-09
3931,9.220752970620796e-09,-5.5579035716151596e-15,9.220741854813652e-09,-5.5579035716151596e-15,9.498952220165592e-09
3932,9.22002889618324e-09,-5.5566487267478676e-15,9.220017782885787e-09,-5.5566487267478676e-15,9.498015015701211e-09
3933,9.218765793299468e-09,-5.555301809679845e-15,9.218754682695849e-09,-5.555301809679845e-15,9.49707738172081e-09
3934,9.217767361085687e-09,-5.554190856700839e-15,9.217756252703973e-09,-5.554190856700839e-15,9.496139318609115e-09
3935,9.217042036497231e-09,-5.552927644592164e-15,9.217030930641942e-09,-5.552927644592164e-15,9.495200826646112e-09
3936,9.215778318816498e-09,-5.551671258837196e-15,9.21576721547398e-09,-5.551671258837196e-15,9.494261906067174e-09
3937,9.214777813549255e-09,-5.550281419180679e-15,9.214766712986417e-09,-5.550281419180679e-15,9.493322557094239e-09
3938,9.214051634933682e-09,-5.549214015939075e-15,9.214040536505651e-09,-5.549214015939075e-15,9.492382779945368e-09
3939,9.212786828849114e-09,-5.547950829431359e-15,9.212775732947455e-09,-5.547950829431359e-15,9.491442574837357e-09
3940,9.212056458886275e-09,-5.546670206833169e-15,9.21204536554586e-09,-5.546670206833169e-15,9.490501941986588e-09
3941,9.210792845715932e-09,-5.545302283152856e-15,9.210781755111365e-09,-5.545302283152856e-15,9.489560881609219e-09
3942,9.209791898349814e-09,-5.544172617037274e-15,9.20978081000458e-09,-5.544172617037274e-15,9.488619393921461e-09
3943,9.209060242061961e-09,-5.542885893261992e-15,9.209049156290174e-09,-5.542885893261992e-15,9.487677479139522e-09
3944,9.207793147529769e-09,-5.541509735633605e-15,9.207782064510298e-09,-5.541509735633605e-15,9.486735137479505e-09
3945,9.206790341540425e-09,-5.5403692166017315e-15,9.206779260801992e-09,-5.5403692166017315e-15,9.485792369157604e-09
3946,9.20606023517377e-09,-5.539077144243552e-15,9.206049157019481e-09,-5.539077144243552e-15,9.484849174390028e-09
3947,9.20479205227161e-09,-5.537693533718577e-15,9.204780976884542e-09,-5.537693533718577e-15,9.483905553392881e-09
3948,9.203788078425081e-09,-5.536545382254964e-15,9.203777005334317e-09,-5.536545382254964e-15,9.482961506382367e-09
3949,9.203056734630996e-09,-5.53524599667673e-15,9.203045664139003e-09,-5.53524599667673e-15,9.482017033574686e-09
3950,9.201787501433619e-09,-5.533855046288764e-15,9.201776433723527e-09,-5.533855046288764e-15,9.481072135185963e-09
3951,9.200782347832631e-09,-5.532699561398002e-15,9.200771282433508e-09,-5.532699561398002e-15,9.480126811432386e-09
3952,9.200049722243078e-09,-5.531392913083056e-15,9.200038659457251e-09,-5.531392913083056e-15,9.479181062530182e-09
3953,9.198779854233881e-09,-5.530093213594868e-15,9.198768794047454e-09,-5.530093213594868e-15,9.478234888695455e-09
3954,9.197772639638436e-09,-5.528661217438728e-15,9.197761582316001e-09,-5.528661217438728e-15,9.477288290144453e-09
3955,9.19703916824038e-09,-5.527550531603487e-15,9.197028113139316e-09,-5.527550531603487e-15,9.476341267093287e-09
3956,9.195768221599589e-09,-5.526245268626697e-15,9.195757169109051e-09,-5.526245268626697e-15,9.475393819758175e-09
3957,9.195030573856203e-09,-5.524923095186431e-15,9.195019524010013e-09,-5.524923095186431e-15,9.474445948355338e-09
3958,9.193760823858727e-09,-5.523514222864819e-15,9.193749776830281e-09,-5.523514222864819e-15,9.473497653100884e-09
3959,9.192679776771004e-09,-5.522241610671652e-15,9.192668732287783e-09,-5.522241610671652e-15,9.472471820574263e-09
3960,9.191833388816686e-09,-5.5207686368453786e-15,9.191822347279412e-09,-5.5207686368453786e-15,9.471409773355446e-09
3961,9.190448806424186e-09,-5.519206550197768e-15,9.190437768011087e-09,-5.519206550197768e-15,9.470343166421617e-09
3962,9.189323954836077e-09,-5.517878856716626e-15,9.189312919078364e-09,-5.517878856716626e-15,9.469271918452428e-09
3963,9.18846834610365e-09,-5.516399437064832e-15,9.188457313304776e-09,-5.516399437064832e-15,9.468198652487548e-09
3964,9.187074981319839e-09,-5.5148284165208165e-15,9.187063951663006e-09,-5.5148284165208165e-15,9.467124704052149e-09
3965,9.185945063933332e-09,-5.513491676599103e-15,9.185934036949978e-09,-5.513491676599103e-15,9.466050216789314e-09
3966,9.185087036945806e-09,-5.512004464085669e-15,9.185076012936878e-09,-5.512004464085669e-15,9.464975273074187e-09
3967,9.183692769957822e-09,-5.510524152729357e-15,9.183681748909516e-09,-5.510524152729357e-15,9.46389990732639e-09
3968,9.18256064918085e-09,-5.50891189933068e-15,9.182549631357051e-09,-5.50891189933068e-15,9.462824126473138e-09
3969,9.18170171895468e-09,-5.507619715129369e-15,9.18169070371525e-09,-5.507619715129369e-15,9.461747933391064e-09
3970,9.180306425440137e-09,-5.506133606944679e-15,9.180295413172922e-09,-5.506133606944679e-15,9.460671329296185e-09
3971,9.179443336139461e-09,-5.504630655246281e-15,9.17943232687815e-09,-5.504630655246281e-15,9.459594314686391e-09
3972,9.17804928278453e-09,-5.503041385235622e-15,9.17803827670176e-09,-5.503041385235622e-15,9.458516889900372e-09
3973,9.176916802719776e-09,-5.5016885773705175e-15,9.176905799342621e-09,-5.5016885773705175e-15,9.457439055221591e-09
3974,9.176052458089338e-09,-5.500180624271187e-15,9.17604145772809e-09,-5.500180624271187e-15,9.456360810912987e-09
3975,9.174655024076204e-09,-5.498584157254831e-15,9.17464402690789e-09,-5.498584157254831e-15,9.455282157231872e-09
3976,9.173520748290842e-09,-5.497221577621946e-15,9.173509753847687e-09,-5.497221577621946e-15,9.454203094433839e-09
3977,9.172657970965637e-09,-5.495709308792801e-15,9.17264697954702e-09,-5.495709308792801e-15,9.45312362277383e-09
3978,9.171259536298123e-09,-5.494106418725061e-15,9.171248548085286e-09,-5.494106418725061e-15,9.452043742506502e-09
3979,9.17012415422169e-09,-5.492737083834189e-15,9.170113168747522e-09,-5.492737083834189e-15,9.450963453886512e-09
3980,9.169260171009624e-09,-5.491218489091328e-15,9.169249188572645e-09,-5.491218489091328e-15,9.449882757168493e-09
3981,9.167861218086521e-09,-5.489706833724383e-15,9.167850238672854e-09,-5.489706833724383e-15,9.448801652606934e-09
3982,9.16672383941262e-09,-5.488064280046382e-15,9.16671286328406e-09,-5.488064280046382e-15,9.447720140456444e-09
3983,9.165859041506132e-09,-5.486740588620388e-15,9.165848068024955e-09,-5.486740588620388e-15,9.446638220971474e-09
3984,9.164459097223326e-09,-5.48522412190242e-15,9.164448126775083e-09,-5.48522412190242e-15,9.445555894406555e-09
3985,9.163590159252202e-09,-5.4836912716662355e-15,9.163579191869658e-09,-5.4836912716662355e-15,9.444473161016186e-09
3986,9.162191460191423e-09,-5.482072654757619e-15,9.162180496046114e-09,-5.482072654757619e-15,9.443390021054757e-09
3987,9.161053746825759e-09,-5.480689741247419e-15,9.161042785446277e-09,-5.480689741247419e-15,9.442306474776723e-09
3988,9.16018356554202e-09,-5.4791528110891426e-15,9.160172607236397e-09,-5.4791528110891426e-15,9.441222522436528e-09
3989,9.158781501922359e-09,-5.477527819916091e-15,9.15877054686672e-09,-5.477527819916091e-15,9.440138164288482e-09
3990,9.15764200648496e-09,-5.476135892233518e-15,9.157631054213176e-09,-5.476135892233518e-15,9.439053400586982e-09
3991,9.156773395154703e-09,-5.474595510763646e-15,9.156762445963681e-09,-5.474595510763646e-15,9.437968231586393e-09
3992,9.155370341901048e-09,-5.472964971697933e-15,9.155359395971105e-09,-5.472964971697933e-15,9.436882657540972e-09
3993,9.154229750855818e-09,-5.4715672873457745e-15,9.154218807721244e-09,-5.4715672873457745e-15,9.43579667870504e-09
3994,9.153359943958568e-09,-5.47002135884356e-15,9.15334900391585e-09,-5.47002135884356e-15,9.434710295332897e-09
3995,9.151955939902499e-09,-5.46838543478245e-15,9.151945003131629e-09,-5.46838543478245e-15,9.433623507678729e-09
3996,9.150814242035103e-09,-5.466982173265678e-15,9.150803308070755e-09,-5.466982173265678e-15,9.432536315996783e-09
3997,9.149943194183366e-09,-5.46543083315142e-15,9.149932263321699e-09,-5.46543083315142e-15,9.431448720541303e-09
3998,9.148538653125228e-09,-5.4638866447452795e-15,9.148527725351939e-09,-5.4638866447452795e-15,9.430360721566393e-09
3999,9.147394972633941e-09,-5.462212500205208e-15,9.14738404820894e-09,-5.462212500205208e-15,9.429272319326276e-09
4000,9.146523118936347e-09,-5.460855969431296e-15,9.146512197224408e-09,-5.460855969431296e-15,9.428183514075021e-09
4001,9.145117600607203e-09,-5.459307879154447e-15,9.145106681991445e-09,-5.459307879154447e-15,9.427094306066767e-09
4002,9.144241627116718e-09,-5.457743946192557e-15,9.144230711628826e-09,-5.457743946192557e-15,9.42600469555563e-09
4003,9.142730982534346e-09,-5.4559508925388554e-15,9.14272007063256e-09,-5.4559508925388554e-15,9.42480327062281e-09
4004,9.141434107072469e-09,-5.454332641980384e-15,9.141423198407184e-09,-5.454332641980384e-15,9.423552703385904e-09
4005,9.140399303863729e-09,-5.45256128078476e-15,9.140388398741168e-09,-5.45256128078476e-15,9.422296756876779e-09
4006,9.13882931324462e-09,-5.4507018769914924e-15,9.138818411840865e-09,-5.4507018769914924e-15,9.421035333655986e-09
4007,9.137517745204476e-09,-5.449072839436813e-15,9.137506847058797e-09,-5.449072839436813e-15,9.419771634768874e-09
4008,9.136475249122947e-09,-5.4472956631228526e-15,9.136464354531621e-09,-5.4472956631228526e-15,9.418507221574937e-09
4009,9.134899643624028e-09,-5.445428520897774e-15,9.134888752766986e-09,-5.445428520897774e-15,9.417242263910519e-09
4010,9.133585609987487e-09,-5.443792749881707e-15,9.133574722401988e-09,-5.443792749881707e-15,9.415976860650782e-09
4011,9.132541483468323e-09,-5.442009461244871e-15,9.132530599449401e-09,-5.442009461244871e-15,9.414711052215792e-09
4012,9.130965217775415e-09,-5.440232950320507e-15,9.130954337309514e-09,-5.440232950320507e-15,9.41344484679848e-09
4013,9.129649156714628e-09,-5.438327104118711e-15,9.12963828006042e-09,-5.438327104118711e-15,9.412178247830914e-09
4014,9.12860420350305e-09,-5.436736919853185e-15,9.12859333002921e-09,-5.436736919853185e-15,9.410911256757716e-09
4015,9.1270270266038e-09,-5.434955982098483e-15,9.127016156691836e-09,-5.434955982098483e-15,9.409643874179809e-09
4016,9.12597796728417e-09,-5.433159186884273e-15,9.125967100965796e-09,-5.433159186884273e-15,9.408376100510857e-09
4017,9.124402082970017e-09,-5.4312775554777324e-15,9.124391220414907e-09,-5.4312775554777324e-15,9.407107936098755e-09
4018,9.123085768928688e-09,-5.429629066306521e-15,9.123074909670556e-09,-5.429629066306521e-15,9.405839381267337e-09
4019,9.122035487323093e-09,-5.427828608484628e-15,9.122024631665877e-09,-5.427828608484628e-15,9.404570436333901e-09
4020,9.120456348722971e-09,-5.425941100664048e-15,9.12044549684077e-09,-5.425941100664048e-15,9.403301101613464e-09
4021,9.119138315760229e-09,-5.424284132750369e-15,9.119127467191964e-09,-5.424284132750369e-15,9.402031377420352e-09
4022,9.118089607923093e-09,-5.422480616559408e-15,9.11807876296186e-09,-5.422480616559408e-15,9.40076126406861e-09
4023,9.11650957212965e-09,-5.420588001425842e-15,9.116498730953648e-09,-5.420588001425842e-15,9.399490761872056e-09
4024,9.115190502435344e-09,-5.41892564431318e-15,9.115179664584056e-09,-5.41892564431318e-15,9.398219871144522e-09
4025,9.114140621431955e-09,-5.417117133728839e-15,9.114129787197687e-09,-5.417117133728839e-15,9.396948592199773e-09
4026,9.112559728463922e-09,-5.4152195493432786e-15,9.112548898024824e-09,-5.4152195493432786e-15,9.395676925351406e-09
4027,9.111239610430795e-09,-5.413552089982863e-15,9.111228783326616e-09,-5.413552089982863e-15,9.39440487091305e-09
4028,9.110188512794667e-09,-5.4117385252248255e-15,9.110177689317616e-09,-5.4117385252248255e-15,9.393132429198279e-09
4029,9.10860717453971e-09,-5.409932026940616e-15,9.108596354675655e-09,-5.409932026940616e-15,9.391859600520502e-09
4030,9.107285140260214e-09,-5.4079973646941776e-15,9.107274324265484e-09,-5.4079973646941776e-15,9.390586385193187e-09
4031,9.106233257014794e-09,-5.406376524961765e-15,9.106222444261743e-09,-5.406376524961765e-15,9.389312783529627e-09
4032,9.104651035276812e-09,-5.404566613849038e-15,9.104640226143585e-09,-5.404566613849038e-15,9.388038795843131e-09
4033,9.103595074891454e-09,-5.402741309874541e-15,9.103584269408834e-09,-5.402741309874541e-15,9.386764422446958e-09
4034,9.102014146703389e-09,-5.400831973747534e-15,9.102003345039442e-09,-5.400831973747534e-15,9.38548966365419e-09
4035,9.100691883802529e-09,-5.399154535029596e-15,9.10068108549346e-09,-5.399154535029596e-15,9.384214519777965e-09
4036,9.09963471720021e-09,-5.397326515706732e-15,9.099623922547178e-09,-5.397326515706732e-15,9.382938991131336e-09
4037,9.098050561720299e-09,-5.395412277631919e-15,9.098039770895744e-09,-5.395412277631919e-15,9.381663078027214e-09
4038,9.09672660014361e-09,-5.3937273570742276e-15,9.096715812688895e-09,-5.3937273570742276e-15,9.380386780778526e-09
4039,9.095671008111524e-09,-5.391897229713115e-15,9.095660224317064e-09,-5.391897229713115e-15,9.379110099698148e-09
4040,9.09408597251122e-09,-5.3899788681664635e-15,9.094075192553483e-09,-5.3899788681664635e-15,9.377833035098796e-09
4041,9.092760990005598e-09,-5.388289554666033e-15,9.092750213426489e-09,-5.388289554666033e-15,9.376555587293205e-09
4042,9.091704240302074e-09,-5.386455213416967e-15,9.091693467391646e-09,-5.386455213416967e-15,9.375277756594065e-09
4043,9.090118801665046e-09,-5.384628130168945e-15,9.090108032408785e-09,-5.384628130168945e-15,9.373999543313888e-09
4044,9.088791918689689e-09,-5.3826739227838046e-15,9.088781153341843e-09,-5.3826739227838046e-15,9.372720947765263e-09
4045,9.08773439793115e-09,-5.381031951755266e-15,9.087723635867246e-09,-5.381031951755266e-15,9.37144197026058e-09
4046,9.086148091289631e-09,-5.379202140721341e-15,9.08613733288535e-09,-5.379202140721341e-15,9.370162611112268e-09
4047,9.085086512993915e-09,-5.377357398914991e-15,9.085075758279117e-09,-5.377357398914991e-15,9.36888287063268e-09
4048,9.083501499930522e-09,-5.3754292672711905e-15,9.083490749071987e-09,-5.3754292672711905e-15,9.367602749134024e-09
4049,9.082174406705946e-09,-5.373731982591761e-15,9.082163659241981e-09,-5.373731982591761e-15,9.366322246928528e-09
4050,9.081111635152934e-09,-5.371885234281121e-15,9.081100891382465e-09,-5.371885234281121e-15,9.365041364328364e-09
4051,9.079523416876277e-09,-5.369952971746698e-15,9.079512676970333e-09,-5.369952971746698e-15,9.363760101645535e-09
4052,9.07819463947364e-09,-5.368248880830946e-15,9.07818390297588e-09,-5.368248880830946e-15,9.362478459192082e-09
4053,9.077133446048695e-09,-5.36640065479881e-15,9.077122713247385e-09,-5.36640065479881e-15,9.361196437279983e-09
4054,9.075544361995384e-09,-5.364464937009274e-15,9.07553363306551e-09,-5.364464937009274e-15,9.35991403622105e-09
4055,9.074214575434717e-09,-5.362757217690734e-15,9.074203849920282e-09,-5.362757217690734e-15,9.35863125632713e-09
4056,9.073152237085372e-09,-5.3609055932567844e-15,9.073141515274186e-09,-5.3609055932567844e-15,9.357348097910005e-09
4057,9.07140631075854e-09,-5.358849837875463e-15,9.071395593058865e-09,-5.358849837875463e-15,9.35590094425448e-09
4058,9.069891144627889e-09,-5.356635254662716e-15,9.069880431357379e-09,-5.356635254662716e-15,9.354425081345916e-09
4059,9.068639722046942e-09,-5.3547315004122105e-15,9.068629012583941e-09,-5.3547315004122105e-15,9.352943747099568e-09
4060,9.066856187773706e-09,-5.35264029500697e-15,9.066845482493116e-09,-5.35264029500697e-15,9.351456842498522e-09
4061,9.06559266919135e-09,-5.350532631059857e-15,9.065581968126088e-09,-5.350532631059857e-15,9.349968440403653e-09
4062,9.06380673800975e-09,-5.348341489266518e-15,9.063796041326773e-09,-5.348341489266518e-15,9.348479455012579e-09
4063,9.062277787809018e-09,-5.3463794499810745e-15,9.062267095050118e-09,-5.3463794499810745e-15,9.346990018838558e-09
4064,9.061012251464645e-09,-5.344268662899215e-15,9.061001562927318e-09,-5.344268662899215e-15,9.345500234171328e-09
4065,9.059222961496594e-09,-5.3420725484887665e-15,9.059212277351497e-09,-5.3420725484887665e-15,9.344010128701846e-09
4066,9.057692341552821e-09,-5.340102980243988e-15,9.057681661346861e-09,-5.340102980243988e-15,9.3425197089959e-09
4067,9.056428472605763e-09,-5.337990046729343e-15,9.05641779662567e-09,-5.337990046729343e-15,9.34102897825341e-09
4068,9.054638544418517e-09,-5.335789918289522e-15,9.05462787283868e-09,-5.335789918289522e-15,9.339537937666008e-09
4069,9.053107121904553e-09,-5.333815903750477e-15,9.053096454272745e-09,-5.333815903750477e-15,9.338046587815672e-09
4070,9.051842281496042e-09,-5.331698885594032e-15,9.051831618098272e-09,-5.331698885594032e-15,9.336554929141905e-09
4071,9.050051775505667e-09,-5.329494796109547e-15,9.050041116516074e-09,-5.329494796109547e-15,9.33506296202531e-09
4072,9.048519549277236e-09,-5.327516655209026e-15,9.048508894243926e-09,-5.327516655209026e-15,9.333570686828128e-09
4073,9.04725369794413e-09,-5.325395680950832e-15,9.047243047152769e-09,-5.325395680950832e-15,9.332078103907435e-09
4074,9.045463025174012e-09,-5.323281755919232e-15,9.0454523786105e-09,-5.323281755919232e-15,9.330585213618281e-09
4075,9.043929135616945e-09,-5.3210425265997986e-15,9.043918493531891e-09,-5.3210425265997986e-15,9.329092016315186e-09
4076,9.04266270192128e-09,-5.31911125510831e-15,9.042652063698769e-09,-5.31911125510831e-15,9.327598512352206e-09
4077,9.040871428812985e-09,-5.316994935353699e-15,9.040860794823115e-09,-5.316994935353699e-15,9.326104702083359e-09
4078,9.039601096899395e-09,-5.314863949322482e-15,9.039590467171496e-09,-5.314863949322482e-15,9.324610585862491e-09
4079,9.03781127914928e-09,-5.312650816699108e-15,9.037800653847647e-09,-5.312650816699108e-15,9.32311616404323e-09
4080,9.036277554651791e-09,-5.310665116764318e-15,9.036266933321558e-09,-5.310665116764318e-15,9.321621436979173e-09
4081,9.035006224142841e-09,-5.3085323644737105e-15,9.034995607078111e-09,-5.3085323644737105e-15,9.320126405023796e-09
4082,9.033213494724607e-09,-5.306315300039435e-15,9.033202882094007e-09,-5.306315300039435e-15,9.318631068530346e-09
4083,9.031678326057477e-09,-5.304323167060974e-15,9.031667717411144e-09,-5.304323167060974e-15,9.317135427852042e-09
4084,9.030408740979542e-09,-5.302189220830512e-15,9.0303981366011e-09,-5.302189220830512e-15,9.315639483341993e-09
4085,9.028615415433429e-09,-5.299969095385556e-15,9.028604815495238e-09,-5.299969095385556e-15,9.314143235353072e-09
4086,9.027079473644642e-09,-5.29797352494434e-15,9.027068877697592e-09,-5.29797352494434e-15,9.312646684238118e-09
4087,9.025808936659997e-09,-5.295836407754548e-15,9.025798344987182e-09,-5.295836407754548e-15,9.311149830349868e-09
4088,9.024015487116639e-09,-5.2937064977440215e-15,9.024004899703643e-09,-5.2937064977440215e-15,9.309652674040815e-09
4089,9.022477900971459e-09,-5.291452501040933e-15,9.022467318066456e-09,-5.291452501040933e-15,9.308155215663468e-09
4090,9.021206796642573e-09,-5.28950443990717e-15,9.021196217633694e-09,-5.28950443990717e-15,9.306657455570075e-09
4091,9.019412762221542e-09,-5.287372844658331e-15,9.019402187475852e-09,-5.287372844658331e-15,9.305159394112867e-09
4092,9.018137786034196e-09,-5.285226997822651e-15,9.018127215580201e-09,-5.285226997822651e-15,9.30366103164394e-09
4093,9.016345206894185e-09,-5.282999721198076e-15,9.016334640894743e-09,-5.282999721198076e-15,9.30216236851517e-09
4094,9.01480780434049e-09,-5.280998629232391e-15,9.014797242343231e-09,-5.280998629232391e-15,9.300663405078405e-09
4095,9.013531843050671e-09,-5.278851729832098e-15,9.013521285347212e-09,-5.278851729832098e-15,9.299164141685375e-09
4096,9.01164755713933e-09,-5.2765031341094e-15,9.011637004133063e-09,-5.2765031341094e-15,9.297571764464196e-09
4097,9.009972086947406e-09,-5.274316491908063e-15,9.009961538314422e-09,-5.274316491908063e-15,9.295929089056796e-09
4098,9.008557873430381e-09,-5.2719890042078504e-15,9.008547329452372e-09,-5.2719890042078504e-15,9.29428257344996e-09
4099,9.006618436406302e-09,-5.269575782009411e-15,9.006607897254738e-09,-5.269575782009411e-15,9.292632149364653e-09
4100,9.004932949967223e-09,-5.267384440265489e-15,9.004922415198342e-09,-5.267384440265489e-15,9.290979935884985e-09
4101,9.00351106000708e-09,-5.265052056579233e-15,9.003500529902967e-09,-5.265052056579233e-15,9.289327199312226e-09
4102,9.001567638392228e-09,-5.2626340898883755e-15,9.001557113124049e-09,-5.2626340898883755e-15,9.287674069895227e-09
4103,8.999880330448564e-09,-5.2604386352750444e-15,8.999869809571293e-09,-5.2604386352750444e-15,9.286020617785071e-09
4104,8.998457165044815e-09,-5.25810279494336e-15,8.998446648839226e-09,-5.25810279494336e-15,9.28436687480578e-09
4105,8.996513516678843e-09,-5.25577392126223e-15,8.996503005131001e-09,-5.25577392126223e-15,9.282712847334088e-09
4106,8.994824568146074e-09,-5.25332195918913e-15,8.994814061502156e-09,-5.25332195918913e-15,9.281058538048685e-09
4107,8.993400853480226e-09,-5.251173143841429e-15,8.993390351133938e-09,-5.251173143841429e-15,9.279403948222467e-09
4108,8.991456709111084e-09,-5.248842374705906e-15,8.991446211426335e-09,-5.248842374705906e-15,9.277749078479914e-09
4109,8.990029169548427e-09,-5.2464973981445495e-15,8.99001867655363e-09,-5.2464973981445495e-15,9.276093929303414e-09
4110,8.988086531816376e-09,-5.244071663185178e-15,8.988076043673049e-09,-5.244071663185178e-15,9.274438501127457e-09
4111,8.986397876935503e-09,-5.2418699142376426e-15,8.986387393195675e-09,-5.2418699142376426e-15,9.272782794368285e-09
4112,8.984969399273263e-09,-5.239523663724905e-15,8.984958920225935e-09,-5.239523663724905e-15,9.271126809437136e-09
4113,8.983023991277752e-09,-5.237094593876003e-15,8.983013517088565e-09,-5.237094593876003e-15,9.26947054674341e-09
4114,8.981333986367485e-09,-5.2348869271666884e-15,8.98132351659363e-09,-5.2348869271666884e-15,9.267814006695889e-09
4115,8.979907283969574e-09,-5.232539943071381e-15,8.979896818889689e-09,-5.232539943071381e-15,9.266157189703018e-09
4116,8.97796139409317e-09,-5.230108315845833e-15,8.977950933876539e-09,-5.230108315845833e-15,9.264500096172905e-09
4117,8.97627070287991e-09,-5.227897713347341e-15,8.976260247084483e-09,-5.227897713347341e-15,9.262842726513567e-09
4118,8.974802492801357e-09,-5.2254943104367785e-15,8.974792041812737e-09,-5.2254943104367785e-15,9.261142651236636e-09
4119,8.972746815986894e-09,-5.2230075567965275e-15,8.972736369971781e-09,-5.2230075567965275e-15,9.259370041825662e-09
4120,8.970942223635127e-09,-5.220398348105371e-15,8.97093178283843e-09,-5.220398348105371e-15,9.257594429427009e-09
4121,8.969399131358878e-09,-5.218090048982116e-15,8.96938869517878e-09,-5.218090048982116e-15,9.255815761815968e-09
4122,8.96733554010278e-09,-5.2156006574947455e-15,8.967325108901464e-09,-5.2156006574947455e-15,9.254034945987481e-09
4123,8.965785363868557e-09,-5.213096600046552e-15,8.965774937675357e-09,-5.213096600046552e-15,9.252253633096157e-09
4124,8.963722138225632e-09,-5.2105124062824866e-15,8.96371171720082e-09,-5.2105124062824866e-15,9.250471964989164e-09
4125,8.96191175894911e-09,-5.208150216556121e-15,8.961901342648677e-09,-5.208150216556121e-15,9.248689995549045e-09
4126,8.96036041235238e-09,-5.20564469913405e-15,8.960350001062981e-09,-5.20564469913405e-15,9.246907762777819e-09
4127,8.958294364946404e-09,-5.203057005915302e-15,8.958283958832393e-09,-5.203057005915302e-15,9.245125273526605e-09
4128,8.956482648882067e-09,-5.200688814546171e-15,8.956472247504438e-09,-5.200688814546171e-15,9.243342530331823e-09
4129,8.954933095972348e-09,-5.1981824491680065e-15,8.95492269960745e-09,-5.1981824491680065e-15,9.24155953461673e-09
4130,8.952866658905859e-09,-5.195592132802037e-15,8.952856267721592e-09,-5.195592132802037e-15,9.239776287062551e-09
4131,8.951054332627967e-09,-5.193220898943872e-15,8.951043946186168e-09,-5.193220898943872e-15,9.237992788194362e-09
4132,8.949503948058955e-09,-5.190711792924707e-15,8.949493566635369e-09,-5.190711792924707e-15,9.236209038492507e-09
4133,8.947437165909635e-09,-5.188119016752899e-15,8.9474267896716e-09,-5.188119016752899e-15,9.23442503841713e-09
4134,8.945624223161943e-09,-5.185744915249668e-15,8.945613851672112e-09,-5.185744915249668e-15,9.232640788423075e-09
4135,8.944072966723802e-09,-5.183233262597782e-15,8.944062600257277e-09,-5.183233262597782e-15,9.230856288963408e-09
4136,8.942006243889257e-09,-5.180728869598481e-15,8.941995882431518e-09,-5.180728869598481e-15,9.22907154049029e-09
4137,8.940191840209585e-09,-5.178103815517465e-15,8.940181484001954e-09,-5.178103815517465e-15,9.227286543455608e-09
4138,8.938640134049746e-09,-5.175776614865527e-15,8.938629782496517e-09,-5.175776614865527e-15,9.225501298310842e-09
4139,8.936573045028953e-09,-5.173271056037989e-15,8.93656269848684e-09,-5.173271056037989e-15,9.223715805507316e-09
4140,8.935017607805474e-09,-5.170751873764053e-15,8.935007266301727e-09,-5.170751873764053e-15,9.221930065496117e-09
4141,8.932952083721674e-09,-5.1681536990842945e-15,8.932941747414275e-09,-5.1681536990842945e-15,9.220144078727996e-09
4142,8.93113812926953e-09,-5.165775555657101e-15,8.931127797718418e-09,-5.165775555657101e-15,9.218357845653572e-09
4143,8.929511681266266e-09,-5.163162415407442e-15,8.929501354941435e-09,-5.163162415407442e-15,9.216498088810805e-09
4144,8.927356008460066e-09,-5.1604465332015016e-15,8.927345687567e-09,-5.1604465332015016e-15,9.21461991456415e-09
4145,8.925451395781429e-09,-5.157948331809244e-15,8.925441079884765e-09,-5.157948331809244e-15,9.212739492743491e-09
4146,8.923805567799346e-09,-5.1553136222933e-15,8.923795257172102e-09,-5.1553136222933e-15,9.210856785312084e-09
4147,8.92164449133977e-09,-5.152595409182715e-15,8.921634186148951e-09,-5.152595409182715e-15,9.208973383914674e-09
4148,8.91973595720519e-09,-5.150094084105081e-15,8.919725657017022e-09,-5.150094084105081e-15,9.207089773455896e-09
4149,8.918087950031831e-09,-5.147456591692418e-15,8.918077655118648e-09,-5.147456591692418e-15,9.205206015530652e-09
4150,8.91592696793999e-09,-5.144826432128695e-15,8.915916678287126e-09,-5.144826432128695e-15,9.2033221526702e-09
4151,8.914017275926318e-09,-5.142076845473951e-15,8.914006991772627e-09,-5.142076845473951e-15,9.20143819856902e-09
4152,8.912369188921824e-09,-5.1396226395023905e-15,8.912358909676545e-09,-5.1396226395023905e-15,9.19955415641615e-09
4153,8.910208298878317e-09,-5.136991924932715e-15,8.910198024894467e-09,-5.136991924932715e-15,9.197670027788234e-09
4154,8.908556801893011e-09,-5.1343478418682615e-15,8.908546533197327e-09,-5.1343478418682615e-15,9.195785813432339e-09
4155,8.90639778953728e-09,-5.1316256470556454e-15,8.906387526285987e-09,-5.1316256470556454e-15,9.193901513808362e-09
4156,8.904437300513688e-09,-5.129053561208718e-15,8.904427042406566e-09,-5.129053561208718e-15,9.191962806801025e-09
4157,8.902686316242669e-09,-5.126280875343695e-15,8.902676063680918e-09,-5.126280875343695e-15,9.189974847362661e-09
4158,8.900423922370745e-09,-5.123427726726168e-15,8.900413675515292e-09,-5.123427726726168e-15,9.187984492295864e-09
4159,8.898411198154228e-09,-5.1207900469213e-15,8.898400956574133e-09,-5.1207900469213e-15,9.185991697723214e-09
4160,8.896656292241664e-09,-5.118016653860947e-15,8.896646056208357e-09,-5.118016653860947e-15,9.18399754558146e-09
4161,8.894389330197259e-09,-5.1151606643593155e-15,8.89437909987593e-09,-5.1151606643593155e-15,9.182003094298509e-09
4162,8.892373861591592e-09,-5.112519629355998e-15,8.892363636552333e-09,-5.112519629355998e-15,9.180008442219488e-09
4163,8.890617603927677e-09,-5.109743681894062e-15,8.890607384440313e-09,-5.109743681894062e-15,9.178013633876258e-09
4164,8.888350914074135e-09,-5.10697491911122e-15,8.888340700124296e-09,-5.10697491911122e-15,9.1760186945506e-09
4165,8.886334249958435e-09,-5.104087762456942e-15,8.88632404178291e-09,-5.104087762456942e-15,9.174023629132035e-09
4166,8.884577831224228e-09,-5.101493159852074e-15,8.884567628237907e-09,-5.101493159852074e-15,9.172028439629145e-09
4167,8.882311167999341e-09,-5.098723649519752e-15,8.882300970552042e-09,-5.098723649519752e-15,9.170033127153837e-09
4168,8.880551285236154e-09,-5.095940902248835e-15,8.88054109335435e-09,-5.095940902248835e-15,9.168037692320644e-09
4169,8.878286430788235e-09,-5.093080723124425e-15,8.878276244626788e-09,-5.093080723124425e-15,9.16604213563742e-09
4170,8.876246207522502e-09,-5.090404518126725e-15,8.876236026713466e-09,-5.090404518126725e-15,9.164020771720806e-09
4171,8.874433195031088e-09,-5.087553641195054e-15,8.874423019923805e-09,-5.087553641195054e-15,9.161970057785172e-09
4172,8.872112472143635e-09,-5.084623436670381e-15,8.872102302896761e-09,-5.084623436670381e-15,9.159918082603428e-09
4173,8.870041220245293e-09,-5.081906846575967e-15,8.870031056431599e-09,-5.081906846575967e-15,9.157864824841326e-09
4174,8.868227292819207e-09,-5.0790564244594425e-15,8.868217134706358e-09,-5.0790564244594425e-15,9.155810838769985e-09
4175,8.865904399884948e-09,-5.076124762870805e-15,8.865894247635423e-09,-5.076124762870805e-15,9.15375679996803e-09
4176,8.863831913962706e-09,-5.073406189618895e-15,8.863821767150327e-09,-5.073406189618895e-15,9.151702769226813e-09
4177,8.862017467446534e-09,-5.0705543813671925e-15,8.862007326337772e-09,-5.0705543813671925e-15,9.14964877221475e-09
4178,8.859695039860423e-09,-5.067621838356092e-15,8.859684904616747e-09,-5.067621838356092e-15,9.147594824811681e-09
4179,8.857622765669216e-09,-5.064901941722721e-15,8.857612635865333e-09,-5.064901941722721e-15,9.145540930050668e-09
4180,8.855808269386506e-09,-5.06204918102927e-15,8.855798145288144e-09,-5.06204918102927e-15,9.143487089164946e-09
4181,8.853486823350417e-09,-5.059203914607689e-15,8.853476704942587e-09,-5.059203914607689e-15,9.141433302868781e-09
4182,8.851413994635349e-09,-5.056242096925299e-15,8.851403882151155e-09,-5.056242096925299e-15,9.139379571567571e-09
4183,8.849599893914215e-09,-5.053569637194182e-15,8.84958978677494e-09,-5.053569637194182e-15,9.137325895600806e-09
4184,8.84727901862088e-09,-5.050724836202688e-15,8.847268917171209e-09,-5.050724836202688e-15,9.13527227528834e-09
4185,8.845389907481118e-09,-5.0477739409084235e-15,8.845379811933236e-09,-5.0477739409084235e-15,9.133143605388527e-09
4186,8.842937273410433e-09,-5.044667891704116e-15,8.842927184074649e-09,-5.044667891704116e-15,9.13095022985949e-09
4187,8.840729563507658e-09,-5.041775155269953e-15,8.840719479957347e-09,-5.041775155269953e-15,9.128753852580458e-09
4188,8.838772615524154e-09,-5.038745492291077e-15,8.83876253803317e-09,-5.038745492291077e-15,9.126554415804544e-09
4189,8.836310203063727e-09,-5.035636738791636e-15,8.836300131790249e-09,-5.035636738791636e-15,9.124353367453219e-09
4190,8.83409594254782e-09,-5.032738336285671e-15,8.834085877071148e-09,-5.032738336285671e-15,9.122152060191635e-09
4191,8.832138070419365e-09,-5.029707816092318e-15,8.832128011003733e-09,-5.029707816092318e-15,9.11995062035628e-09
4192,8.829674886821831e-09,-5.026597146298498e-15,8.829664833627538e-09,-5.026597146298498e-15,9.117749105815654e-09
4193,8.827460391966657e-09,-5.023696760401357e-15,8.827450344573135e-09,-5.023696760401357e-15,9.115547548755117e-09
4194,8.825502123239008e-09,-5.020664701144249e-15,8.825492081909606e-09,-5.020664701144249e-15,9.113345955342717e-09
4195,8.823039670777367e-09,-5.0176398973795706e-15,8.823029635497573e-09,-5.0176398973795706e-15,9.111144328067526e-09
4196,8.820824365578821e-09,-5.0144995844240225e-15,8.820814336579653e-09,-5.0144995844240225e-15,9.10894266825781e-09
4197,8.818866219208052e-09,-5.011645351102328e-15,8.818856195917349e-09,-5.011645351102328e-15,9.106740976608398e-09
4198,8.816404115625459e-09,-5.008620475841804e-15,8.816394098384507e-09,-5.008620475841804e-15,9.104539253678484e-09
4199,8.81444272271617e-09,-5.005582822346816e-15,8.814432711550526e-09,-5.005582822346816e-15,9.102337499985059e-09
4200,8.81198260224317e-09,-5.002469738081121e-15,8.811972597303695e-09,-5.002469738081121e-15,9.100135716027495e-09
4201,8.80971771538068e-09,-4.9995020684258175e-15,8.809707716376542e-09,-4.9995020684258175e-15,9.097880597902273e-09
4202,8.807673884252594e-09,-4.996359937699391e-15,8.807663891532718e-09,-4.996359937699391e-15,9.0955929973058e-09
4203,8.80512815316686e-09,-4.9931406592138516e-15,8.805118166885541e-09,-4.9931406592138516e-15,9.093303657794802e-09
4204,8.802828359918511e-09,-4.990130179845936e-15,8.802818379658151e-09,-4.990130179845936e-15,9.091012547482683e-09
4205,8.80078240938857e-09,-4.986988906848036e-15,8.800772435410756e-09,-4.986988906848036e-15,9.088720747057483e-09
4206,8.798233940822072e-09,-4.9837685281188385e-15,8.798223973285015e-09,-4.9837685281188385e-15,9.086428984124648e-09
4207,8.795932859120201e-09,-4.9807563842119784e-15,8.795922897607433e-09,-4.9807563842119784e-15,9.08413733115158e-09
4208,8.793886624839358e-09,-4.97761433801178e-15,8.793876669610683e-09,-4.97761433801178e-15,9.08184582522825e-09
4209,8.791338964983342e-09,-4.9743936137026e-15,8.791329016196113e-09,-4.9743936137026e-15,9.079554484200603e-09
4210,8.789038424794568e-09,-4.9713807202819395e-15,8.789028482033127e-09,-4.9713807202819395e-15,9.077263311644829e-09
4211,8.786992449754755e-09,-4.9682382526491156e-15,8.78698251327825e-09,-4.9682382526491156e-15,9.074972309085134e-09
4212,8.78444615101405e-09,-4.96510340782195e-15,8.784436220807233e-09,-4.96510340782195e-15,9.072681477311326e-09
4213,8.782145416950339e-09,-4.96185494329244e-15,8.782135493240453e-09,-4.96185494329244e-15,9.07039081675873e-09
4214,8.780100146594087e-09,-4.958888988435693e-15,8.78009022881611e-09,-4.958888988435693e-15,9.068100327785494e-09
4215,8.777554805246522e-09,-4.9557551433972705e-15,8.777544893736234e-09,-4.9557551433972705e-15,9.065810010724543e-09
4216,8.77550670501375e-09,-4.952609096267383e-15,8.775496799795558e-09,-4.952609096267383e-15,9.063519865898763e-09
4217,8.772963731178094e-09,-4.949388971409571e-15,8.77295383240015e-09,-4.949388971409571e-15,9.061229893628057e-09
4218,8.770583742201482e-09,-4.946272781390934e-15,8.77057384965592e-09,-4.946272781390934e-15,9.058854733861944e-09
4219,8.768395972395714e-09,-4.942950362380741e-15,8.76838608649499e-09,-4.942950362380741e-15,9.056418898652936e-09
4220,8.765708898300907e-09,-4.939551783542795e-15,8.76569901919734e-09,-4.939551783542795e-15,9.053980136502865e-09
4221,8.76326479478437e-09,-4.936359100857189e-15,8.763254922066168e-09,-4.936359100857189e-15,9.051538389472147e-09
4222,8.761071698301293e-09,-4.9330372586073275e-15,8.761061832226776e-09,-4.9330372586073275e-15,9.049095289681525e-09
4223,8.758379484088663e-09,-4.929637134574106e-15,8.758369624814394e-09,-4.929637134574106e-15,9.046652109749672e-09
4224,8.755932729702296e-09,-4.926442288795034e-15,8.755922876817718e-09,-4.926442288795034e-15,9.044208972239736e-09
4225,8.753738809486006e-09,-4.923119316142599e-15,8.753728963247374e-09,-4.923119316142599e-15,9.041765936612293e-09
4226,8.751047654098632e-09,-4.919803699668085e-15,8.751037814491232e-09,-4.919803699668085e-15,9.039323033428383e-09
4227,8.748600487681141e-09,-4.916375765793672e-15,8.74859065492961e-09,-4.916375765793672e-15,9.036880268632315e-09
4228,8.746407109959981e-09,-4.913226847643054e-15,8.746397283506285e-09,-4.913226847643054e-15,9.034437644661757e-09
4229,8.743716839440734e-09,-4.9099119985059974e-15,8.743707019616737e-09,-4.9099119985059974e-15,9.031995162774053e-09
4230,8.741520588714126e-09,-4.906585004041528e-15,8.741510775544117e-09,-4.906585004041528e-15,9.029552823623762e-09
4231,8.738832632847884e-09,-4.9031847974105e-15,8.738822826478289e-09,-4.9031847974105e-15,9.027110627735426e-09
4232,8.736387801696558e-09,-4.899990659479151e-15,8.73637800171524e-09,-4.899990659479151e-15,9.024668575592175e-09
4233,8.734191761745246e-09,-4.8966651359542496e-15,8.734181968414974e-09,-4.8966651359542496e-15,9.022226667660336e-09
4234,8.731502567719163e-09,-4.893264587353777e-15,8.731492781189988e-09,-4.893264587353777e-15,9.019784904401365e-09
4235,8.729057702523081e-09,-4.890067648686646e-15,8.729047922387784e-09,-4.890067648686646e-15,9.017343286274993e-09
4236,8.726828884363874e-09,-4.8866988375385786e-15,8.7268191109662e-09,-4.8866988375385786e-15,9.014864731212678e-09
4237,8.724002011212706e-09,-4.883122870166547e-15,8.723992244966966e-09,-4.883122870166547e-15,9.012278771242238e-09
4238,8.721416518891124e-09,-4.879749553024349e-15,8.721406759392018e-09,-4.879749553024349e-15,9.009690179551458e-09
4239,8.719079597092813e-09,-4.876250453895613e-15,8.719069844591905e-09,-4.876250453895613e-15,9.00709890460573e-09
4240,8.716246405065359e-09,-4.872758405454567e-15,8.716236659548548e-09,-4.872758405454567e-15,9.004505625709653e-09
4241,8.713654527398968e-09,-4.869155003802195e-15,8.71364478908896e-09,-4.869155003802195e-15,9.001912466586506e-09
4242,8.711314822071226e-09,-4.86582737056948e-15,8.711305090416485e-09,-4.86582737056948e-15,8.999319601209544e-09
4243,8.708481724945296e-09,-4.86233612996125e-15,8.708472000273037e-09,-4.86233612996125e-15,8.996727087646309e-09
4244,8.706139513898421e-09,-4.858833230167569e-15,8.706129796231961e-09,-4.858833230167569e-15,8.994134972624412e-09
4245,8.703309171784215e-09,-4.855258232815061e-15,8.703299461267749e-09,-4.855258232815061e-15,8.991543264036985e-09
4246,8.700720572260662e-09,-4.851887023861536e-15,8.700710868486614e-09,-4.851887023861536e-15,8.988951964469851e-09
4247,8.698379302259182e-09,-4.848386371873708e-15,8.698369605486439e-09,-4.848386371873708e-15,8.986361075306114e-09
4248,8.695548536375333e-09,-4.844811926492463e-15,8.69553884675148e-09,-4.844811926492463e-15,8.983770597035399e-09
4249,8.69296068457816e-09,-4.841438752182724e-15,8.692951001700655e-09,-4.841438752182724e-15,8.981180529961902e-09
4250,8.690622903816344e-09,-4.837940910748336e-15,8.690613227934522e-09,-4.837940910748336e-15,8.978590874339518e-09
4251,8.68779384887691e-09,-4.83436778409394e-15,8.687784180141341e-09,-4.83436778409394e-15,8.97600163039849e-09
4252,8.685207361145402e-09,-4.8309953675602156e-15,8.685197699154668e-09,-4.8309953675602156e-15,8.97341279836285e-09
4253,8.682870591099824e-09,-4.827498741472335e-15,8.68286093610234e-09,-4.827498741472335e-15,8.97082437845454e-09
4254,8.680043280381156e-09,-4.8239270707219655e-15,8.680033632527015e-09,-4.8239270707219655e-15,8.968236370894397e-09
4255,8.677458145930937e-09,-4.820555641027481e-15,8.677448504819655e-09,-4.820555641027481e-15,8.965648775902822e-09
4256,8.675054925562712e-09,-4.816975228028494e-15,8.675045291612256e-09,-4.816975228028494e-15,8.962991200863336e-09
4257,8.672066245586269e-09,-4.813282493427852e-15,8.672056619021283e-09,-4.813282493427852e-15,8.96023370670679e-09
4258,8.669314962834817e-09,-4.809480855170799e-15,8.669305343873107e-09,-4.809480855170799e-15,8.9574732388356e-09
4259,8.666810572649716e-09,-4.805951084164654e-15,8.666800960747549e-09,-4.805951084164654e-15,8.954709734634565e-09
4260,8.663814466459728e-09,-4.8022598127335215e-15,8.663804861940103e-09,-4.8022598127335215e-15,8.95194449635201e-09
4261,8.661303932756647e-09,-4.798556664879558e-15,8.661294335643317e-09,-4.798556664879558e-15,8.949179508670475e-09
4262,8.658309481808217e-09,-4.794782703038294e-15,8.658299892242811e-09,-4.794782703038294e-15,8.94641494359386e-09
4263,8.655554714122787e-09,-4.791209331344998e-15,8.655545131704124e-09,-4.791209331344998e-15,8.943650868203237e-09
4264,8.653045171330991e-09,-4.787508787377978e-15,8.653035596313416e-09,-4.787508787377978e-15,8.940887327077513e-09
4265,8.650050561569638e-09,-4.7837358364646235e-15,8.650040994097965e-09,-4.7837358364646235e-15,8.938124327969807e-09
4266,8.647296869784482e-09,-4.78016097077058e-15,8.647287309462541e-09,-4.78016097077058e-15,8.935361873529593e-09
4267,8.644791133850266e-09,-4.7764637559189256e-15,8.644781580922754e-09,-4.7764637559189256e-15,8.932599965047397e-09
4268,8.641798652331174e-09,-4.772692608632899e-15,8.641789106945956e-09,-4.772692608632899e-15,8.929838602952091e-09
4269,8.639046721269774e-09,-4.7691190258257944e-15,8.639037183031722e-09,-4.7691190258257944e-15,8.927077787491583e-09
4270,8.636542368611056e-09,-4.7654234830631305e-15,8.63653283776409e-09,-4.7654234830631305e-15,8.92431751886159e-09
4271,8.633552460809431e-09,-4.761735771845088e-15,8.633542937337887e-09,-4.761735771845088e-15,8.921557797234765e-09
4272,8.630801481580527e-09,-4.757941163428485e-15,8.6307919656982e-09,-4.757941163428485e-15,8.918798622777701e-09
4273,8.628298872863522e-09,-4.754414663830821e-15,8.628289364034194e-09,-4.754414663830821e-15,8.916039995654747e-09
4274,8.62531110809268e-09,-4.750729982076678e-15,8.625301606632716e-09,-4.750729982076678e-15,8.913281916029346e-09
4275,8.622806484521973e-09,-4.7470345526357635e-15,8.622796990452869e-09,-4.7470345526357635e-15,8.910524384064412e-09
4276,8.619821799389585e-09,-4.743269697820476e-15,8.61981231285019e-09,-4.743269697820476e-15,8.907767399922329e-09
4277,8.617075111429543e-09,-4.739702904437269e-15,8.617065632023735e-09,-4.739702904437269e-15,8.905010963765207e-09
4278,8.61444888102876e-09,-4.73585649682162e-15,8.614439409315766e-09,-4.73585649682162e-15,8.902126662312566e-09
4279,8.611307153854296e-09,-4.731898213242633e-15,8.611297690057869e-09,-4.731898213242633e-15,8.899207206450253e-09
4280,8.608401523792468e-09,-4.7281357633904085e-15,8.608392067520941e-09,-4.7281357633904085e-15,8.896285112456475e-09
4281,8.605738879516102e-09,-4.724252777205351e-15,8.605729431010547e-09,-4.724252777205351e-15,8.893360321852851e-09
4282,8.602591219880761e-09,-4.720296205051226e-15,8.60258177928835e-09,-4.720296205051226e-15,8.890435233585403e-09
4283,8.599681889712582e-09,-4.716534233084527e-15,8.599672456644116e-09,-4.716534233084527e-15,8.88751065590726e-09
4284,8.597018205859843e-09,-4.7126522486634505e-15,8.597008780555347e-09,-4.7126522486634505e-15,8.884586685783019e-09
4285,8.593872415573824e-09,-4.7086978665886205e-15,8.59386299817809e-09,-4.7086978665886205e-15,8.881663386866766e-09
4286,8.59096501985537e-09,-4.70493773634328e-15,8.590955609979897e-09,-4.70493773634328e-15,8.878740780419041e-09
4287,8.588302973592151e-09,-4.7010580865114404e-15,8.588293571475978e-09,-4.7010580865114404e-15,8.875818870866285e-09
4288,8.585160150624021e-09,-4.697186347825152e-15,8.585150756251326e-09,-4.697186347825152e-15,8.872897660100907e-09
4289,8.582254148345721e-09,-4.6932098761585405e-15,8.582244761925969e-09,-4.6932098761585405e-15,8.86997714879102e-09
4290,8.579594262397277e-09,-4.689496912987262e-15,8.579584883403451e-09,-4.689496912987262e-15,8.86705733716328e-09
4291,8.576454053208377e-09,-4.685628893392944e-15,8.576444681950591e-09,-4.685628893392944e-15,8.864138225345557e-09
4292,8.573792474689487e-09,-4.681750576886983e-15,8.573783111188334e-09,-4.681750576886983e-15,8.861219813428792e-09
4293,8.57062166803456e-09,-4.677762148599297e-15,8.570612312510263e-09,-4.677762148599297e-15,8.8582666419428e-09
4294,8.567567764614202e-09,-4.673821375860775e-15,8.567558416971449e-09,-4.673821375860775e-15,8.855189980187279e-09
4295,8.564752217687763e-09,-4.669757645002367e-15,8.564742878172474e-09,-4.669757645002367e-15,8.852111033693779e-09
4296,8.561457343807894e-09,-4.665624866768658e-15,8.56144801255816e-09,-4.665624866768658e-15,8.849029747925834e-09
4297,8.558396769358726e-09,-4.661683746058051e-15,8.558387445991234e-09,-4.661683746058051e-15,8.845946736675494e-09
4298,8.555578674138488e-09,-4.6576240411065464e-15,8.555569358890406e-09,-4.6576240411065464e-15,8.842864337529889e-09
4299,8.552282606743966e-09,-4.653493317855163e-15,8.55227329975733e-09,-4.653493317855163e-15,8.839782738948134e-09
4300,8.549223149634494e-09,-4.649554107999625e-15,8.549213850526278e-09,-4.649554107999625e-15,8.836702001020664e-09
4301,8.546407149126341e-09,-4.645497531302942e-15,8.546397858131278e-09,-4.645497531302942e-15,8.833622173863111e-09
4302,8.543114600443509e-09,-4.641449035860984e-15,8.543105317545437e-09,-4.641449035860984e-15,8.830543265529066e-09
4303,8.540057126359153e-09,-4.637297687759911e-15,8.540047851763778e-09,-4.637297687759911e-15,8.827465278351002e-09
4304,8.537243892642626e-09,-4.633406009467239e-15,8.537234625830607e-09,-4.633406009467239e-15,8.824388213417784e-09
4305,8.533954628779653e-09,-4.62936204284373e-15,8.533945370055567e-09,-4.62936204284373e-15,8.82131207086804e-09
4306,8.531140154368296e-09,-4.625308228850523e-15,8.531130903751837e-09,-4.625308228850523e-15,8.81823685064435e-09
4307,8.527854689911992e-09,-4.621187873169697e-15,8.527845447536246e-09,-4.621187873169697e-15,8.815162552637227e-09
4308,8.524803312852184e-09,-4.617259417018654e-15,8.52479407833335e-09,-4.617259417018654e-15,8.812089176712887e-09
4309,8.521991251247152e-09,-4.613210839009978e-15,8.521982024825473e-09,-4.613210839009978e-15,8.809016722731205e-09
4310,8.51860772998322e-09,-4.608971917535896e-15,8.518598512039385e-09,-4.608971917535896e-15,8.805841453863069e-09
4311,8.515384567708335e-09,-4.604832117707183e-15,8.5153753580441e-09,-4.604832117707183e-15,8.802588999427646e-09
4312,8.512399902312354e-09,-4.600576618350004e-15,8.512390701159117e-09,-4.600576618350004e-15,8.799333943391037e-09
4313,8.508938214543746e-09,-4.5962515359178e-15,8.508929022040675e-09,-4.5962515359178e-15,8.796076221783066e-09
4314,8.505708635574282e-09,-4.592114232593291e-15,8.505699451345817e-09,-4.592114232593291e-15,8.792817708117988e-09
4315,8.502719524645597e-09,-4.5878611288951184e-15,8.502710348923338e-09,-4.5878611288951184e-15,8.789559941710711e-09
4316,8.499258000075234e-09,-4.5836160707150796e-15,8.499248832843093e-09,-4.5836160707150796e-15,8.786303067487612e-09
4317,8.496029485726176e-09,-4.579269952162661e-15,8.496020327186272e-09,-4.579269952162661e-15,8.783047153247395e-09
4318,8.493043063519184e-09,-4.575179349089151e-15,8.493033913160486e-09,-4.575179349089151e-15,8.779792234298041e-09
4319,8.489584931991894e-09,-4.570939059806167e-15,8.489575790113775e-09,-4.570939059806167e-15,8.776538316882296e-09
4320,8.486597432681614e-09,-4.566689319032825e-15,8.486588299302976e-09,-4.566689319032825e-15,8.773285403134303e-09
4321,8.483143254819526e-09,-4.562374211129328e-15,8.483134130071103e-09,-4.562374211129328e-15,8.770033493853405e-09
4322,8.479921168709126e-09,-4.5582479155163275e-15,8.479912052213295e-09,-4.5582479155163275e-15,8.76678258914643e-09
4323,8.476936303294002e-09,-4.5540037226105075e-15,8.476927195286556e-09,-4.5540037226105075e-15,8.763532688972498e-09
4324,8.473483689264188e-09,-4.549692703727077e-15,8.47347458987878e-09,-4.549692703727077e-15,8.760283793244591e-09
4325,8.470264150584227e-09,-4.545568092391187e-15,8.470255059448042e-09,-4.545568092391187e-15,8.757035901857247e-09
4326,8.467284287482627e-09,-4.541330043508318e-15,8.46727520482254e-09,-4.541330043508318e-15,8.753789014699986e-09
4327,8.463835233196906e-09,-4.537023872571119e-15,8.46382615914916e-09,-4.537023872571119e-15,8.750543131660493e-09
4328,8.460507184799645e-09,-4.532767376064485e-15,8.460498119264893e-09,-4.532767376064485e-15,8.747181762358045e-09
4329,8.457367805032169e-09,-4.5283382287081946e-15,8.45735874835571e-09,-4.5283382287081946e-15,8.743768616048256e-09
4330,8.453757411059798e-09,-4.523841767452048e-15,8.453748363376262e-09,-4.523841767452048e-15,8.740353550712729e-09
4331,8.450376359305126e-09,-4.519530588474215e-15,8.45036732024395e-09,-4.519530588474215e-15,8.736936513511456e-09
4332,8.447232140948197e-09,-4.515106420330888e-15,8.447223110735356e-09,-4.515106420330888e-15,8.73351961893293e-09
4333,8.443620737891168e-09,-4.510690447460508e-15,8.443611716510273e-09,-4.510690447460508e-15,8.730103957817934e-09
4334,8.440240124971931e-09,-4.506176222820862e-15,8.440231112619485e-09,-4.506176222820862e-15,8.726689643367309e-09
4335,8.437099220499908e-09,-4.501912740853837e-15,8.437090216674426e-09,-4.501912740853837e-15,8.723276737892736e-09
4336,8.433492397803028e-09,-4.49750343156677e-15,8.433483402796165e-09,-4.49750343156677e-15,8.719865266953633e-09
4337,8.430351260724587e-09,-4.4930855597297755e-15,8.430342274553468e-09,-4.4930855597297755e-15,8.71645523481099e-09
4338,8.426749216215605e-09,-4.4886043413699544e-15,8.426740239006923e-09,-4.4886043413699544e-15,8.713046642638186e-09
4339,8.423377057405259e-09,-4.484308559111915e-15,8.423368088788141e-09,-4.484308559111915e-15,8.709639490395201e-09
4340,8.420239798193832e-09,-4.479898100601132e-15,8.42023083839763e-09,-4.479898100601132e-15,8.706233777518444e-09
4341,8.416640636789882e-09,-4.475422901592059e-15,8.416631685944079e-09,-4.475422901592059e-15,8.702829503330989e-09
4342,8.41327229958172e-09,-4.471130725435386e-15,8.413263357320268e-09,-4.471130725435386e-15,8.699426667118208e-09
4343,8.41014124578559e-09,-4.46672829500435e-15,8.410132312329e-09,-4.46672829500435e-15,8.6960252681519e-09
4344,8.406546926704528e-09,-4.462259832796019e-15,8.406538002184862e-09,-4.462259832796019e-15,8.692625305700586e-09
4345,8.403182967817779e-09,-4.457973746628666e-15,8.403174051870286e-09,-4.457973746628666e-15,8.689226779032239e-09
4346,8.40005581702757e-09,-4.4535779004087124e-15,8.40004690987177e-09,-4.4535779004087124e-15,8.685829687414948e-09
4347,8.396374985604614e-09,-4.44907995421669e-15,8.396366087444706e-09,-4.44907995421669e-15,8.682338185604672e-09
4348,8.392774122624508e-09,-4.444307796509002e-15,8.392765234008915e-09,-4.444307796509002e-15,8.678692737733426e-09
4349,8.38940634005602e-09,-4.439781768927985e-15,8.389397460492482e-09,-4.439781768927985e-15,8.675044102008359e-09
4350,8.385572824293865e-09,-4.435113364888231e-15,8.385563954067135e-09,-4.435113364888231e-15,8.671392195492724e-09
4351,8.382196697796666e-09,-4.4304359996046925e-15,8.382187836924666e-09,-4.4304359996046925e-15,8.66773868516483e-09
4352,8.378362654106258e-09,-4.4256957558359426e-15,8.378353802714746e-09,-4.4256957558359426e-15,8.664086455488622e-09
4353,8.374756264927907e-09,-4.421137703499599e-15,8.3747474226525e-09,-4.421137703499599e-15,8.660435750118874e-09
4354,8.371382512955053e-09,-4.4164674227962116e-15,8.371373680020208e-09,-4.4164674227962116e-15,8.656786658674157e-09
4355,8.367551675066925e-09,-4.411733785128635e-15,8.367542851599355e-09,-4.411733785128635e-15,8.653139242716604e-09
4356,8.363949591750242e-09,-4.4071799838469086e-15,8.363940777390274e-09,-4.4071799838469086e-15,8.649493511774026e-09
4357,8.36058260531715e-09,-4.4025183203759095e-15,8.36057380028051e-09,-4.4025183203759095e-15,8.64584946821998e-09
4358,8.356757350331282e-09,-4.397792110152983e-15,8.356748554747062e-09,-4.397792110152983e-15,8.642207112621559e-09
4359,8.353160376848927e-09,-4.393245083112347e-15,8.35315159035876e-09,-4.393245083112347e-15,8.63856644436708e-09
4360,8.349797995226344e-09,-4.388590737684754e-15,8.349789218044868e-09,-4.388590737684754e-15,8.63492746260054e-09
4361,8.3459783776425e-09,-4.383872226183845e-15,8.345969609898048e-09,-4.383872226183845e-15,8.631290166398254e-09
4362,8.342386505888977e-09,-4.379332249472787e-15,8.342377747224478e-09,-4.379332249472787e-15,8.627654554807433e-09
4363,8.33902869125303e-09,-4.3746854624950946e-15,8.339019941882106e-09,-4.3746854624950946e-15,8.624020626868365e-09
4364,8.335215061505453e-09,-4.370047626350127e-15,8.335206321410201e-09,-4.370047626350127e-15,8.620388381619766e-09
4365,8.331627525004348e-09,-4.365316418224152e-15,8.331618794371511e-09,-4.365316418224152e-15,8.61675781810045e-09
4366,8.328274644110482e-09,-4.3608263502173905e-15,8.32826592245778e-09,-4.3608263502173905e-15,8.61312893534964e-09
4367,8.32446660804917e-09,-4.356197311519539e-15,8.324457895654547e-09,-4.356197311519539e-15,8.609501732407362e-09
4368,8.321015937761904e-09,-4.351444195835314e-15,8.321007234873512e-09,-4.351444195835314e-15,8.605773713070172e-09
4369,8.31696013232225e-09,-4.346448527168384e-15,8.316951439425195e-09,-4.346448527168384e-15,8.601885602992868e-09
4370,8.313124856699102e-09,-4.3416309096942755e-15,8.313116173437282e-09,-4.3416309096942755e-15,8.597994418157046e-09
4371,8.309514817288767e-09,-4.336704828435826e-15,8.30950614387911e-09,-4.336704828435826e-15,8.594100074080975e-09
4372,8.305449852932396e-09,-4.331716491518073e-15,8.305441189499413e-09,-4.331716491518073e-15,8.590204340302685e-09
4373,8.301609201720976e-09,-4.326903248147637e-15,8.301600547914479e-09,-4.326903248147637e-15,8.58631019639764e-09
4374,8.298000657577605e-09,-4.3219852254378674e-15,8.297992013607154e-09,-4.3219852254378674e-15,8.582417893850497e-09
4375,8.293940003163867e-09,-4.317004622285788e-15,8.293931369154623e-09,-4.317004622285788e-15,8.578527525138285e-09
4376,8.290104929546925e-09,-4.312199295655445e-15,8.290096305148333e-09,-4.312199295655445e-15,8.574639153108514e-09
4377,8.286501637654944e-09,-4.307289814827761e-15,8.286493023075314e-09,-4.307289814827761e-15,8.570752787177043e-09
4378,8.282447868665406e-09,-4.302389420862863e-15,8.282439263886564e-09,-4.302389420862863e-15,8.566868429417937e-09
4379,8.278618062464782e-09,-4.2973979875645785e-15,8.278609467668807e-09,-4.2973979875645785e-15,8.562986080048004e-09
4380,8.275020614414889e-09,-4.292643157046433e-15,8.275012029128575e-09,-4.292643157046433e-15,8.559105738081754e-09
4381,8.270973429898182e-09,-4.287752635282189e-15,8.270964854392911e-09,-4.287752635282189e-15,8.555227402285362e-09
4382,8.267376986828239e-09,-4.28285540102959e-15,8.267368421117437e-09,-4.28285540102959e-15,8.551351071356776e-09
4383,8.263335664574121e-09,-4.277899825780005e-15,8.26332710877447e-09,-4.277899825780005e-15,8.54747674396475e-09
4384,8.259517179659022e-09,-4.273119354214892e-15,8.259508633420313e-09,-4.273119354214892e-15,8.543604418771666e-09
4385,8.255926213206097e-09,-4.2682326915139454e-15,8.255917676740713e-09,-4.2682326915139454e-15,8.539734094438931e-09
4386,8.251889584601599e-09,-4.2632864360990676e-15,8.251881058028727e-09,-4.2632864360990676e-15,8.53586576962835e-09
4387,8.248076600386401e-09,-4.258512952618851e-15,8.248068083360495e-09,-4.258512952618851e-15,8.531999443002857e-09
4388,8.244493315236448e-09,-4.2536374446208205e-15,8.244484807961559e-09,-4.2536374446208205e-15,8.528135113226638e-09
4389,8.240463237115007e-09,-4.2487011995364586e-15,8.240454739712608e-09,-4.2487011995364586e-15,8.524272778965045e-09
4390,8.236656275914614e-09,-4.243937035473857e-15,8.236647788040543e-09,-4.243937035473857e-15,8.520412438884816e-09
4391,8.232990138793937e-09,-4.238967924379788e-15,8.232981660858089e-09,-4.238967924379788e-15,8.51646185374473e-09
4392,8.228741693557318e-09,-4.233849245817482e-15,8.228733225858825e-09,-4.233849245817482e-15,8.512370201920193e-09
4393,8.224710887982958e-09,-4.2286417778948976e-15,8.224702430699403e-09,-4.2286417778948976e-15,8.508276515203781e-09
4394,8.220905906097083e-09,-4.2236669599551414e-15,8.220897458763164e-09,-4.2236669599551414e-15,8.504180722309505e-09
4395,8.216653154567772e-09,-4.218559163144695e-15,8.216644717449445e-09,-4.218559163144695e-15,8.500084398609637e-09
4396,8.21284478135626e-09,-4.213444674625389e-15,8.21283635446691e-09,-4.213444674625389e-15,8.495990148900424e-09
4397,8.208596878746648e-09,-4.208273592052335e-15,8.208588462199464e-09,-4.208273592052335e-15,8.491898192093372e-09
4398,8.204569572126111e-09,-4.203274403129518e-15,8.204561165577304e-09,-4.203274403129518e-15,8.487808608052696e-09
4399,8.200767495007684e-09,-4.1981719835154164e-15,8.200759098663717e-09,-4.1981719835154164e-15,8.483721450432274e-09
4400,8.196525387352122e-09,-4.1930118061511275e-15,8.19651700132851e-09,-4.1930118061511275e-15,8.479636726514703e-09
4401,8.192504767972245e-09,-4.188021254990773e-15,8.192496391929736e-09,-4.188021254990773e-15,8.475554437218346e-09
4402,8.188711551514758e-09,-4.182931563133212e-15,8.188703185651632e-09,-4.182931563133212e-15,8.47147458185424e-09
4403,8.184474389415686e-09,-4.1777797023453614e-15,8.184466033856281e-09,-4.1777797023453614e-15,8.46739412907195e-09
4404,8.180305822876113e-09,-4.1726199922329145e-15,8.180297477636128e-09,-4.1726199922329145e-15,8.463157014088178e-09
4405,8.176361486357404e-09,-4.167361114218466e-15,8.176353151635175e-09,-4.167361114218466e-15,8.458919576896449e-09
4406,8.17197462343188e-09,-4.162044660153746e-15,8.17196629934256e-09,-4.162044660153746e-15,8.454681768045803e-09
4407,8.16780543614785e-09,-4.156896153783593e-15,8.167797122355543e-09,-4.156896153783593e-15,8.450443591139154e-09
4408,8.163861049745891e-09,-4.151648971684715e-15,8.163852746447947e-09,-4.151648971684715e-15,8.446207826044142e-09
4409,8.159478472260472e-09,-4.146411667275378e-15,8.159470179437138e-09,-4.146411667275378e-15,8.441974682497516e-09
4410,8.155314740874126e-09,-4.141088972187675e-15,8.155306458696181e-09,-4.141088972187675e-15,8.437744213503137e-09
4411,8.151377946775382e-09,-4.135992785555974e-15,8.151369674789811e-09,-4.135992785555974e-15,8.433516472940754e-09
4412,8.147003935916144e-09,-4.1307687659573735e-15,8.146995674378612e-09,-4.1307687659573735e-15,8.429291467076633e-09
4413,8.143069607916345e-09,-4.125539750968609e-15,8.143061356836842e-09,-4.125539750968609e-15,8.425069195808358e-09
4414,8.138702838974516e-09,-4.120256463270401e-15,8.13869459846159e-09,-4.120256463270401e-15,8.420849657894192e-09
4415,8.134553854026125e-09,-4.115141015427739e-15,8.134545623744094e-09,-4.115141015427739e-15,8.416632851077862e-09
4416,8.130627081942543e-09,-4.1099260226878984e-15,8.130618862090497e-09,-4.1099260226878984e-15,8.412418772900619e-09
4417,8.126103721350079e-09,-4.104467728259326e-15,8.126095512414623e-09,-4.104467728259326e-15,8.408036645008171e-09
4418,8.121791735544735e-09,-4.099169277479467e-15,8.121783537206179e-09,-4.099169277479467e-15,8.403649761377833e-09
4419,8.117701165637085e-09,-4.0937761368863486e-15,8.117692978084811e-09,-4.0937761368863486e-15,8.399262615493499e-09
4420,8.113173735595936e-09,-4.088326421157278e-15,8.113165558943093e-09,-4.088326421157278e-15,8.394875153834921e-09
4421,8.108862645079e-09,-4.083040724088026e-15,8.108854478997552e-09,-4.083040724088026e-15,8.39049033230097e-09
4422,8.1047753045303e-09,-4.077660183845187e-15,8.104767149209932e-09,-4.077660183845187e-15,8.386108452652396e-09
4423,8.100255768905087e-09,-4.072289936812342e-15,8.100247624325212e-09,-4.072289936812342e-15,8.381729575564299e-09
4424,8.095952703335538e-09,-4.066836999746513e-15,8.095944569661539e-09,-4.066836999746513e-15,8.377353759055861e-09
4425,8.091874027537445e-09,-4.061605817537146e-15,8.09186590432581e-09,-4.061605817537146e-15,8.372981010855882e-09
4426,8.087364146998498e-09,-4.0562505566301624e-15,8.087356034497385e-09,-4.0562505566301624e-15,8.368611330608924e-09
4427,8.083288632575095e-09,-4.050891134088035e-15,8.083280530792828e-09,-4.050891134088035e-15,8.364244716596527e-09
4428,8.078786622798028e-09,-4.045479357303043e-15,8.078778531839313e-09,-4.045479357303043e-15,8.359881166003676e-09
4429,8.074499954041172e-09,-4.040232066340586e-15,8.07449187357704e-09,-4.040232066340586e-15,8.355520675775374e-09
4430,8.070393260588086e-09,-4.034843197464483e-15,8.07038519090169e-09,-4.034843197464483e-15,8.351121785000002e-09
4431,8.065681562338351e-09,-4.02919927428589e-15,8.065673503939803e-09,-4.02919927428589e-15,8.346540006160758e-09
4432,8.061182157344573e-09,-4.023716950933274e-15,8.06117410991067e-09,-4.023716950933274e-15,8.341957340045591e-09
4433,8.05690057342629e-09,-4.01814280686977e-15,8.056892537140677e-09,-4.01814280686977e-15,8.337373717086342e-09
4434,8.052187566316713e-09,-4.012513762483129e-15,8.052179541289188e-09,-4.012513762483129e-15,8.332789790885525e-09
4435,8.047688231603585e-09,-4.0070451909778305e-15,8.047680217513203e-09,-4.0070451909778305e-15,8.328208790696536e-09
4436,8.043409924743756e-09,-4.001484692555264e-15,8.04340192177437e-09,-4.001484692555264e-15,8.323630967824501e-09
4437,8.038705109396147e-09,-3.995870208815391e-15,8.03869711765573e-09,-3.995870208815391e-15,8.319056394608615e-09
4438,8.034215242727814e-09,-3.990416359557086e-15,8.034207261895096e-09,-3.990416359557086e-15,8.31448513336245e-09
4439,8.029945927403055e-09,-3.984871275312204e-15,8.029937957660504e-09,-3.984871275312204e-15,8.309917191057413e-09
4440,8.025251882644603e-09,-3.9793368543229746e-15,8.025243923970894e-09,-3.9793368543229746e-15,8.30535256721308e-09
4441,8.020771149104362e-09,-3.973722964408964e-15,8.020763201658433e-09,-3.973722964408964e-15,8.300791259841664e-09
4442,8.016511394524392e-09,-3.96832475496801e-15,8.016503457874881e-09,-3.96832475496801e-15,8.296233265775399e-09
4443,8.011827834349326e-09,-3.962806932042937e-15,8.011819908735462e-09,-3.962806932042937e-15,8.291678581610995e-09
4444,8.007571760651942e-09,-3.957285847335874e-15,8.007563846080248e-09,-3.957285847335874e-15,8.287127203889351e-09
4445,8.00278154145623e-09,-3.951585195049769e-15,8.002773638285839e-09,-3.951585195049769e-15,8.282459051405465e-09
4446,7.998109734491604e-09,-3.9459409542882954e-15,7.998101842609696e-09,-3.9459409542882954e-15,8.277696341622695e-09
4447,7.993650931896643e-09,-3.940204471654818e-15,7.9936430514877e-09,-3.940204471654818e-15,8.272933489981184e-09
4448,7.98876922461756e-09,-3.934417422059052e-15,7.988761355782716e-09,-3.934417422059052e-15,8.268170435353037e-09
4449,7.984097787192141e-09,-3.928787827501251e-15,7.984089929616487e-09,-3.928787827501251e-15,8.263409197842239e-09
4450,7.979643894375243e-09,-3.923069189280707e-15,7.979636048236864e-09,-3.923069189280707e-15,8.258651565650724e-09
4451,7.974770047707446e-09,-3.917298836313468e-15,7.974762213109774e-09,-3.917298836313468e-15,8.253897697669895e-09
4452,7.970108716482786e-09,-3.911685866854938e-15,7.970100893111052e-09,-3.911685866854938e-15,8.249147661525925e-09
4453,7.965665339825705e-09,-3.90598502140269e-15,7.965657527855663e-09,-3.90598502140269e-15,8.244401491374007e-09
4454,7.960803833205549e-09,-3.900295429656922e-15,7.96079603261469e-09,-3.900295429656922e-15,8.239659189276532e-09
4455,7.956153211521955e-09,-3.894529413679918e-15,7.956145422463129e-09,-3.894529413679918e-15,8.234920752830125e-09
4456,7.95172095671686e-09,-3.888974270928572e-15,7.951713178768319e-09,-3.888974270928572e-15,8.230186178275611e-09
4457,7.946871550633398e-09,-3.883303641595491e-15,7.946863784026115e-09,-3.883303641595491e-15,8.225455461140205e-09
4458,7.942444072043158e-09,-3.8776308137424505e-15,7.94243631678153e-09,-3.8776308137424505e-15,8.220728596808238e-09
4459,7.937604033262675e-09,-3.871910076682234e-15,7.937596289442522e-09,-3.871910076682234e-15,8.216005580626958e-09
4460,7.932973620547756e-09,-3.866346039096127e-15,7.932965887855678e-09,-3.866346039096127e-15,8.21128640793375e-09
4461,7.928332392052669e-09,-3.8604442038946395e-15,7.928324671164261e-09,-3.8604442038946395e-15,8.206336553558304e-09
4462,7.923270972377656e-09,-3.854488682692608e-15,7.92326326340029e-09,-3.854488682692608e-15,8.201382909560504e-09
4463,7.918416013699097e-09,-3.84868885991173e-15,7.918408316321378e-09,-3.84868885991173e-15,8.196429145148455e-09
4464,7.913772722445451e-09,-3.842803456233294e-15,7.913765036838538e-09,-3.842803456233294e-15,8.191475190477733e-09
4465,7.90871375612604e-09,-3.836867345737486e-15,7.908706082391349e-09,-3.836867345737486e-15,8.186525003971623e-09
4466,7.903864522387388e-09,-3.8310850882701e-15,7.903856860217212e-09,-3.8310850882701e-15,8.181578944062255e-09
4467,7.899230350026261e-09,-3.8252182207706924e-15,7.89922269958982e-09,-3.8252182207706924e-15,8.176637085885825e-09
4468,7.894184284627277e-09,-3.819302266144588e-15,7.894176646022746e-09,-3.819302266144588e-15,8.17169950330941e-09
4469,7.889347479669878e-09,-3.8135393870862185e-15,7.889339852591104e-09,-3.8135393870862185e-15,8.166766204121405e-09
4470,7.884725177991769e-09,-3.807692561823177e-15,7.884717562606645e-09,-3.807692561823177e-15,8.161837186234735e-09
4471,7.879692778403383e-09,-3.8018575512138994e-15,7.87968517468828e-09,-3.8018575512138994e-15,8.156912445897169e-09
4472,7.874867944170631e-09,-3.795949610514181e-15,7.87486035227141e-09,-3.795949610514181e-15,8.151991977966607e-09
4473,7.870257938265537e-09,-3.790246389157373e-15,7.870250357772758e-09,-3.790246389157373e-15,8.147075777012276e-09
4474,7.865238845916537e-09,-3.784432506926248e-15,7.865231277051524e-09,-3.784432506926248e-15,8.142163837543106e-09
4475,7.860634447106547e-09,-3.778617508471575e-15,7.860626889871531e-09,-3.778617508471575e-15,8.137256154044637e-09
4476,7.85562548099551e-09,-3.772757137687897e-15,7.855617935481234e-09,-3.772757137687897e-15,8.132352721003806e-09
4477,7.850726854154594e-09,-3.766944351227716e-15,7.850719320265892e-09,-3.766944351227716e-15,8.12735331853333e-09
4478,7.84584906879168e-09,-3.760841403029069e-15,7.845841547108873e-09,-3.760841403029069e-15,8.122160363897795e-09
4479,7.840562022745268e-09,-3.7546921969034416e-15,7.840554513360874e-09,-3.7546921969034416e-15,8.116966979730527e-09
4480,7.835477289163484e-09,-3.748694236541091e-15,7.835469791775012e-09,-3.748694236541091e-15,8.111773084512054e-09
4481,7.830600635132446e-09,-3.7426144372742255e-15,7.830593149903572e-09,-3.7426144372742255e-15,8.106580299795549e-09
4482,7.825317145678062e-09,-3.736487009030842e-15,7.825309672704044e-09,-3.736487009030842e-15,8.101392029874118e-09
4483,7.82024022259974e-09,-3.7305092709641546e-15,7.820232761581197e-09,-3.7305092709641546e-15,8.096208547454636e-09
4484,7.815374989333123e-09,-3.7244511323248754e-15,7.815367540430858e-09,-3.7244511323248754e-15,8.091029940593486e-09
4485,7.810106709074953e-09,-3.718405439960086e-15,7.810099272264074e-09,-3.718405439960086e-15,8.085856271450148e-09
4486,7.8050434593048e-09,-3.71229004564973e-15,7.805036034724709e-09,-3.71229004564973e-15,8.080687544173027e-09
4487,7.800192331168852e-09,-3.70637441015902e-15,7.800184918420032e-09,-3.70637441015902e-15,8.075523755049089e-09
4488,7.79493931127823e-09,-3.700352439980625e-15,7.794931910573351e-09,-3.700352439980625e-15,8.070364898555744e-09
4489,7.790095115114985e-09,-3.694330542016121e-15,7.790087726453901e-09,-3.694330542016121e-15,8.065210967949705e-09
4490,7.784853507207529e-09,-3.688265637116635e-15,7.784846130676255e-09,-3.688265637116635e-15,8.060061956249763e-09
4491,7.77981562621096e-09,-3.68234951192146e-15,7.779808261511936e-09,-3.68234951192146e-15,8.054917856422185e-09
4492,7.77498523526162e-09,-3.676351957943641e-15,7.774977882557704e-09,-3.676351957943641e-15,8.049778661417909e-09
4493,7.76975720991775e-09,-3.67031052720566e-15,7.769749869296696e-09,-3.67031052720566e-15,8.044644364194506e-09
4494,7.764733359535087e-09,-3.664415752396492e-15,7.764726030703582e-09,-3.664415752396492e-15,8.03951495772162e-09
4495,7.75977652331562e-09,-3.6582906993716214e-15,7.759769206734222e-09,-3.6582906993716214e-15,8.034241972857005e-09
4496,7.75425099726793e-09,-3.651940331142277e-15,7.754243693387268e-09,-3.651940331142277e-15,8.028795643615655e-09
4497,7.748924095955879e-09,-3.645736073858845e-15,7.748916804483731e-09,-3.645736073858845e-15,8.023349041425164e-09
4498,7.74380063265734e-09,-3.6394554729875245e-15,7.743793353746393e-09,-3.6394554729875245e-15,8.017902076990503e-09
4499,7.738276891155643e-09,-3.633187022059428e-15,7.7382696247816e-09,-3.633187022059428e-15,8.012457157137788e-09
4500,7.732953634328688e-09,-3.626851229766606e-15,7.732946380626227e-09,-3.626851229766606e-15,8.00701737076088e-09
4501,7.727839407017666e-09,-3.620710115250823e-15,7.727832165597435e-09,-3.620710115250823e-15,8.001582974903958e-09
4502,7.722330455762166e-09,-3.614466958174849e-15,7.72232322682825e-09,-3.614466958174849e-15,7.996154063379383e-09
4503,7.717224158383289e-09,-3.608224969422705e-15,7.717216941933349e-09,-3.608224969422705e-15,7.990730691318785e-09
4504,7.71172772034374e-09,-3.601942332354689e-15,7.711720516459076e-09,-3.601942332354689e-15,7.985312860796406e-09
4505,7.70643232190995e-09,-3.595804909515783e-15,7.706425130300132e-09,-3.595804909515783e-15,7.979900566636227e-09
4506,7.701341584851967e-09,-3.5895897505685006e-15,7.701334405672467e-09,-3.5895897505685006e-15,7.974493801767244e-09
4507,7.69586061069053e-09,-3.583333138792017e-15,7.695853444024252e-09,-3.583333138792017e-15,7.969092557998015e-09
4508,7.690581066710693e-09,-3.577219649724878e-15,7.690573912271394e-09,-3.577219649724878e-15,7.96369682692149e-09
4509,7.685507711583666e-09,-3.571031785383787e-15,7.685500569520095e-09,-3.571031785383787e-15,7.958306600083727e-09
4510,7.680043702891688e-09,-3.564801748363998e-15,7.680036573288192e-09,-3.564801748363998e-15,7.952921869021626e-09
4511,7.674780388519422e-09,-3.55871398596961e-15,7.67477327109145e-09,-3.55871398596961e-15,7.947542625283473e-09
4512,7.669722506800569e-09,-3.5525524935468922e-15,7.669715401695582e-09,-3.5525524935468922e-15,7.942168860433655e-09
4513,7.664275406587236e-09,-3.5463492660973582e-15,7.664268313888704e-09,-3.5463492660973582e-15,7.936800566053803e-09
4514,7.65897931677082e-09,-3.5402359518699723e-15,7.658972236298916e-09,-3.5402359518699723e-15,7.931386619711015e-09
4515,7.65359939580951e-09,-3.5337470304980403e-15,7.653592328315449e-09,-3.5337470304980403e-15,7.925676701429718e-09
4516,7.647827025027555e-09,-3.527271172064429e-15,7.64781997048521e-09,-3.527271172064429e-15,7.919966906125608e-09
4517,7.642247755475678e-09,-3.5207339259761463e-15,7.642240714007826e-09,-3.5207339259761463e-15,7.914257141670265e-09
4518,7.636868534019303e-09,-3.5143846058203014e-15,7.636861505250092e-09,-3.5143846058203014e-15,7.908548164125395e-09
4519,7.6311008735734e-09,-3.5079373199734557e-15,7.63109385769876e-09,-3.5079373199734557e-15,7.902844947527113e-09
4520,7.625728050069908e-09,-3.5014926634618434e-15,7.625721047084582e-09,-3.5014926634618434e-15,7.897147866720769e-09
4521,7.61997403016489e-09,-3.4950103262497086e-15,7.619967040144237e-09,-3.4950103262497086e-15,7.891457018662266e-09
4522,7.614417611330196e-09,-3.4886688764688848e-15,7.614410633992443e-09,-3.4886688764688848e-15,7.885772489355612e-09
4523,7.609062317960343e-09,-3.4822542837300205e-15,7.609055353451776e-09,-3.4822542837300205e-15,7.880094283237304e-09
4524,7.603326015477333e-09,-3.4758012827030784e-15,7.603319063874767e-09,-3.4758012827030784e-15,7.874422393858732e-09
4525,7.597787738707364e-09,-3.4694871464291592e-15,7.597780799733071e-09,-3.4694871464291592e-15,7.868756812714215e-09
4526,7.59245204178536e-09,-3.4631031285935316e-15,7.592445115579104e-09,-3.4631031285935316e-15,7.863097529657658e-09
4527,7.586735039309034e-09,-3.4566800664820917e-15,7.5867281259489e-09,-3.4566800664820917e-15,7.857444534232944e-09
4528,7.581215293644369e-09,-3.4503949577479117e-15,7.581208392854454e-09,-3.4503949577479117e-15,7.851797815926822e-09
4529,7.575897335328751e-09,-3.444040632696061e-15,7.575890447247486e-09,-3.444040632696061e-15,7.846157364212221e-09
4530,7.570199888589105e-09,-3.4377005417757982e-15,7.570193013188021e-09,-3.4377005417757982e-15,7.840523168576905e-09
4531,7.564697929273584e-09,-3.4313007636450306e-15,7.564691066672057e-09,-3.4313007636450306e-15,7.834895218530561e-09
4532,7.559397915340823e-09,-3.4250837902061315e-15,7.559391065173243e-09,-3.4250837902061315e-15,7.829273503606112e-09
4533,7.553719583471374e-09,-3.418774244373761e-15,7.553712745922886e-09,-3.418774244373761e-15,7.823658013360553e-09
4534,7.548429146899937e-09,-3.41246794773105e-15,7.54842232196404e-09,-3.41246794773105e-15,7.818048737374973e-09
4535,7.542707257900222e-09,-3.4060670022277593e-15,7.542700445766218e-09,-3.4060670022277593e-15,7.812385707346576e-09
4536,7.536857683733253e-09,-3.3994735593912046e-15,7.536850884786134e-09,-3.3994735593912046e-15,7.806392652320486e-09
4537,7.531200072776612e-09,-3.392810012971159e-15,7.531193287156585e-09,-3.392810012971159e-15,7.800399979353658e-09
4538,7.525162872046603e-09,-3.386112023110386e-15,7.525156099822556e-09,-3.386112023110386e-15,7.794407588679388e-09
4539,7.519314862353135e-09,-3.3795489499679127e-15,7.519308103255235e-09,-3.3795489499679127e-15,7.788416361423466e-09
4540,7.513663347023658e-09,-3.372918515311629e-15,7.513656601186627e-09,-3.372918515311629e-15,7.7824317712293e-09
4541,7.50763835166254e-09,-3.3662517884077725e-15,7.507631619158964e-09,-3.3662517884077725e-15,7.776454228410658e-09
4542,7.50180783101408e-09,-3.3597197356500034e-15,7.501801111574609e-09,-3.3597197356500034e-15,7.770483837425421e-09
4543,7.496176230263097e-09,-3.3531224413310303e-15,7.496169524018214e-09,-3.3531224413310303e-15,7.764520689977163e-09
4544,7.490173009525238e-09,-3.346489356194858e-15,7.490166316546525e-09,-3.346489356194858e-15,7.75856478905901e-09
4545,7.484363641056714e-09,-3.3399900479526335e-15,7.484356961076618e-09,-3.3399900479526335e-15,7.752616125847803e-09
4546,7.478752461154995e-09,-3.3334262023445953e-15,7.47874579430259e-09,-3.3334262023445953e-15,7.746674689300542e-09
4547,7.472771582629454e-09,-3.3268775991568317e-15,7.472764928874256e-09,-3.3268775991568317e-15,7.740740466619606e-09
4548,7.466982791510182e-09,-3.320273577280194e-15,7.466976150963027e-09,-3.320273577280194e-15,7.734813444682698e-09
4549,7.461392288578946e-09,-3.3138461310462184e-15,7.461385660886684e-09,-3.3138461310462184e-15,7.72889361031371e-09
4550,7.455433326606503e-09,-3.3073318066196345e-15,7.45542671194289e-09,-3.3073318066196345e-15,7.722980950329375e-09
4551,7.449854283479949e-09,-3.3008223411048007e-15,7.449847681835267e-09,-3.3008223411048007e-15,7.717075451569637e-09
4552,7.443910964352331e-09,-3.2942803062076004e-15,7.443904375791719e-09,-3.2942803062076004e-15,7.711177100904792e-09
4553,7.438158295440817e-09,-3.2878706997552845e-15,7.438151719699418e-09,-3.2878706997552845e-15,7.705285885237301e-09
4554,7.432599445139045e-09,-3.281395961442165e-15,7.432592882347122e-09,-3.281395961442165e-15,7.69940179150231e-09
4555,7.42667641167047e-09,-3.2748879788756186e-15,7.426669861894512e-09,-3.2748879788756186e-15,7.693524806667633e-09
4556,7.420944255114039e-09,-3.268510479585237e-15,7.4209377180930794e-09,-3.268510479585237e-15,7.687654917733914e-09
4557,7.415407180176739e-09,-3.2620708024913375e-15,7.415400656035134e-09,-3.2620708024913375e-15,7.681792111734418e-09
4558,7.40945553329397e-09,-3.2555471650620845e-15,7.4094490221996396e-09,-3.2555471650620845e-15,7.675883916218148e-09
4559,7.403421117388623e-09,-3.248881512240543e-15,7.403414619625599e-09,-3.248881512240543e-15,7.669697692250887e-09
4560,7.397576471513213e-09,-3.2421543456855494e-15,7.397569987204522e-09,-3.2421543456855494e-15,7.663513759367292e-09
4561,7.391364777017568e-09,-3.2354443590287422e-15,7.39135830612885e-09,-3.2354443590287422e-15,7.65733203293339e-09
4562,7.385337162672694e-09,-3.2286819050443063e-15,7.385330705308884e-09,-3.2286819050443063e-15,7.651153273314804e-09
4563,7.379502086262436e-09,-3.2220898585517278e-15,7.379495642082719e-09,-3.2220898585517278e-15,7.644982049845417e-09
4564,7.373306542670253e-09,-3.2154155951651395e-15,7.373300111839062e-09,-3.2154155951651395e-15,7.638818699736232e-09
4565,7.3674842335050975e-09,-3.2087475625445142e-15,7.367477816009972e-09,-3.2087475625445142e-15,7.632663304557505e-09
4566,7.361305759116822e-09,-3.2020496288880478e-15,7.361299355017564e-09,-3.2020496288880478e-15,7.626515934897593e-09
4567,7.355315146910469e-09,-3.195480671441219e-15,7.3553087559491255e-09,-3.195480671441219e-15,7.620376588276922e-09
4568,7.349515451647495e-09,-3.1888505891964363e-15,7.3495090739463166e-09,-3.1888505891964363e-15,7.61424525251312e-09
4569,7.343359871946913e-09,-3.182190014639015e-15,7.343353507566884e-09,-3.182190014639015e-15,7.608121913625864e-09
4570,7.337392352939503e-09,-3.17565649887329e-15,7.3373860016265055e-09,-3.17565649887329e-15,7.60200655622648e-09
4571,7.33141301125172e-09,-3.168864352887549e-15,7.331406673523014e-09,-3.168864352887549e-15,7.595686046225288e-09
4572,7.325017318432769e-09,-3.1619844827504067e-15,7.325010994463803e-09,-3.1619844827504067e-15,7.589310312352185e-09
4573,7.318805088453767e-09,-3.1552318246072225e-15,7.318798777990118e-09,-3.1552318246072225e-15,7.58293851722624e-09
4574,7.3127802515997004e-09,-3.1484221310594414e-15,7.312773954755438e-09,-3.1484221310594414e-15,7.576570586068273e-09
4575,7.30639900749593e-09,-3.1416283229492835e-15,7.306392724239284e-09,-3.1416283229492835e-15,7.570209845139569e-09
4576,7.3002031455268135e-09,-3.134785624657456e-15,7.300196875955564e-09,-3.134785624657456e-15,7.56385747292691e-09
4577,7.2941990298582915e-09,-3.1281091271958784e-15,7.294192773640037e-09,-3.1281091271958784e-15,7.557513582655615e-09
4578,7.28784278116192e-09,-3.1213549396974876e-15,7.2878365384520405e-09,-3.1213549396974876e-15,7.551178235633271e-09
4579,7.281852770153973e-09,-3.1146080417657226e-15,7.28184654093789e-09,-3.1146080417657226e-15,7.544851441131966e-09
4580,7.275514772841306e-09,-3.1078336943774242e-15,7.275508557173917e-09,-3.1078336943774242e-15,7.538533186729375e-09
4581,7.2693614083613276e-09,-3.101184528683286e-15,7.26935520599227e-09,-3.101184528683286e-15,7.532223456938876e-09
4582,7.263395568802187e-09,-3.0944779504356844e-15,7.2633893798462865e-09,-3.0944779504356844e-15,7.525922234975813e-09
4583,7.257082003643346e-09,-3.087743339482492e-15,7.257075828156667e-09,-3.087743339482492e-15,7.519629503614215e-09
4584,7.250789621706449e-09,-3.08097402136942e-15,7.250783459758406e-09,-3.08097402136942e-15,7.513174406546076e-09
4585,7.244624830431854e-09,-3.0740932155487143e-15,7.244618682245423e-09,-3.0740932155487143e-15,7.506664004460491e-09
4586,7.238109502017371e-09,-3.0671850792447715e-15,7.2381033676472125e-09,-3.0671850792447715e-15,7.500159043540242e-09
4587,7.231775200118049e-09,-3.0604001377023473e-15,7.231769079317773e-09,-3.0604001377023473e-15,7.493659462245521e-09
4588,7.225626910698608e-09,-3.0535612763598598e-15,7.225620803576055e-09,-3.0535612763598598e-15,7.487167898934406e-09
4589,7.219132748333608e-09,-3.0466948793117833e-15,7.21912665494385e-09,-3.0466948793117833e-15,7.480685493672531e-09
4590,7.212822387359183e-09,-3.0399506528768403e-15,7.212816307457878e-09,-3.0399506528768403e-15,7.474212345276405e-09
4591,7.206699680208451e-09,-3.0331539011068563e-15,7.206693613900649e-09,-3.0331539011068563e-15,7.467748499285219e-09
4592,7.200233731051697e-09,-3.026374838337857e-15,7.20022767830202e-09,-3.026374838337857e-15,7.461293960304e-09
4593,7.193949941562276e-09,-3.019551192716098e-15,7.1939439024598905e-09,-3.019551192716098e-15,7.454848712617394e-09
4594,7.187853866024702e-09,-3.012887246516648e-15,7.187847840250209e-09,-3.012887246516648e-15,7.448412737693286e-09
4595,7.181415916514124e-09,-3.0061511511830606e-15,7.1814099042118216e-09,-3.0061511511830606e-15,7.441986015935871e-09
4596,7.175335461557239e-09,-2.9994236874142254e-15,7.175329462709865e-09,-2.9994236874142254e-15,7.43556852736411e-09
4597,7.168917075913633e-09,-2.9926717393404388e-15,7.168911090570154e-09,-2.9926717393404388e-15,7.429160251963329e-09
4598,7.162390009742332e-09,-2.985766202493673e-15,7.1623840382099274e-09,-2.985766202493673e-15,7.4224587332595635e-09
4599,7.156025168303945e-09,-2.9787912534226543e-15,7.156019210721438e-09,-2.9787912534226543e-15,7.415744209322382e-09
4600,7.149318452127647e-09,-2.9717929856163615e-15,7.149312508541676e-09,-2.9717929856163615e-15,7.40903430959877e-09
4601,7.142788118187003e-09,-2.964913974743255e-15,7.142782188359053e-09,-2.964913974743255e-15,7.402328949380629e-09
4602,7.136439861478109e-09,-2.9579843273360258e-15,7.136433945509454e-09,-2.9579843273360258e-15,7.3956327722385325e-09
4603,7.129754563640868e-09,-2.9510298666385128e-15,7.129748661581135e-09,-2.9510298666385128e-15,7.388946379593594e-09
4604,7.123249774654472e-09,-2.944193933731513e-15,7.123243886266604e-09,-2.944193933731513e-15,7.382269851788365e-09
4605,7.116929179434782e-09,-2.93730915994071e-15,7.116923304816462e-09,-2.93730915994071e-15,7.375603255597756e-09
4606,7.110273876266522e-09,-2.930442784394357e-15,7.1102680153809535e-09,-2.930442784394357e-15,7.36894658629687e-09
4607,7.103797459198015e-09,-2.923535153378654e-15,7.1037916121277086e-09,-2.923535153378654e-15,7.362299825512933e-09
4608,7.0975052674659314e-09,-2.9167819114495714e-15,7.0974994339021084e-09,-2.9167819114495714e-15,7.3556629528272015e-09
4609,7.090879772352039e-09,-2.909961070989945e-15,7.090873952429897e-09,-2.909961070989945e-15,7.349035946431472e-09
4610,7.08460443254827e-09,-2.9031499848903553e-15,7.0845986262483e-09,-2.9031499848903553e-15,7.3424187842351775e-09
4611,7.077999659187474e-09,-2.8963169021408118e-15,7.077993866553669e-09,-2.8963169021408118e-15,7.335811444138427e-09
4612,7.0714828981418895e-09,-2.8895175888037004e-15,7.071477119106712e-09,-2.8895175888037004e-15,7.329120548392251e-09
4613,7.064952493152521e-09,-2.882490467280377e-15,7.0649467281715865e-09,-2.882490467280377e-15,7.322237124824986e-09
4614,7.058089462241366e-09,-2.8754414292929193e-15,7.058083711358508e-09,-2.8754414292929193e-15,7.315359655410566e-09
4615,7.0514001545358655e-09,-2.8685089727705295e-15,7.05139441751792e-09,-2.8685089727705295e-15,7.30848806432028e-09
4616,7.044888640187957e-09,-2.861530329234124e-15,7.0448829171272985e-09,-2.861530329234124e-15,7.3016237173776475e-09
4617,7.038047367171137e-09,-2.8545289461210337e-15,7.038041658113245e-09,-2.8545289461210337e-15,7.294769764159941e-09
4618,7.031383395085922e-09,-2.8476425854549576e-15,7.031377699800751e-09,-2.8476425854549576e-15,7.287926431525349e-09
4619,7.0249002286856894e-09,-2.8407111904615627e-15,7.024894547263309e-09,-2.8407111904615627e-15,7.281093772954311e-09
4620,7.0180908650131325e-09,-2.833758181496444e-15,7.01808519749677e-09,-2.833758181496444e-15,7.274271821606789e-09
4621,7.011458044127267e-09,-2.8269192422962462e-15,7.011452390288782e-09,-2.8269192422962462e-15,7.267460561274469e-09
4622,7.0050052023815544e-09,-2.820035882915961e-15,7.004999562309789e-09,-2.820035882915961e-15,7.260659969220192e-09
4623,6.998228193002684e-09,-2.8131717586211563e-15,6.998222566659167e-09,-2.8131717586211563e-15,7.2538700213790536e-09
4624,6.991625966415787e-09,-2.806270346073016e-15,6.991620353875095e-09,-2.806270346073016e-15,7.247090692809855e-09
4625,6.985203613910526e-09,-2.799516835001571e-15,6.985198014876855e-09,-2.799516835001571e-15,7.240321958461235e-09
4626,6.978458475329537e-09,-2.7927011772097477e-15,6.978452889927183e-09,-2.7927011772097477e-15,7.2335637933148805e-09
4627,6.972054399101543e-09,-2.785896527296956e-15,6.972048827308489e-09,-2.785896527296956e-15,7.226816172412008e-09
4628,6.965036754756636e-09,-2.7788056768006893e-15,6.965031197145282e-09,-2.7788056768006893e-15,7.219771301159793e-09
4629,6.958170154228777e-09,-2.7718103524287244e-15,6.958164610608072e-09,-2.7718103524287244e-15,7.212713678160098e-09
4630,6.951475299124368e-09,-2.7647724493976583e-15,6.951469769579469e-09,-2.7647724493976583e-15,7.205662379242167e-09
4631,6.9444579235554225e-09,-2.7577158842169385e-15,6.944452408123654e-09,-2.7577158842169385e-15,7.198617322089108e-09
4632,6.937611804213296e-09,-2.750769835567839e-15,6.937606302673625e-09,-2.750769835567839e-15,7.191583116828824e-09
4633,6.93094293320868e-09,-2.7437825349844394e-15,6.93093744564361e-09,-2.7437825349844394e-15,7.184560369894461e-09
4634,6.923956810572555e-09,-2.73677641664503e-15,6.923951337019722e-09,-2.73677641664503e-15,7.177549153760965e-09
4635,6.917144045176223e-09,-2.7298809388584835e-15,6.917138585414345e-09,-2.7298809388584835e-15,7.170549526238974e-09
4636,6.910507934769422e-09,-2.722944876837952e-15,6.9105024888796684e-09,-2.722944876837952e-15,7.163561475710428e-09
4637,6.90355671434016e-09,-2.716028990459772e-15,6.903551282282179e-09,-2.716028990459772e-15,7.156584977101481e-09
4638,6.896777151089447e-09,-2.7090792880835223e-15,6.896771732930871e-09,-2.7090792880835223e-15,7.149620003377351e-09
4639,6.890174125203704e-09,-2.702272448596014e-15,6.890168720658807e-09,-2.702272448596014e-15,7.142666526212571e-09
4640,6.8832574018114665e-09,-2.6954081603738468e-15,6.883252010995146e-09,-2.6954081603738468e-15,7.135724517043015e-09
4641,6.876674433451049e-09,-2.6885561608422395e-15,6.876669056338727e-09,-2.6885561608422395e-15,7.12879394732827e-09
4642,6.869781437546477e-09,-2.6816877941798237e-15,6.8697760741708886e-09,-2.6816877941798237e-15,7.121874788593395e-09
4643,6.863058523355874e-09,-2.6749282325834384e-15,6.863053173499409e-09,-2.6749282325834384e-15,7.11496701245118e-09
4644,6.85633106434216e-09,-2.667971365181628e-15,6.85632572839943e-09,-2.667971365181628e-15,7.107885705459076e-09
4645,6.8491237435872835e-09,-2.6608491669300306e-15,6.84911842188895e-09,-2.6608491669300306e-15,7.100637685158292e-09
4646,6.842082200743645e-09,-2.6538353139019476e-15,6.842076893073017e-09,-2.6538353139019476e-15,7.0933964980079655e-09
4647,6.835209480728695e-09,-2.6467845392810467e-15,6.835204187159616e-09,-2.6467845392810467e-15,7.0861620553152336e-09
4648,6.828024464489465e-09,-2.6397169778272708e-15,6.828019185055509e-09,-2.6397169778272708e-15,7.0789370465860815e-09
4649,6.821008098537295e-09,-2.63275613788761e-15,6.821002833025019e-09,-2.63275613788761e-15,7.071724253426071e-09
4650,6.814164943181255e-09,-2.6257585477078713e-15,6.81415969166416e-09,-2.6257585477078713e-15,7.064523882096457e-09
4651,6.807015750099684e-09,-2.6187820697563993e-15,6.807010512535544e-09,-2.6187820697563993e-15,7.057335991771341e-09
4652,6.800035069462609e-09,-2.611775282759106e-15,6.800029845912043e-09,-2.611775282759106e-15,7.050160602009007e-09
4653,6.79322760857141e-09,-2.6049063937051048e-15,6.7932223987586225e-09,-2.6049063937051048e-15,7.042997688495162e-09
4654,6.786115687132721e-09,-2.5979847680338573e-15,6.786110491163185e-09,-2.5979847680338573e-15,7.035847221094631e-09
4655,6.7793302133693985e-09,-2.5910767488637946e-15,6.7793250312159005e-09,-2.5910767488637946e-15,7.028709168229238e-09
4656,6.7722438738579835e-09,-2.58415504501265e-15,6.772238705547893e-09,-2.58415504501265e-15,7.0215834975823326e-09
4657,6.765324498704768e-09,-2.5773387579107413e-15,6.765319344027252e-09,-2.5773387579107413e-15,7.014470176781392e-09
4658,6.758574238377868e-09,-2.570485608795168e-15,6.75856909740665e-09,-2.570485608795168e-15,7.007369173522391e-09
4659,6.75152366758154e-09,-2.5636183441061913e-15,6.751518540344851e-09,-2.5636183441061913e-15,7.000280455597125e-09
4660,6.744639906840023e-09,-2.5568548442126518e-15,6.744634793130335e-09,-2.5568548442126518e-15,6.993203990906744e-09
4661,6.737925906848453e-09,-2.5500565469047217e-15,6.7379208067353596e-09,-2.5500565469047217e-15,6.986139747464427e-09
4662,6.730565690510652e-09,-2.5429462680795843e-15,6.730560604618116e-09,-2.5429462680795843e-15,6.978725829582945e-09
4663,6.7233239617981796e-09,-2.535901825100425e-15,6.723318889994529e-09,-2.535901825100425e-15,6.9712744903932326e-09
4664,6.7162463560284645e-09,-2.5288254860058447e-15,6.716241298377492e-09,-2.5288254860058447e-15,6.963830348034457e-09
4665,6.708865773186646e-09,-2.5217362186865017e-15,6.708860729714209e-09,-2.5217362186865017e-15,6.9563933057424334e-09
4666,6.701647692852193e-09,-2.514748936595022e-15,6.7016426633543194e-09,-2.514748936595022e-15,6.948968616786357e-09
4667,6.694598239876379e-09,-2.507729185655836e-15,6.694593224418008e-09,-2.507729185655836e-15,6.941557294615811e-09
4668,6.687253832012753e-09,-2.5007315809932927e-15,6.687248830549591e-09,-2.5007315809932927e-15,6.934159438906468e-09
4669,6.680073939265706e-09,-2.4937076781150844e-15,6.68006895185035e-09,-2.4937076781150844e-15,6.9267751137735465e-09
4670,6.673063044654064e-09,-2.486815610870588e-15,6.673058071022842e-09,-2.486815610870588e-15,6.919404306485682e-09
4671,6.665758860509614e-09,-2.479876278183043e-15,6.665753900757058e-09,-2.479876278183043e-15,6.9120469846761965e-09
4672,6.6587720124006496e-09,-2.472951964298851e-15,6.658767066496721e-09,-2.472951964298851e-15,6.904703113247597e-09
4673,6.651495369636988e-09,-2.466017028064694e-15,6.651490437602932e-09,-2.466017028064694e-15,6.897372655647981e-09
4674,6.644381717117264e-09,-2.459183290407189e-15,6.6443767987506835e-09,-2.459183290407189e-15,6.890055575018009e-09
4675,6.637433044907867e-09,-2.4523172020022655e-15,6.637428140273463e-09,-2.4523172020022655e-15,6.882751834542175e-09
4676,6.630195197864802e-09,-2.4454400862964015e-15,6.6301903069846295e-09,-2.4454400862964015e-15,6.875461397506122e-09
4677,6.623120123475365e-09,-2.4386625546783266e-15,6.623115246150256e-09,-2.4386625546783266e-15,6.86818422732166e-09
4678,6.616210573279125e-09,-2.4318545894451817e-15,6.616205709569947e-09,-2.4318545894451817e-15,6.86092028753383e-09
4679,6.609012257810358e-09,-2.4250353003333838e-15,6.6090074077397575e-09,-2.4250353003333838e-15,6.853669541821911e-09
4680,6.601975739143608e-09,-2.4183145982061804e-15,6.601970902514412e-09,-2.4183145982061804e-15,6.846431953999545e-09
4681,6.594755941339265e-09,-2.4112746117831236e-15,6.594751118790041e-09,-2.4112746117831236e-15,6.838844039849308e-09
4682,6.587193346194494e-09,-2.404213540088709e-15,6.5871885377674135e-09,-2.404213540088709e-15,6.831210660767741e-09
4683,6.579786318787094e-09,-2.397130650886833e-15,6.579781524525792e-09,-2.397130650886833e-15,6.823585586941772e-09
4684,6.572539027352404e-09,-2.390174939348559e-15,6.572534247002526e-09,-2.390174939348559e-15,6.815968721291188e-09
4685,6.565004132490606e-09,-2.383175589609244e-15,6.564999366139426e-09,-2.383175589609244e-15,6.8083652411191154e-09
4686,6.557778777952646e-09,-2.376192543657898e-15,6.557774025567559e-09,-2.376192543657898e-15,6.800776268887334e-09
4687,6.550273019743463e-09,-2.369201718059697e-15,6.5502682813400265e-09,-2.369201718059697e-15,6.793201904831704e-09
4688,6.542927297501293e-09,-2.362309042952053e-15,6.542922572883207e-09,-2.362309042952053e-15,6.785642206588584e-09
4689,6.535743533602877e-09,-2.355387968140615e-15,6.535738822826941e-09,-2.355387968140615e-15,6.778097157313818e-09
4690,6.528280256827179e-09,-2.348458761542424e-15,6.528275559909656e-09,-2.348458761542424e-15,6.7705667193116505e-09
4691,6.520976854870343e-09,-2.3416261336659097e-15,6.520972171618075e-09,-2.3416261336659097e-15,6.7630508520506705e-09
4692,6.5138359041732265e-09,-2.334766939852388e-15,6.513831234639347e-09,-2.334766939852388e-15,6.755549513610488e-09
4693,6.5064159324582784e-09,-2.327899307516327e-15,6.506411276659663e-09,-2.327899307516327e-15,6.748062661780854e-09
4694,6.499154827497672e-09,-2.3211272571844695e-15,6.499150185243157e-09,-2.3211272571844695e-15,6.740590254422786e-09
4695,6.492055142597844e-09,-2.3143290830501883e-15,6.492050513939678e-09,-2.3143290830501883e-15,6.73313224952771e-09
4696,6.48467811744733e-09,-2.307522742854253e-15,6.484673502401845e-09,-2.307522742854253e-15,6.7256886052411844e-09
4697,6.477458939042024e-09,-2.3008109824841106e-15,6.4774543374200585e-09,-2.3008109824841106e-15,6.718259279870011e-09
4698,6.470400250163711e-09,-2.2940735701709765e-15,6.470395662016571e-09,-2.2940735701709765e-15,6.710844334817097e-09
4699,6.463066430670241e-09,-2.2873590163484164e-15,6.4630618559522085e-09,-2.2873590163484164e-15,6.703443920212882e-09
4700,6.455888719044489e-09,-2.2806240132715636e-15,6.455884157796462e-09,-2.2806240132715636e-15,6.69605770729636e-09
4701,6.448765869040416e-09,-2.273924413678564e-15,6.4487613211915885e-09,-2.273924413678564e-15,6.688575655183052e-09
4702,6.441013286104406e-09,-2.266902093948735e-15,6.441008752300218e-09,-2.266902093948735e-15,6.6807359079421e-09
4703,6.433555106455072e-09,-2.259897124381689e-15,6.433550586660823e-09,-2.259897124381689e-15,6.672904938630169e-09
4704,6.425821157904753e-09,-2.2528884805698854e-15,6.425816652127792e-09,-2.2528884805698854e-15,6.6650826401253994e-09
4705,6.41823727389801e-09,-2.2459735931697806e-15,6.418232781950824e-09,-2.2459735931697806e-15,6.65727047018478e-09
4706,6.410808330740729e-09,-2.2390337037828876e-15,6.410803852673322e-09,-2.2390337037828876e-15,6.649473715042616e-09
4707,6.403111103583745e-09,-2.232088846360811e-15,6.403106639406053e-09,-2.232088846360811e-15,6.6416927314791305e-09
4708,6.395569832098472e-09,-2.225236800252968e-15,6.395565381624872e-09,-2.225236800252968e-15,6.633927580078044e-09
4709,6.388186983423315e-09,-2.218362508372583e-15,6.388182546698299e-09,-2.218362508372583e-15,6.626178301397481e-09
4710,6.380536677894019e-09,-2.2114829813234464e-15,6.380532254928056e-09,-2.2114829813234464e-15,6.618444859993052e-09
4711,6.3730414801237335e-09,-2.2046952777794108e-15,6.373037070733178e-09,-2.2046952777794108e-15,6.6107272105914666e-09
4712,6.365703741632258e-09,-2.197885767818553e-15,6.365699345860722e-09,-2.197885767818553e-15,6.603025306262912e-09
4713,6.358100517679945e-09,-2.191100293009185e-15,6.3580961354793595e-09,-2.191100293009185e-15,6.595339098932675e-09
4714,6.350650628227712e-09,-2.184297934082895e-15,6.350646259631844e-09,-2.184297934082895e-15,6.58766854046383e-09
4715,6.343357855107156e-09,-2.1776111570048207e-15,6.343353499884842e-09,-2.1776111570048207e-15,6.580013582858075e-09
4716,6.335801040608522e-09,-2.1708902714485032e-15,6.3357966988279795e-09,-2.1708902714485032e-15,6.57237417828883e-09
4717,6.32853648363909e-09,-2.1641870470663856e-15,6.328532155264996e-09,-2.1641870470663856e-15,6.564750279120413e-09
4718,6.321011049591392e-09,-2.1574802551571695e-15,6.321006734630881e-09,-2.1574802551571695e-15,6.557141837911676e-09
4719,6.31363728673526e-09,-2.150863150726461e-15,6.3136329850089586e-09,-2.150863150726461e-15,6.5495488074162235e-09
4720,6.306416788211589e-09,-2.144224150628931e-15,6.3064124997632885e-09,-2.144224150628931e-15,6.5419711405817206e-09
4721,6.298936131050398e-09,-2.1375812209866896e-15,6.2989318558879564e-09,-2.1375812209866896e-15,6.5344087905489325e-09
4722,6.291606802211837e-09,-2.131026509791675e-15,6.291602540158817e-09,-2.131026509791675e-15,6.526861710650915e-09
4723,6.284431057824149e-09,-2.1244514455127736e-15,6.284426808921258e-09,-2.1244514455127736e-15,6.51932985441195e-09
4724,6.276676515695336e-09,-2.1176269190385575e-15,6.276672280441498e-09,-2.1176269190385575e-15,6.511479609639496e-09
4725,6.268895801285068e-09,-2.110757275919701e-15,6.2688915797705155e-09,-2.110757275919701e-15,6.503459982594274e-09
4726,6.2612626034570905e-09,-2.1038701522125517e-15,6.261258395716786e-09,-2.1038701522125517e-15,6.495450108721338e-09
4727,6.253366619581082e-09,-2.097008709256868e-15,6.253362425563664e-09,-2.097008709256868e-15,6.487449877713549e-09
4728,6.245616151821072e-09,-2.090132979082028e-15,6.245611971555114e-09,-2.090132979082028e-15,6.479463810081589e-09
4729,6.2380184495586316e-09,-2.0833683792658794e-15,6.238014282821873e-09,-2.0833683792658794e-15,6.471494675534677e-09
4730,6.230166567572027e-09,-2.0765744015513152e-15,6.230162414423224e-09,-2.0765744015513152e-15,6.463542671133463e-09
4731,6.2226000584934066e-09,-2.069799701921357e-15,6.222595918894003e-09,-2.069799701921357e-15,6.455607853659221e-09
4732,6.2147826581174624e-09,-2.063024369206133e-15,6.214778532068724e-09,-2.063024369206133e-15,6.44769021766549e-09
4733,6.207114438310466e-09,-2.056336171812707e-15,6.2071103256381225e-09,-2.056336171812707e-15,6.439789715499352e-09
4734,6.19959686235296e-09,-2.0496300386044204e-15,6.199592763092883e-09,-2.0496300386044204e-15,6.431906294038534e-09
4735,6.1918292515200266e-09,-2.042922930408323e-15,6.191825165674166e-09,-2.042922930408323e-15,6.424039898656679e-09
4736,6.184210419171296e-09,-2.036301522809447e-15,6.18420634656825e-09,-2.036301522809447e-15,6.416190474184514e-09
4737,6.1767424466172725e-09,-2.0296636007170218e-15,6.176738387290071e-09,-2.0296636007170218e-15,6.408357965538921e-09
4738,6.1690250477794504e-09,-2.0230244347557926e-15,6.169021001730581e-09,-2.0230244347557926e-15,6.40054231783312e-09
4739,6.1614553759808705e-09,-2.0164699730818987e-15,6.161451343040924e-09,-2.0164699730818987e-15,6.392743476403867e-09
4740,6.154035493117929e-09,-2.0098993283695045e-15,6.154031473319272e-09,-2.0098993283695045e-15,6.384961386822155e-09
4741,6.146367830356658e-09,-2.0033276348184415e-15,6.146363823701388e-09,-2.0033276348184415e-15,6.377195994894566e-09
4742,6.138846840527488e-09,-1.9968396465247813e-15,6.1388428468481945e-09,-1.9968396465247813e-15,6.3694472466628855e-09
4743,6.131474567878444e-09,-1.9903358239295744e-15,6.131470587206796e-09,-1.9903358239295744e-15,6.361715088402965e-09
4744,6.123856380600917e-09,-1.9838565517480484e-15,6.123852412887813e-09,-1.9838565517480484e-15,6.353999466623442e-09
4745,6.116383147718667e-09,-1.9773656723409814e-15,6.1163791929873225e-09,-1.9773656723409814e-15,6.346300328064675e-09
4746,6.109058252210791e-09,-1.970979177177622e-15,6.109054310252437e-09,-1.970979177177622e-15,6.338617619697282e-09
4747,6.1014888358767015e-09,-1.964566335163604e-15,6.101484906744031e-09,-1.964566335163604e-15,6.33095128872107e-09
4748,6.0941938738660595e-09,-1.958172046275418e-15,6.094189957521967e-09,-1.958172046275418e-15,6.32330128256372e-09
4749,6.086358587570463e-09,-1.951559664761786e-15,6.086354684451134e-09,-1.951559664761786e-15,6.315355345020883e-09
4750,6.078559854945808e-09,-1.9449536427915546e-15,6.0785559650385225e-09,-1.9449536427915546e-15,6.307313992595154e-09
4751,6.070901907301425e-09,-1.9383338487155323e-15,6.070898030633728e-09,-1.9383338487155323e-15,6.299284687328918e-09
4752,6.062999233054979e-09,-1.9317157805861254e-15,6.062995369623418e-09,-1.9317157805861254e-15,6.291267329257144e-09
4753,6.055237379138992e-09,-1.9251787902206303e-15,6.055233528781411e-09,-1.9251787902206303e-15,6.2832660362072905e-09
4754,6.0476212476351666e-09,-1.918628576929873e-15,6.0476174103780125e-09,-1.918628576929873e-15,6.275282505133247e-09
4755,6.039766732405101e-09,-1.912079729914181e-15,6.039762908245641e-09,-1.912079729914181e-15,6.267316844534069e-09
4756,6.032055922429008e-09,-1.9056118107829234e-15,6.032052111205387e-09,-1.9056118107829234e-15,6.259369081372104e-09
4757,6.024490770232823e-09,-1.899131267780914e-15,6.024486971970287e-09,-1.899131267780914e-15,6.25143918716692e-09
4758,6.016689278080437e-09,-1.892676165906092e-15,6.0166854927281056e-09,-1.892676165906092e-15,6.24352710695581e-09
4759,6.009029872459248e-09,-1.8862123830202233e-15,6.009026100034482e-09,-1.8862123830202233e-15,6.235632782430695e-09
4760,6.0015157447490385e-09,-1.8798488731132737e-15,6.0015119850512926e-09,-1.8798488731132737e-15,6.227756154254077e-09
4761,5.993766690969755e-09,-1.8734629786548676e-15,5.993762944043798e-09,-1.8734629786548676e-15,6.21989716286181e-09
4762,5.986212859815317e-09,-1.867045418330964e-15,5.98620912572448e-09,-1.867045418330964e-15,6.211980393090643e-09
4763,5.97820866377656e-09,-1.860476080711051e-15,5.978204942824399e-09,-1.860476080711051e-15,6.2038529927174175e-09
4764,5.970342209372214e-09,-1.8539864453201208e-15,5.9703385013993235e-09,-1.8539864453201208e-15,6.195740209682165e-09
4765,5.9626146840116036e-09,-1.8474857816494896e-15,5.96261098904004e-09,-1.8474857816494896e-15,6.187641952622333e-09
4766,5.954653612969523e-09,-1.8409883098258987e-15,5.954649930992903e-09,-1.8409883098258987e-15,6.179559132705106e-09
4767,5.946832082263362e-09,-1.8345689642735087e-15,5.946828413125433e-09,-1.8345689642735087e-15,6.1714947590021975e-09
4768,5.9391535525230824e-09,-1.8281393015859665e-15,5.939149896244479e-09,-1.8281393015859665e-15,6.163448997506388e-09
4769,5.931245781965474e-09,-1.8217128635917157e-15,5.931242138539747e-09,-1.8217128635917157e-15,6.15542184372543e-09
4770,5.923478282336882e-09,-1.815364115187708e-15,5.9234746516086515e-09,-1.815364115187708e-15,6.147413281022072e-09
4771,5.915852837282854e-09,-1.809005327987856e-15,5.915849219272198e-09,-1.809005327987856e-15,6.139423251764662e-09
4772,5.907999868810676e-09,-1.802649890239944e-15,5.9079962635108955e-09,-1.802649890239944e-15,6.131451693229668e-09
4773,5.900286147775663e-09,-1.796371184713336e-15,5.900282555033293e-09,-1.796371184713336e-15,6.12349854202229e-09
4774,5.89271340668223e-09,-1.790082699648176e-15,5.892709826516831e-09,-1.790082699648176e-15,6.115563734363715e-09
4775,5.8849149554973005e-09,-1.7838197934692137e-15,5.884911387857713e-09,-1.7838197934692137e-15,6.107647206641374e-09
4776,5.8772540538908585e-09,-1.777550708143424e-15,5.8772504987894426e-09,-1.777550708143424e-15,6.099748895509604e-09
4777,5.869465589456201e-09,-1.7711914246984649e-15,5.869462047073351e-09,-1.7711914246984649e-15,6.091588560638133e-09
4778,5.8614380956256185e-09,-1.764805646484394e-15,5.861434566014326e-09,-1.764805646484394e-15,6.0834309123829656e-09
4779,5.853665786050536e-09,-1.758441614635534e-15,5.853662269167307e-09,-1.758441614635534e-15,6.075288655968287e-09
4780,5.845669369972276e-09,-1.752083080573293e-15,5.8456658658061154e-09,-1.752083080573293e-15,6.067161699398401e-09
4781,5.837807940867049e-09,-1.7457996895255697e-15,5.83780444926767e-09,-1.7457996895255697e-15,6.059053613065249e-09
4782,5.83008468744306e-09,-1.7395075592376418e-15,5.830081208427941e-09,-1.7395075592376418e-15,6.050964756574701e-09
4783,5.822142025301806e-09,-1.7332207274762534e-15,5.822138558860351e-09,-1.7332207274762534e-15,6.042895126849379e-09
4784,5.8143361272085756e-09,-1.7270083681904408e-15,5.814332673191839e-09,-1.7270083681904408e-15,6.034844712379686e-09
4785,5.8066686426846675e-09,-1.720788365636216e-15,5.806665201107936e-09,-1.720788365636216e-15,6.0268134547668384e-09
4786,5.798782548325608e-09,-1.7145733967376846e-15,5.798779119178815e-09,-1.7145733967376846e-15,6.0188012876413885e-09
4787,5.791032212418269e-09,-1.7084319558938493e-15,5.791028795554357e-09,-1.7084319558938493e-15,6.010808143786276e-09
4788,5.78341922537996e-09,-1.702283095781987e-15,5.783415820813768e-09,-1.702283095781987e-15,6.002833955515466e-09
4789,5.77558940290037e-09,-1.696160045193472e-15,5.77558601058028e-09,-1.696160045193472e-15,5.9948786552889294e-09
4790,5.767620053180454e-09,-1.6898497559843983e-15,5.767616673480941e-09,-1.6898497559843983e-15,5.986656228472151e-09
4791,5.759778823091316e-09,-1.68362589867556e-15,5.759775455839518e-09,-1.68362589867556e-15,5.978443366402472e-09
4792,5.7517197155391494e-09,-1.6773883125955977e-15,5.7517163607625244e-09,-1.6773883125955977e-15,5.970246628870468e-09
4793,5.743908174742141e-09,-1.6711721083648084e-15,5.743904832397924e-09,-1.6711721083648084e-15,5.9620659212434716e-09
4794,5.735882977752177e-09,-1.6649624238680533e-15,5.735879647827329e-09,-1.6649624238680533e-15,5.953904828543733e-09
4795,5.727991441406877e-09,-1.6588252932337549e-15,5.727988123756291e-09,-1.6588252932337549e-15,5.945763624890371e-09
4796,5.7202346384448274e-09,-1.6526817706167178e-15,5.720231333081286e-09,-1.6526817706167178e-15,5.937642296526105e-09
4797,5.712267256065966e-09,-1.6465450776836466e-15,5.712263962975811e-09,-1.6465450776836466e-15,5.9295408259058435e-09
4798,5.704433159179361e-09,-1.640479689074122e-15,5.704429878219983e-09,-1.640479689074122e-15,5.921459149073556e-09
4799,5.6967338487078e-09,-1.6344088736120386e-15,5.696730579890053e-09,-1.6344088736120386e-15,5.9133971952787325e-09
4800,5.688824716742203e-09,-1.6283446263022868e-15,5.68882146005295e-09,-1.6283446263022868e-15,5.905354893111468e-09
4801,5.681047818644735e-09,-1.622350739891377e-15,5.681044573943255e-09,-1.622350739891377e-15,5.897332170761481e-09
4802,5.67340462242216e-09,-1.6163516221404276e-15,5.673401389718916e-09,-1.6163516221404276e-15,5.889328956614636e-09
4803,5.6654793096610174e-09,-1.6103111286936624e-15,5.66547608903876e-09,-1.6103111286936624e-15,5.881268027017577e-09
4804,5.657475116031873e-09,-1.6042044313524012e-15,5.65747190762301e-09,-1.6042044313524012e-15,5.873006949928604e-09
4805,5.649601266550591e-09,-1.598093710909768e-15,5.6495980703631686e-09,-1.598093710909768e-15,5.864762760368321e-09
4806,5.641518583974338e-09,-1.5920103742195755e-15,5.64151539995359e-09,-1.5920103742195755e-15,5.856535361696018e-09
4807,5.6335635296291e-09,-1.5859260551552534e-15,5.63356035777699e-09,-1.5859260551552534e-15,5.848325633780052e-09
4808,5.625740465844554e-09,-1.5799271113419508e-15,5.625737305990331e-09,-1.5799271113419508e-15,5.840136320956349e-09
4809,5.617713638875226e-09,-1.573917110232891e-15,5.617710491041006e-09,-1.573917110232891e-15,5.831967555606068e-09
4810,5.609928698095141e-09,-1.567928691746536e-15,5.609925562237757e-09,-1.567928691746536e-15,5.823819313675006e-09
4811,5.60194259971705e-09,-1.561948885845397e-15,5.601939475819278e-09,-1.561948885845397e-15,5.815691559776144e-09
4812,5.5940858754819105e-09,-1.5560375995058094e-15,5.594082763406711e-09,-1.5560375995058094e-15,5.8075842227059254e-09
4813,5.586359405314817e-09,-1.5501223080632276e-15,5.586356305070201e-09,-1.5501223080632276e-15,5.799497226949559e-09
4814,5.578432662911089e-09,-1.5442153290793446e-15,5.578429574480431e-09,-1.5442153290793446e-15,5.791430496552603e-09
4815,5.570634721296222e-09,-1.5383756623304803e-15,5.570631644544898e-09,-1.5383756623304803e-15,5.783383955376291e-09
4816,5.5629669245038196e-09,-1.5325328192072882e-15,5.562963859438181e-09,-1.5325328192072882e-15,5.775357527557251e-09
4817,5.555099553402926e-09,-1.526698026882935e-15,5.555096500006872e-09,-1.526698026882935e-15,5.767351137590096e-09
4818,5.547135561071679e-09,-1.5207887947438531e-15,5.5471325194940894e-09,-1.5207887947438531e-15,5.759130197427963e-09
4819,5.539210128671114e-09,-1.5148215374031184e-15,5.5392070990280395e-09,-1.5148215374031184e-15,5.7508345186711215e-09
4820,5.531084285426459e-09,-1.508881710419511e-15,5.531081267663038e-09,-1.508881710419511e-15,5.742555961516049e-09
4821,5.523081979549432e-09,-1.5029430889990232e-15,5.523078973663255e-09,-1.5029430889990232e-15,5.7342944236870255e-09
4822,5.515206931774007e-09,-1.4970856930648674e-15,5.515203937602621e-09,-1.4970856930648674e-15,5.726052715825316e-09
4823,5.507136166317405e-09,-1.4912198169308809e-15,5.507133183877771e-09,-1.4912198169308809e-15,5.71783210617961e-09
4824,5.49929985064446e-09,-1.4853757720969501e-15,5.4992968798929165e-09,-1.4853757720969501e-15,5.709632634832067e-09
4825,5.4912709559890115e-09,-1.4795416964580103e-15,5.491267996905619e-09,-1.4795416964580103e-15,5.701454277506404e-09
4826,5.48336808769012e-09,-1.4737731808487734e-15,5.483365140143758e-09,-1.4737731808487734e-15,5.693296974707936e-09
4827,5.4755920431017e-09,-1.4680026991435378e-15,5.475589107096302e-09,-1.4680026991435378e-15,5.685160648605372e-09
4828,5.467624339052997e-09,-1.4622419013072986e-15,5.467621414569195e-09,-1.4622419013072986e-15,5.6770452193128836e-09
4829,5.4597820759712186e-09,-1.4565454808132383e-15,5.459779162880257e-09,-1.4565454808132383e-15,5.66895060656302e-09
4830,5.452066477930525e-09,-1.450847857128633e-15,5.45206357623481e-09,-1.450847857128633e-15,5.660876730187888e-09
4831,5.444159929399859e-09,-1.4451596305781355e-15,5.4441570390805974e-09,-1.4451596305781355e-15,5.652823510372629e-09
4832,5.436377758889755e-09,-1.4395348802578753e-15,5.4363748798199945e-09,-1.4395348802578753e-15,5.644790867696649e-09
4833,5.4286480734217105e-09,-1.4338647464341197e-15,5.428645205692217e-09,-1.4338647464341197e-15,5.636702333920623e-09
4834,5.420496292046062e-09,-1.4280803365347412e-15,5.420493435885389e-09,-1.4280803365347412e-15,5.628390943191657e-09
4835,5.412465079594596e-09,-1.4222985441389007e-15,5.412462234997508e-09,-1.4222985441389007e-15,5.620097562635516e-09
4836,5.4045567020106085e-09,-1.4165949730562681e-15,5.404553868820662e-09,-1.4165949730562681e-15,5.611822089841262e-09
4837,5.396458480887675e-09,-1.4108854938295848e-15,5.396455659116687e-09,-1.4108854938295848e-15,5.603565352435689e-09
4838,5.388585859626766e-09,-1.4051976333633338e-15,5.388583049231499e-09,-1.4051976333633338e-15,5.595330268133527e-09
4839,5.380529176732587e-09,-1.399521036266322e-15,5.3805263776905145e-09,-1.399521036266322e-15,5.58711697089629e-09
4840,5.3725952869593045e-09,-1.3939071617235115e-15,5.372592499144981e-09,-1.3939071617235115e-15,5.578925427513785e-09
4841,5.3647849162672476e-09,-1.3882932682103595e-15,5.364782139680711e-09,-1.3882932682103595e-15,5.5707555944454265e-09
4842,5.35679145699088e-09,-1.3826903438874451e-15,5.356788691610192e-09,-1.3826903438874451e-15,5.562607391530198e-09
4843,5.348920239782362e-09,-1.3771490064102002e-15,5.348917485484349e-09,-1.3771490064102002e-15,5.554480734275478e-09
4844,5.341172370770289e-09,-1.3716083189374514e-15,5.341169627553652e-09,-1.3716083189374514e-15,5.5463755378394485e-09
4845,5.333242140651544e-09,-1.3660783157251894e-15,5.333239408494912e-09,-1.3660783157251894e-15,5.5382917172729176e-09
4846,5.325433082826702e-09,-1.3606090124179843e-15,5.325430361608677e-09,-1.3606090124179843e-15,5.53022918797174e-09
4847,5.31774629331686e-09,-1.3551404315219078e-15,5.3177435830359966e-09,-1.3551404315219078e-15,5.522187865757468e-09
4848,5.309878555117221e-09,-1.3496825037737199e-15,5.309875855752213e-09,-1.3496825037737199e-15,5.5141676668873185e-09
4849,5.30191463812215e-09,-1.3441584838560267e-15,5.301911949805182e-09,-1.3441584838560267e-15,5.505942473090475e-09
4850,5.293962906975887e-09,-1.3385734596890775e-15,5.293960229828967e-09,-1.3385734596890775e-15,5.497624296030091e-09
4851,5.285829567893983e-09,-1.333015783263384e-15,5.2858269018624166e-09,-1.333015783263384e-15,5.489324588603295e-09
4852,5.277812462387892e-09,-1.3274627797475603e-15,5.277809807462333e-09,-1.3274627797475603e-15,5.481043244200084e-09
4853,5.269914888471218e-09,-1.3219823491964464e-15,5.269912244506519e-09,-1.3219823491964464e-15,5.4727828504259946e-09
4854,5.2618402021934114e-09,-1.3164987197308886e-15,5.2618375691959716e-09,-1.3164987197308886e-15,5.464544837088087e-09
4855,5.253983851601873e-09,-1.3110370646856159e-15,5.253981229527744e-09,-1.3110370646856159e-15,5.456329242571845e-09
4856,5.245953405356181e-09,-1.3055878386082866e-15,5.2459507941805035e-09,-1.3055878386082866e-15,5.448136030048012e-09
4857,5.238041663738842e-09,-1.3001977323467878e-15,5.238039063343377e-09,-1.3001977323467878e-15,5.439965131445937e-09
4858,5.2302492363239355e-09,-1.2948095178226314e-15,5.2302466467049e-09,-1.2948095178226314e-15,5.4318164592624646e-09
4859,5.2222836169997955e-09,-1.289433415137825e-15,5.222281038132966e-09,-1.289433415137825e-15,5.423689923894221e-09
4860,5.21443606524924e-09,-1.2841153614802909e-15,5.2144334970185164e-09,-1.2841153614802909e-15,5.415585435488418e-09
4861,5.206707564650883e-09,-1.2787997568827113e-15,5.20670500705137e-09,-1.2787997568827113e-15,5.4075029043661685e-09
4862,5.198806581525187e-09,-1.273495988381526e-15,5.19880403453321e-09,-1.273495988381526e-15,5.39944224127665e-09
4863,5.1910226024227605e-09,-1.268249387468459e-15,5.191020065923986e-09,-1.268249387468459e-15,5.391403357438245e-09
4864,5.183356598975283e-09,-1.2630052770966647e-15,5.183354072964729e-09,-1.2630052770966647e-15,5.383386164545735e-09
4865,5.175512632805639e-09,-1.2577830020482055e-15,5.175510117239635e-09,-1.2577830020482055e-15,5.375383243864021e-09
4866,5.167460156536466e-09,-1.2523847652153e-15,5.167457651766935e-09,-1.2523847652153e-15,5.367063282763357e-09
4867,5.159522908851092e-09,-1.2470554641408842e-15,5.159520414740164e-09,-1.2470554641408842e-15,5.358762427049984e-09
4868,5.151413711891654e-09,-1.2417259791039636e-15,5.151411228439696e-09,-1.2417259791039636e-15,5.350480567055261e-09
4869,5.1435119847164696e-09,-1.2364184816735406e-15,5.143509511879506e-09,-1.2364184816735406e-15,5.342217678866043e-09
4870,5.135442201761002e-09,-1.2311239600069468e-15,5.135439739513082e-09,-1.2311239600069468e-15,5.3339775989128335e-09
4871,5.1274880194677654e-09,-1.2258859557984545e-15,5.127485567695854e-09,-1.2258859557984545e-15,5.3257605076108795e-09
4872,5.119649984103079e-09,-1.2206515115930791e-15,5.119647542800056e-09,-1.2206515115930791e-15,5.317566361552391e-09
4873,5.111647011482878e-09,-1.2154302583060944e-15,5.111644580622362e-09,-1.2154302583060944e-15,5.30939511737362e-09
4874,5.103759079642294e-09,-1.2102644854774899e-15,5.103756659113323e-09,-1.2102644854774899e-15,5.301246686437386e-09
4875,5.09598707762529e-09,-1.2051027578641868e-15,5.095984667419774e-09,-1.2051027578641868e-15,5.293120974766601e-09
4876,5.088050905275034e-09,-1.1999539452085427e-15,5.0880485053671436e-09,-1.1999539452085427e-15,5.285017888112507e-09
4877,5.08022872115923e-09,-1.1948597649259647e-15,5.080226331439701e-09,-1.1948597649259647e-15,5.276937332104529e-09
4878,5.072521387776081e-09,-1.1897696283854718e-15,5.0725190082368245e-09,-1.1897696283854718e-15,5.2688792127775055e-09
4879,5.064651210851661e-09,-1.1846923121668525e-15,5.064648841467036e-09,-1.1846923121668525e-15,5.26084343666668e-09
4880,5.056893958228579e-09,-1.1796687934045623e-15,5.056891598890992e-09,-1.1796687934045623e-15,5.252829910817421e-09
4881,5.049250484515356e-09,-1.1746493331019663e-15,5.049248135216689e-09,-1.1746493331019663e-15,5.2448385427895855e-09
4882,5.041445644601544e-09,-1.1696553231552874e-15,5.041443305290898e-09,-1.1696553231552874e-15,5.236869240655711e-09
4883,5.033700577068938e-09,-1.1646397325907716e-15,5.033698247789473e-09,-1.1646397325907716e-15,5.228867973503911e-09
4884,5.025754261673887e-09,-1.1595207071555208e-15,5.025751942632472e-09,-1.1595207071555208e-15,5.220559953126556e-09
4885,5.01764549305331e-09,-1.1544029610267946e-15,5.017643184247388e-09,-1.1544029610267946e-15,5.212271343577234e-09
4886,5.009735518147691e-09,-1.149307699906737e-15,5.009733219532291e-09,-1.149307699906737e-15,5.204002031520254e-09
4887,5.001665294997214e-09,-1.1442268006730195e-15,5.001663006543612e-09,-1.1442268006730195e-15,5.1957525169864495e-09
4888,4.993704841434533e-09,-1.1391987693304317e-15,4.9937025630369945e-09,-1.1391987693304317e-15,5.1875264572932625e-09
4889,4.985856657156116e-09,-1.1341759561318061e-15,4.985854388804204e-09,-1.1341759561318061e-15,5.17932401823739e-09
4890,4.977853161669004e-09,-1.1291673458267202e-15,4.9778509033343125e-09,-1.1291673458267202e-15,5.171145153811006e-09
4891,4.969960904010959e-09,-1.1242110987061182e-15,4.9699586555887615e-09,-1.1242110987061182e-15,5.162989812045661e-09
4892,4.962180681741631e-09,-1.1192604603107273e-15,4.9621784432207104e-09,-1.1192604603107273e-15,5.154857898460523e-09
4893,4.9542459556999385e-09,-1.1143237419070815e-15,4.954243727052455e-09,-1.1143237419070815e-15,5.146749313638367e-09
4894,4.946421451770605e-09,-1.1094385544705495e-15,4.946419232893496e-09,-1.1094385544705495e-15,5.138663957928083e-09
4895,4.9387079194569514e-09,-1.1045589605260374e-15,4.938705710339031e-09,-1.1045589605260374e-15,5.130601731651412e-09
4896,4.9308413200441714e-09,-1.0997049138877844e-15,4.9308391206343434e-09,-1.0997049138877844e-15,5.122562535590311e-09
4897,4.92308340451539e-09,-1.0948581906040262e-15,4.923081214799009e-09,-1.0948581906040262e-15,5.114546271073592e-09
4898,4.9154358636531575e-09,-1.0900718966202014e-15,4.915433683509364e-09,-1.0900718966202014e-15,5.1065528399854165e-09
4899,4.90763635892177e-09,-1.0852877026191598e-15,4.907634188346364e-09,-1.0852877026191598e-15,5.098582144768758e-09
4900,4.900031511838746e-09,-1.0805240773679405e-15,4.900029350790591e-09,-1.0805240773679405e-15,5.0906340884229835e-09
4901,4.892276564898748e-09,-1.0757744059995628e-15,4.892274413349936e-09,-1.0757744059995628e-15,5.082708574500119e-09
4902,4.884628702671178e-09,-1.071074269142041e-15,4.88462656052264e-09,-1.071074269142041e-15,5.0748055071011876e-09
4903,4.8767768475611e-09,-1.0662217660831069e-15,4.8767747151175675e-09,-1.0662217660831069e-15,5.066599299811945e-09
4904,4.868709641391564e-09,-1.061351409946924e-15,4.8687075186887446e-09,-1.061351409946924e-15,5.0583463071857445e-09
4905,4.860746717491362e-09,-1.0565316241283698e-15,4.860744604428114e-09,-1.0565316241283698e-15,5.050113219269067e-09
4906,4.852888745816968e-09,-1.0517189384163338e-15,4.8528866423790915e-09,-1.0517189384163338e-15,5.041899920480904e-09
4907,4.844881606249056e-09,-1.0469207479381774e-15,4.84487951240756e-09,-1.0469207479381774e-15,5.033709887030257e-09
4908,4.836981612034726e-09,-1.0421718606018433e-15,4.836979527691004e-09,-1.0421718606018433e-15,5.025544000038818e-09
4909,4.829189867145607e-09,-1.0374300143155892e-15,4.829187792285578e-09,-1.0374300143155892e-15,5.017402248639389e-09
4910,4.821253185051502e-09,-1.03271380911156e-15,4.8212511196238836e-09,-1.03271380911156e-15,5.009284580668551e-09
4911,4.813422661470424e-09,-1.0280062253244238e-15,4.813420605457973e-09,-1.0280062253244238e-15,5.001190905000078e-09
4912,4.80569987291391e-09,-1.0233561527487097e-15,4.805697826201605e-09,-1.0233561527487097e-15,4.993121117911573e-09
4913,4.797833288175199e-09,-1.018710096643605e-15,4.797831250755006e-09,-1.018710096643605e-15,4.985075114606149e-09
4914,4.7901552427426615e-09,-1.0140847680567327e-15,4.790153214573125e-09,-1.0140847680567327e-15,4.977052790239524e-09
4915,4.782335177422444e-09,-1.0094743260821158e-15,4.782333158473792e-09,-1.0094743260821158e-15,4.969054040377815e-09
4916,4.774619676082793e-09,-1.0049113036271082e-15,4.774617666260186e-09,-1.0049113036271082e-15,4.961078761163883e-09
4917,4.767009040190639e-09,-1.0003548256402013e-15,4.767007039480988e-09,-1.0003548256402013e-15,4.953126849339832e-09
4918,4.759257139797566e-09,-9.958129260353188e-16,4.759255148171713e-09,-9.958129260353188e-16,4.945198202250901e-09
4919,4.751609085870536e-09,-9.913175270478817e-16,4.751607103235482e-09,-9.913175270478817e-16,4.937292717843871e-09
4920,4.74406549039762e-09,-9.868289561969863e-16,4.7440635167397075e-09,-9.868289561969863e-16,4.9294102946631315e-09
4921,4.736381291952215e-09,-9.823546677214915e-16,4.7363793272428795e-09,-9.823546677214915e-16,4.921550831846392e-09
4922,4.728799919495902e-09,-9.779261260985054e-16,4.72879796364365e-09,-9.779261260985054e-16,4.913714229120524e-09
4923,4.721321977461119e-09,-9.735043366572877e-16,4.721320030452446e-09,-9.735043366572877e-16,4.905900386797197e-09
4924,4.7133662489095765e-09,-9.689353020420532e-16,4.713364311038973e-09,-9.689353020420532e-16,4.897755605016e-09
4925,4.705443872435922e-09,-9.643805325015148e-16,4.705441943674858e-09,-9.643805325015148e-16,4.889561798666159e-09
4926,4.697621806002485e-09,-9.598345065570419e-16,4.697619886333472e-09,-9.598345065570419e-16,4.881388231371052e-09
4927,4.689659543714505e-09,-9.553139676950463e-16,4.6896576330865696e-09,-9.553139676950463e-16,4.873234784556032e-09
4928,4.681797215048431e-09,-9.50802769342489e-16,4.681795313442893e-09,-9.50802769342489e-16,4.8651051214831805e-09
4929,4.674038679065385e-09,-9.463454301301367e-16,4.674036786374524e-09,-9.463454301301367e-16,4.857000134752395e-09
4930,4.6661455529417614e-09,-9.418939872660723e-16,4.666143669153787e-09,-9.418939872660723e-16,4.848919809045186e-09
4931,4.658433440202331e-09,-9.374631471901728e-16,4.658431565276037e-09,-9.374631471901728e-16,4.840864087447302e-09
4932,4.650588506629158e-09,-9.330479870490138e-16,4.650586640533184e-09,-9.330479870490138e-16,4.832832873215087e-09
4933,4.642844901736955e-09,-9.286775938105719e-16,4.642843044381767e-09,-9.286775938105719e-16,4.824826057143904e-09
4934,4.6352028483077985e-09,-9.243150600750293e-16,4.6352009996776785e-09,-9.243150600750293e-16,4.816843529032482e-09
4935,4.627428738267175e-09,-9.19967888564607e-16,4.627426898331398e-09,-9.19967888564607e-16,4.808885178693214e-09
4936,4.619755213405644e-09,-9.156646027501692e-16,4.619753382076438e-09,-9.156646027501692e-16,4.800950896406205e-09
4937,4.612182780611753e-09,-9.113693917121914e-16,4.612180957872969e-09,-9.113693917121914e-16,4.793040573079554e-09
4938,4.604478940729331e-09,-9.070892344062422e-16,4.6044771265508624e-09,-9.070892344062422e-16,4.785154100270232e-09
4939,4.5968746577083575e-09,-9.028522266516794e-16,4.596872852003904e-09,-9.028522266516794e-16,4.777291370187296e-09
4940,4.589370431782528e-09,-8.986231887362573e-16,4.58936863453615e-09,-8.986231887362573e-16,4.769452275689444e-09
4941,4.5817360583297885e-09,-8.944180354027135e-16,4.581734269493718e-09,-8.944180354027135e-16,4.7616367102805455e-09
4942,4.574199802147785e-09,-8.902221170009231e-16,4.574198021703551e-09,-8.902221170009231e-16,4.7538445681050985e-09
4943,4.566762999789878e-09,-8.860759686532014e-16,4.566761227637941e-09,-8.860759686532014e-16,4.74607574394326e-09
4944,4.559197016050375e-09,-8.819357245932756e-16,4.559195252178926e-09,-8.819357245932756e-16,4.738330133206248e-09
4945,4.551803962527512e-09,-8.778145653375516e-16,4.551802206898381e-09,-8.778145653375516e-16,4.730607631931539e-09
4946,4.544283298615442e-09,-8.737082648225346e-16,4.544281551198913e-09,-8.737082648225346e-16,4.722908136778115e-09
4947,4.5365939970205e-09,-8.69524825733065e-16,4.536592257970849e-09,-8.69524825733065e-16,4.714954359224999e-09
4948,4.528949504017292e-09,-8.653270028235652e-16,4.5289477733632865e-09,-8.653270028235652e-16,4.706969024836809e-09
4949,4.521176664460707e-09,-8.611452806270323e-16,4.521174942170146e-09,-8.611452806270323e-16,4.6990048367067074e-09
4950,4.513498254409955e-09,-8.570053556844782e-16,4.513496540399244e-09,-8.570053556844782e-16,4.691061679074339e-09
4951,4.505915995062306e-09,-8.528740146682223e-16,4.505914289314277e-09,-8.528740146682223e-16,4.68314229878069e-09
4952,4.4982091282666984e-09,-8.487581317870747e-16,4.498207430750435e-09,-8.487581317870747e-16,4.675247326388654e-09
4953,4.490599134062206e-09,-8.446833355371133e-16,4.490597444695535e-09,-8.446833355371133e-16,4.667376720125109e-09
4954,4.483086472740176e-09,-8.406173104997701e-16,4.483084791505555e-09,-8.406173104997701e-16,4.6595304077781986e-09
4955,4.475450686785293e-09,-8.365666341468496e-16,4.475449013652024e-09,-8.365666341468496e-16,4.651708288141017e-09
4956,4.467910837574764e-09,-8.325563229365125e-16,4.467909172462118e-09,-8.325563229365125e-16,4.643910251252447e-09
4957,4.460467346082174e-09,-8.285546763663142e-16,4.460465688972822e-09,-8.285546763663142e-16,4.636136186648277e-09
4958,4.452901947133145e-09,-8.245763000770657e-16,4.452900297980544e-09,-8.245763000770657e-16,4.628385984081757e-09
4959,4.4453278050357e-09,-8.205631777207091e-16,4.445326163909345e-09,-8.205631777207091e-16,4.620551595472745e-09
4960,4.437729608809427e-09,-8.165452977010638e-16,4.437727975718831e-09,-8.165452977010638e-16,4.612615635306193e-09
4961,4.4300094465319124e-09,-8.125353386592711e-16,4.430007821461235e-09,-8.125353386592711e-16,4.604702155701631e-09
4962,4.422453673056594e-09,-8.085449024260352e-16,4.422452055966789e-09,-8.085449024260352e-16,4.596811038933377e-09
4963,4.414777891801575e-09,-8.045702707425128e-16,4.414776282661034e-09,-8.045702707425128e-16,4.588943261188431e-09
4964,4.4071957891843824e-09,-8.006349720469132e-16,4.407194187914438e-09,-8.006349720469132e-16,4.581100042625559e-09
4965,4.399708194547514e-09,-7.96708665285638e-16,4.399706601130184e-09,-7.96708665285638e-16,4.573281366879479e-09
4966,4.392103191456014e-09,-7.927979776086404e-16,4.392101605860058e-09,-7.927979776086404e-16,4.565487146139011e-09
4967,4.384591878194595e-09,-7.88925972706875e-16,4.38459030034265e-09,-7.88925972706875e-16,4.557717282224459e-09
4968,4.377174630658399e-09,-7.850630673180815e-16,4.377173060532265e-09,-7.850630673180815e-16,4.5499716634052785e-09
4969,4.369640624051357e-09,-7.812154872602241e-16,4.3696390616203825e-09,-7.812154872602241e-16,4.542250176859739e-09
4970,4.36219933203642e-09,-7.774058980675116e-16,4.362197777224624e-09,-7.774058980675116e-16,4.534552710134106e-09
4971,4.354851107946093e-09,-7.736052814191661e-16,4.35484956073553e-09,-7.736052814191661e-16,4.52687915129183e-09
4972,4.347290461583457e-09,-7.697870598038687e-16,4.3472889220093374e-09,-7.697870598038687e-16,4.5191282296134854e-09
4973,4.339686476476088e-09,-7.65923553559293e-16,4.3396849446289814e-09,-7.65923553559293e-16,4.511260248320665e-09
4974,4.332174065542196e-09,-7.621042760681744e-16,4.332172541333644e-09,-7.621042760681744e-16,4.503414899498327e-09
4975,4.324546041427522e-09,-7.582937301007325e-16,4.324544524840062e-09,-7.582937301007325e-16,4.49559206440287e-09
4976,4.31707660437449e-09,-7.545018699381611e-16,4.3170750953707505e-09,-7.545018699381611e-16,4.487792628458685e-09
4977,4.309494575420971e-09,-7.507257802419922e-16,4.309493073969411e-09,-7.507257802419922e-16,4.480017932506527e-09
4978,4.302003912289102e-09,-7.469868912091612e-16,4.30200241831532e-09,-7.469868912091612e-16,4.472267964827825e-09
4979,4.294604708950533e-09,-7.432573236537718e-16,4.294603222435886e-09,-7.432573236537718e-16,4.464542634810578e-09
4980,4.287094408353259e-09,-7.395433493231764e-16,4.28709292926656e-09,-7.395433493231764e-16,4.4568418425979104e-09
4981,4.279674781354518e-09,-7.358658267508468e-16,4.279673309622865e-09,-7.358658267508468e-16,4.4491654739033124e-09
4982,4.272346135809405e-09,-7.321977011756621e-16,4.272344671414003e-09,-7.321977011756621e-16,4.441513413266514e-09
4983,4.2649069984256914e-09,-7.28544869894367e-16,4.264905541335952e-09,-7.28544869894367e-16,4.433885545625749e-09
4984,4.257557558781518e-09,-7.249278363208853e-16,4.257556108925845e-09,-7.249278363208853e-16,4.42628175645726e-09
4985,4.250298115553478e-09,-7.213200450367744e-16,4.250296672913388e-09,-7.213200450367744e-16,4.418701931926191e-09
4986,4.242779119156253e-09,-7.176744336322541e-16,4.242777683807386e-09,-7.176744336322541e-16,4.4109890393458885e-09
4987,4.2352589626663506e-09,-7.140041513023093e-16,4.235257534658048e-09,-7.140041513023093e-16,4.4032063191754174e-09
4988,4.227827295632649e-09,-7.10375453657151e-16,4.2278258748817415e-09,-7.10375453657151e-16,4.395446268598499e-09
4989,4.220286175233701e-09,-7.067560141548608e-16,4.220284761721673e-09,-7.067560141548608e-16,4.387708767250713e-09
4990,4.2128978169979444e-09,-7.031546117371493e-16,4.212896410688721e-09,-7.031546117371493e-16,4.379995216991487e-09
4991,4.20540325108738e-09,-6.995689380381745e-16,4.2054018519495036e-09,-6.995689380381745e-16,4.372306501609738e-09
4992,4.1979971121749725e-09,-6.960183175355868e-16,4.1979957201383374e-09,-6.960183175355868e-16,4.36464257913726e-09
4993,4.190679451389078e-09,-6.924772712477e-16,4.190678066434536e-09,-6.924772712477e-16,4.357003356819908e-09
4994,4.183256781094151e-09,-6.889517426079105e-16,4.183255403190666e-09,-6.889517426079105e-16,4.349388727785687e-09
4995,4.175921841119706e-09,-6.854605448367856e-16,4.1759204701986164e-09,-6.854605448367856e-16,4.341798575232412e-09
4996,4.1686748801477444e-09,-6.819789611386469e-16,4.168673516189822e-09,-6.819789611386469e-16,4.334232781781044e-09
4997,4.161323488875324e-09,-6.785126050071763e-16,4.161322131850114e-09,-6.785126050071763e-16,4.326691230498037e-09
4998,4.15405886544632e-09,-6.750799427004437e-16,4.154057515286435e-09,-6.750799427004437e-16,4.319173805063554e-09
4999,4.146881251737317e-09,-6.716567403143426e-16,4.146879908423836e-09,-6.716567403143426e-16,4.31168038987798e-09
